Username,Produk,Review,Rating,ReviewAt
user_20115,Lampu Tidur,Sangat puas dengan pelayanan toko ini.,5,2023-09-04
user_394,Smartphone Android,Pengiriman sangat lama.,1,2024-06-24
habibibanawi,Powerbank 10000mAh,"Sesuai deskripsi, kualitas oke dan tahan lama.",5,2025-02-28
user_23985,Kursi Lipat,Worth it banget untuk harga segini.,4,2024-06-24
user_2089,Smartphone Android,Barang original dan berkualitas.,4,2023-01-22
yolandalutfan,Parfum Unisex,"Produk bagus, bahan adem dan sesuai gambar.",4,2025-02-09
user_22776,Celana Jeans,Sangat kecewa dengan produk ini.,1,2024-12-22
gsuwarno,Dompet Kulit,"Packing rapi banget, penjual ramah.",4,2024-11-29
user_12393,Kaos Polos,Penjual tidak merespon chat.,2,2024-01-30
user_4380,Kaos Polos,Penjual tidak merespon chat.,1,2024-10-20
user_19121,Meja Belajar,Barang original dan berkualitas.,5,2023-12-25
user_22703,Kursi Lipat,Rating tinggi tapi kualitas rendah.,2,2023-09-23
user_16455,Skincare Serum,Penjual sangat ramah dan fast respon.,5,2023-03-16
user_68,Powerbank,Barang rusak saat diterima.,1,2023-07-04
user_19548,Celana Jeans,Barang tidak berfungsi dengan baik.,1,2023-04-26
martinianusrahmat,Tas ransel Backpack urban factor - Vanguard | Tas laptop Pria wanita Kasual,"Desain:keren banget
Warna:Bagus
Ketebalan:sangat tebal

Barang udah nyampe cepat banget pakingan rapih barangnya juga bagus dan menarik tebal lagi",5,2025-03-19 00:22
user_6042,Flashdisk 64GB,Pengiriman sangat lama.,1,2023-03-12
user_5375,Mouse Wireless,Worth it banget untuk harga segini.,4,2023-05-03
user_14731,Buku Catatan,Barang original dan berkualitas.,4,2023-06-22
user_21661,Flashdisk 64GB,Packing asal-asalan.,2,2023-04-14
user_18267,Keyboard Mechanical,Sesuai dengan rating dan review yang saya baca.,4,2024-11-05
user_9513,Meja Belajar,Produk tidak sesuai gambar.,1,2024-09-29
user_22871,Flashdisk 64GB,Terlalu mahal untuk kualitas seperti ini.,1,2023-11-23
user_10390,Powerbank,Pengiriman sangat lama.,2,2024-03-14
user_18762,Powerbank,Sudah komplain tapi tidak ada solusi.,1,2023-06-03
ade15,Jam Tangan Digital,"Packing rapi banget, penjual ramah.",5,2025-02-11
user_4037,Buku Catatan,Produk kotor dan tidak layak pakai.,2,2024-07-25
bagas83,Kaos Oblong,"Sudah belanja beberapa kali, selalu puas.",4,2024-06-23
ssuwarno,Tumbler Stainless,Barang sampai dengan aman dan cepat.,5,2025-02-28
yosef09,Keyboard Mechanical,"Sudah belanja beberapa kali, selalu puas.",5,2025-03-23
user_21719,Rak Sepatu,Barang rusak saat diterima.,2,2024-10-31
utamahadi,Jam Tangan Digital,Barang sampai dengan aman dan cepat.,5,2025-06-10
user_5887,Powerbank,Pengiriman sangat lama.,1,2023-12-05
utamivinsen,Parfum Unisex,Barang sampai dengan aman dan cepat.,5,2025-03-20
lulutmaheswara,Kaos Oblong,"Produk bagus, bahan adem dan sesuai gambar.",4,2025-02-04
kariman79,Sepatu Sneakers,"Warnanya cantik dan tahan lama, puas banget!",4,2024-12-09
n92eu76hci,SKINTIFIC - 3X Acid Acne Gel Cleanser 120ml | Salicilyc Acid Facial Wash Cleanses Excess Sebum Face Wash Sabun Cuci Muka Acner Glowing Barrier Brightening Whitening Blackhead Removal Calming with 3X ACID Complex,Maskernya kurang 1 saya beli 2 kok datang nya cuma 1,1,2025-06-12 10:30
user_12732,Jam Tangan Digital,Produk tidak sesuai gambar.,1,2024-04-17
user_9554,Skincare Serum,Packing asal-asalan.,2,2024-07-28
user_1491,Headset Gaming,Barang rusak saat diterima.,2,2023-02-02
user_14106,Kemeja Pria,Ukuran tidak sesuai deskripsi.,1,2024-07-14
user_3979,Skincare Serum,Penjual tidak merespon chat.,2,2023-04-21
user_8027,Jam Tangan Digital,"Barang palsu, bukan original.",1,2024-04-06
angpri77,Bed Cover Set Pink Ara 90x200 - 200x200 - Evedaily,"Desain:menarik
Tekstur:halus
Kualitas:biasa

Lumayan dengan harga nya yang sesuai. Mungkin dakron nya kurang tebal dikit. Bahan nya halus. Nyaman buat tidur.",4,2025-05-18 07:25
user_5506,Flashdisk 64GB,Kualitas sangat buruk.,1,2023-11-26
user_18352,Tas Wanita,Terlalu mahal untuk kualitas seperti ini.,2,2023-05-04
user_23597,Mouse Wireless,"Pelayanan cepat, packing aman, produk oke!",5,2023-12-12
user_7703,Headset Gaming,Baru dipakai sebentar sudah rusak.,2,2024-07-13
l*****i,[PRE ORDER] Finally Found You! BUNDLE 2 PCS: Big Size Soy Bright! Moisturizer 80gr & SUN-RICE ALL DAY Invisible UV Shield SPF 50 PA++++ 50ml,Kemasan:dus agak penyok Baru pertama kali beli dan nanti dicoba,4,2025-06-12 18:07
lpalastri,Kemeja Polos,Produk original dan kualitasnya premium.,5,2024-08-23
dipo5758,BLACKMORES BIO D3 1000IU BPOM KALBE - 30 CAPS,"Kadaluarsa:10/01/2028
Keaslian:asli Blackmores
Manfaat Kesehatan:daya tahan tubuh

Pembelian kedua kalinya di toko ini, butuh vitamin untuk meningkatkan daya tahan tubuh, apalagi kasus COVID 19 meningkat lagi, banyak orang juga kena batuk dan pilek, buat menjaga daya tahan tubuh, beli ini saja.",5,2025-06-13 12:12
user_22149,Powerbank,Barang tidak berfungsi dengan baik.,1,2024-09-17
user_11200,Meja Belajar,Penjual sangat ramah dan fast respon.,4,2023-05-24
user_24291,Kaos Polos,Barang rusak saat diterima.,2,2024-10-05
banggriawan,Parfum Unisex,"Produk bagus, bahan adem dan sesuai gambar.",5,2024-10-30
user_24318,Parfum Wanita,Sudah komplain tapi tidak ada solusi.,1,2024-03-19
user_15035,Powerbank,Pengiriman sangat lama.,1,2024-12-11
user_2355,Makeup Set,Packing asal-asalan.,2,2024-11-08
user_11944,Sepatu Sneakers,Barang original dan berkualitas.,5,2023-03-18
user_5168,Sepatu Sneakers,Sudah komplain tapi tidak ada solusi.,2,2024-03-28
user_3660,Celana Jeans,Sangat kecewa dengan produk ini.,2,2023-04-25
purwantiasmadi,Sandals Pria,"Sesuai deskripsi, kualitas oke dan tahan lama.",5,2024-07-01
user_22483,Smartphone Android,Rating tinggi tapi kualitas rendah.,1,2023-03-01
user_23869,Smartphone Android,Barang tidak berfungsi dengan baik.,2,2024-03-16
wwulandari,Powerbank 10000mAh,"Packing rapi banget, penjual ramah.",5,2025-04-18
user_15653,Powerbank,"Beli karena review bagus, ternyata zonk.",1,2023-03-01
user_23577,Sepatu Sneakers,Tidak direkomendasikan sama sekali.,1,2024-06-20
user_3642,Makeup Set,Top banget! Bakal order lagi nanti.,5,2024-05-13
nalar84,Keyboard Mechanical,"Warnanya cantik dan tahan lama, puas banget!",4,2024-07-01
user_11950,Kemeja Pria,Terlalu mahal untuk kualitas seperti ini.,2,2024-05-28
user_23596,Meja Belajar,"Servis buruk, tidak profesional.",2,2024-07-16
dwinovitasari752,SKIN1004 Madagascar Centella Hyalu-Cica Blue Serum 50ml,bagus bangetttt di aku cocok,5,2025-06-11 18:41
user_5135,Kemeja Pria,"Barang palsu, bukan original.",1,2023-06-01
user_5036,Meja Belajar,Kualitas di atas ekspektasi saya!,4,2024-01-09
user_7321,Tas Wanita,Sangat kecewa dengan produk ini.,1,2024-11-06
radika14,Tas Ransel,"Produk bagus, bahan adem dan sesuai gambar.",4,2024-08-06
wahyunipuspa,Kaos Oblong,"Sudah belanja beberapa kali, selalu puas.",4,2024-09-16
user_16391,Kaos Polos,Produk tidak sesuai gambar.,1,2023-02-18
user_8196,Meja Belajar,Baru dipakai sebentar sudah rusak.,2,2024-02-23
user_22058,Buku Catatan,Sesuai dengan rating dan review yang saya baca.,4,2023-05-20
user_19380,Buku Catatan,Penjual sangat ramah dan fast respon.,4,2024-06-20
user_16314,Tas Wanita,Barang rusak saat diterima.,1,2023-02-10
user_19194,Meja Belajar,"Beli karena review bagus, ternyata zonk.",2,2024-09-01
hamima85,Jaket Hoodie,"Sudah belanja beberapa kali, selalu puas.",5,2025-05-22
user_6342,Skincare Serum,Packing rapi dan aman sampai tujuan.,5,2024-12-29
habibinova,Headset Bluetooth,"Packing rapi banget, penjual ramah.",4,2025-06-08
galurirawan,Keyboard Mechanical,"Sudah belanja beberapa kali, selalu puas.",5,2025-02-22
user_23859,Smartphone Android,Produk tidak sesuai gambar.,1,2023-08-24
user_5263,Makeup Set,Sudah komplain tapi tidak ada solusi.,2,2023-09-14
napitupulubahuwarna,Lipstik Matte,"Harga terjangkau, kualitas mantap!",5,2024-06-15
user_2152,Celana Jeans,Sesuai dengan rating dan review yang saya baca.,5,2023-10-27
user_17362,Sepatu Sneakers,Sangat direkomendasikan untuk semua orang.,5,2024-01-09
umiuyainah,Jam Tangan Digital,"Produk bagus, bahan adem dan sesuai gambar.",5,2024-11-15
user_18563,Powerbank,Sangat puas dengan pelayanan toko ini.,5,2024-09-27
user_21289,Rak Sepatu,Worth it banget untuk harga segini.,4,2024-10-18
user_13910,Mouse Wireless,Terlalu mahal untuk kualitas seperti ini.,1,2023-11-03
user_14661,Rak Sepatu,Warna tidak sesuai pesanan.,2,2024-10-01
user_22920,Jam Tangan Digital,Sudah komplain tapi tidak ada solusi.,1,2023-02-13
user_10257,Kaos Polos,Penjual sangat ramah dan fast respon.,5,2023-04-30
novi89890,SKINTIFIC - Perfect Stay Velvet Matte Cushion - Refill 11ml,Gak bagusss dempul,1,2025-06-10 15:45
user_1966,Kaos Polos,Baru dipakai sebentar sudah rusak.,1,2023-10-22
bakimanmardhiyah,Headset Bluetooth,"Packing rapi banget, penjual ramah.",5,2025-03-19
user_20478,Mouse Wireless,Barang original dan berkualitas.,5,2023-04-12
user_8304,Jam Tangan Digital,Sudah komplain tapi tidak ada solusi.,1,2023-11-23
user_15312,Buku Catatan,Produk kotor dan tidak layak pakai.,1,2023-05-22
user_16699,Tas Wanita,Warna tidak sesuai pesanan.,2,2024-12-15
user_21703,Celana Jeans,Barang rusak saat diterima.,2,2023-11-24
user_5080,Kemeja Pria,"Servis buruk, tidak profesional.",2,2023-04-19
a*****h,"Gosh Paperbag 005 (TIDAK DIJUAL PPBG AJA, ORDER HARUS SESUAI QUANTITY PEMBELIAN PRODUK)","Bagus, pengiriman dan pengemasannya baik barang jadi aman terlindungi, pokoknya ok",5,2025-06-13 13:50
user_24614,Makeup Set,Penjual sangat ramah dan fast respon.,5,2023-01-01
user_21286,Celana Jeans,Barang original dan berkualitas.,4,2024-12-12
m*****_,Finally Found You! BUNDLE BASIC SKINCARE: Soy Gentle Face Cleanser + HYDRICEING & BRIGHTENING Essence Booster + Soy Bright Moisturizer & SUN-RICE ALL DAY Invisible UV Shield,"akhirnya yg dtunggu dtng, semoga cocok",5,2025-06-12 20:12
fennysulisatysomari,BOSTANTEN Set Kombinasi Dompet PU Dan Sabuk Kulit Sapi Pria 125cm Dapat Dilepas dan Dipotong Pendek,"Desain:menarik
Warna:sesuai gambar
Kualitas:bagus memuaskan",5,2025-06-13 16:55
user_14068,Smartphone Android,Baru dipakai sebentar sudah rusak.,1,2023-04-01
user_17008,Sepatu Sneakers,Produk kotor dan tidak layak pakai.,1,2024-02-06
kwulandari,Powerbank 10000mAh,"Packing rapi banget, penjual ramah.",5,2024-06-26
hhidayanto,Dompet Kulit,"Respon penjual cepat, barang dikirim hari itu juga.",4,2025-04-27
user_23810,Kemeja Pria,Warna dan bentuk persis seperti di gambar.,5,2023-11-07
user_24907,Kemeja Pria,"Servis buruk, tidak profesional.",1,2024-11-15
prastutinovi,Headset Bluetooth,"Pengiriman cepat, packing rapi. Recommended!",5,2025-04-27
user_9287,Tas Wanita,Packing rapi dan aman sampai tujuan.,5,2024-05-04
a*****a,Tebus Murah Sarung Bantal / Sarung Guling / Tidak Bisa Pilih  Motif / Random / Acak,"Seller responsif dan amanah.
Packing aman pakai bublewarp. Barang aman sampai rumah.
Barang original.Expired masih lama.
Pengiriman standart.
Kurir sudah langganan.",5,2025-05-30 07:57
user_10014,Celana Jeans,Harga terjangkau dengan kualitas oke.,5,2024-04-20
psirait,Headset Bluetooth,"Harga terjangkau, kualitas mantap!",5,2024-12-18
iiyurent96,SKINTIFIC - Perfect Stay Velvet Matte Cushion | Foundation Compact Oil-Control Waterproof Sweatproof Matte Finish Non-Comedogenic Poreless Blue Cushion Foundation Flawless BB&CC Cream Makeup High-Coverage Bedak Skin Tint,Pesanan tidak sesuai,2,2025-06-10 08:48
jasmaniwastuti,Lipstik Matte,"Warnanya cantik dan tahan lama, puas banget!",5,2024-07-10
user_13356,Meja Belajar,Kualitas sangat buruk.,1,2023-02-04
user_1520,Mouse Wireless,Rating tinggi tapi kualitas rendah.,2,2024-09-21
deviayuresia,SKINTIFlC Sensitive Soothe Cleanser 120ml | Dry Skin Facial Wash Cleanser Sabun Cuci Muka Sensitive Mild Gentle Cleanser Anti-Aging & Acne-prone Cleanser Glowing Brightening Calming Moisturized Dark Spot cleanser with light semi-gel texture,"Barang nya gak ada didalam pakingan, jadi gak bisa difoto, kecewa sih, pikir positif aja mungkin lupa masukinnya, semoga berkah ya",1,2025-06-12 07:07
user_12930,Kursi Lipat,Baru dipakai sebentar sudah rusak.,2,2023-09-24
ninasafiraas,HijabChic Eraya Lilac Ash Top - Baju Lebaran Sarimbit Motif Bunga Katun Premium Ruffle Depan Elegan,"Desain:pastel
Bahan:halus, adem

agak kegedean, karna model baju yg memang sudah kaya oversize gitu",5,2025-03-25 19:40
wijayantirizki,Sepatu Sneakers,"Pengiriman cepat, packing rapi. Recommended!",5,2025-05-15
user_6744,Lampu Tidur,Produk kotor dan tidak layak pakai.,1,2023-08-26
lilyrodiah,[ ! TERBATAS ! ] SKINTIFIC - Facial Serum BIG SIZE Essence Wajah - 5X Ceramide Barrier Serum 50ml / SymWhite 377 Dark Spot Brightening Serum / niacinamide Brightening serum / Salicylic Acid Anti Acne Serum,Barangnya yang dateng sudah oksidasi,1,2025-05-23 19:30
user_877,Mouse Wireless,Packing asal-asalan.,1,2023-04-13
kalanasyiah,Keyboard Mechanical,"Packing rapi banget, penjual ramah.",5,2025-02-13
user_13315,Buku Catatan,Barang original dan berkualitas.,5,2023-05-27
isihombing,Celana Jeans,"Packing rapi banget, penjual ramah.",5,2024-10-11
user_19380,Headset Gaming,Sangat puas dengan pelayanan toko ini.,5,2024-12-11
user_4217,Kemeja Pria,"Beli karena review bagus, ternyata zonk.",2,2023-12-17
user_5813,Celana Jeans,Sangat direkomendasikan untuk semua orang.,4,2024-11-27
user_19344,Buku Catatan,Top banget! Bakal order lagi nanti.,4,2024-06-30
rahimahparman,Jam Tangan Digital,"Sudah belanja beberapa kali, selalu puas.",5,2024-12-22
user_22739,Headset Gaming,Pengiriman sangat lama.,2,2024-09-21
saragihreksa,Kemeja Polos,"Sesuai deskripsi, kualitas oke dan tahan lama.",5,2024-12-14
citranainggolan,Keyboard Mechanical,"Sesuai deskripsi, kualitas oke dan tahan lama.",5,2024-11-23
user_23860,Celana Jeans,Penjual tidak merespon chat.,2,2023-03-11
user_7867,Kaos Polos,"Beli karena review bagus, ternyata zonk.",1,2024-11-27
siraitolivia,Kaos Oblong,"Warnanya cantik dan tahan lama, puas banget!",4,2025-03-20
user_10132,Tas Wanita,Ukuran tidak sesuai deskripsi.,1,2023-01-05
intanjolie,WARDAH Colorfit Last All Day Lip Paint 4 gr - Tahan Lama Hingga 12 Jam - Transferproof dengan One Swipe Coverage - Warna Intense - Makeup,Warna nya cakep,5,2025-06-13 10:20
user_12958,Smartphone Android,"Barang palsu, bukan original.",1,2023-05-10
user_22978,Lampu Tidur,Tidak direkomendasikan sama sekali.,2,2024-03-18
user_213,Lampu Tidur,Tidak direkomendasikan sama sekali.,1,2023-12-08
user_581,Skincare Serum,Rating tinggi tapi kualitas rendah.,1,2023-07-08
user_11905,Flashdisk 64GB,"Beli karena review bagus, ternyata zonk.",1,2023-04-20
user_15436,Kemeja Pria,Worth it banget untuk harga segini.,4,2023-11-10
h*****a,SKIN1004 Madagascar Centella Air-Fit Suncream Plus (Renewal) 50ml,LITERALLY KAYAKKKKKK MENCEGAH BELANG BGT ASLI SUKA NO BELANG BELANG CLUB,5,2025-06-11 17:06
dartono67,Jaket Hoodie,"Warnanya cantik dan tahan lama, puas banget!",5,2024-08-17
user_10088,Lampu Tidur,Barang rusak saat diterima.,1,2024-08-13
user_13032,Headset Gaming,Kualitas sangat buruk.,2,2023-07-25
candrakanta94,Mouse Wireless,"Warnanya cantik dan tahan lama, puas banget!",5,2025-03-09
i*****n,HijabChic Lucie Creme Pink Top - Baju Lebaran Motif Bunga Cantik Satin Premium Tali Kerah Busui,Bagus baju nya adem cuma tipis,4,2025-03-23 19:57
user_23158,Kemeja Pria,Pengiriman cepat dan aman.,4,2024-02-25
user_18160,Parfum Wanita,Pengiriman sangat lama.,2,2023-05-27
cindyharyanti,Sandals Pria,"Produk bagus, bahan adem dan sesuai gambar.",4,2025-04-24
user_15110,Celana Jeans,"Barang palsu, bukan original.",1,2024-11-24
user_11415,Mouse Wireless,"Servis buruk, tidak profesional.",2,2023-01-20
user_7813,Smartphone Android,Kualitas sangat buruk.,1,2024-12-23
user_10017,Powerbank,Top banget! Bakal order lagi nanti.,5,2023-03-07
user_20556,Keyboard Mechanical,Kualitas sangat buruk.,2,2024-06-27
user_7315,Meja Belajar,Packing asal-asalan.,1,2024-06-06
user_15622,Parfum Wanita,"Barang cacat, sangat mengecewakan.",2,2024-07-25
user_22963,Headset Gaming,Kualitas sangat buruk.,2,2024-07-19
user_13559,Kaos Polos,Rating tinggi tapi kualitas rendah.,1,2023-03-21
makarasihotang,Headset Bluetooth,"Produk bagus, bahan adem dan sesuai gambar.",5,2025-04-02
user_13033,Sepatu Sneakers,Pengiriman cepat dan aman.,5,2024-10-19
kasim03,Lipstik Matte,Produk original dan kualitasnya premium.,5,2024-10-15
dirja21,Kemeja Polos,"Packing rapi banget, penjual ramah.",4,2024-06-24
user_9734,Mouse Wireless,Barang rusak saat diterima.,1,2023-10-03
a*****1,SKINTIFIC - Perfect Stay Velvet Matte Cushion | Foundation Compact Oil-Control Waterproof Sweatproof Matte Finish Poreless Blue Cushion Foundation Flawless BB&CC Cream Makeup High-Coverage Bedak Skin Tint,Kalau ada bintang 0 kukasih bintang 0 ni seller nya,1,2025-06-10 21:46
user_22296,Kursi Lipat,"Barang cacat, sangat mengecewakan.",1,2024-03-24
user_22440,Kursi Lipat,"Beli karena review bagus, ternyata zonk.",2,2023-06-15
user_16435,Kursi Lipat,Sangat kecewa dengan produk ini.,1,2024-05-10
ida26,Keyboard Mechanical,"Harga terjangkau, kualitas mantap!",5,2025-01-21
user_11682,Rak Sepatu,Barang tidak berfungsi dengan baik.,2,2024-09-28
user_850,Jam Tangan Digital,Harga terjangkau dengan kualitas oke.,4,2024-11-22
user_22637,Mouse Wireless,Produk kotor dan tidak layak pakai.,2,2023-03-18
user_14552,Meja Belajar,Kualitas sangat buruk.,1,2023-09-09
n92eu76hci,SKINTIFIC - Mugwort Acne Clay Stick + Alaska Clay Stick | Clay Stick Combo Masker Wajah Komedo Acner Eksfoliasi Wajah Glowing Kecantikan Skincare Niacinamide Salicylic Acid Ceramide Centella Glycolic Acid Probiotic Complex,Mugwort nya KK cuma 1 padahal saya beli 2,1,2025-06-12 10:30
user_13566,Skincare Serum,"Puas banget, terima kasih seller!",5,2024-02-15
ihabibi,Tumbler Stainless,"Pengiriman cepat, packing rapi. Recommended!",4,2024-07-01
hasnawasita,Tumbler Stainless,"Respon penjual cepat, barang dikirim hari itu juga.",5,2024-08-01
nrahayu,Parfum Unisex,"Warnanya cantik dan tahan lama, puas banget!",5,2024-10-12
user_19725,Rak Sepatu,Kualitas sangat buruk.,1,2024-04-18
user_9989,Kaos Polos,Produk tidak sesuai gambar.,2,2023-10-20
user_13188,Rak Sepatu,Sangat puas dengan pelayanan toko ini.,5,2023-09-17
user_20155,Rak Sepatu,Baru dipakai sebentar sudah rusak.,1,2024-09-19
user_7854,Meja Belajar,Barang datang lebih cepat dari perkiraan.,5,2024-01-22
user_7416,Mouse Wireless,"Servis buruk, tidak profesional.",1,2024-07-06
sihotangintan,Tas Ransel,"Packing rapi banget, penjual ramah.",4,2024-12-12
87l_2ums_o,Sendok Centong Nasi Dengan Tutup Otomatis / Dispenser Spice Rice Spoon with Cover,"Lain yg dipesan,  lain yg dikirim saya kecewa sekali",1,2025-06-04 18:21
evi.nonik05,Flatshoes Fioni Winnie Payless,"Styling:keren
Kenyamanan:belum dicoba dengan jalan lama sehh semoga ga lecet
Kualitas:ok elegan",5,2024-07-03 16:39
user_18123,Kemeja Pria,Penjual sangat ramah dan fast respon.,4,2023-10-21
mhariyah,Jaket Hoodie,"Sudah belanja beberapa kali, selalu puas.",5,2025-01-27
user_19267,Buku Catatan,Sangat kecewa dengan produk ini.,1,2023-09-04
nababanamalia,Dompet Kulit,"Sudah belanja beberapa kali, selalu puas.",4,2025-05-13
hananurdiyanti,Parfum Unisex,Produk original dan kualitasnya premium.,5,2025-04-17
user_20172,Keyboard Mechanical,Sangat kecewa dengan produk ini.,2,2024-10-19
riyantiharsanto,Keyboard Mechanical,"Respon penjual cepat, barang dikirim hari itu juga.",4,2024-09-14
user_5176,Smartphone Android,Rating tinggi tapi kualitas rendah.,2,2023-04-05
user_24743,Lampu Tidur,"Barang cacat, sangat mengecewakan.",2,2023-03-03
irawanemas,Kemeja Polos,"Warnanya cantik dan tahan lama, puas banget!",5,2024-07-24
user_2827,Makeup Set,Ukuran tidak sesuai deskripsi.,1,2023-06-12
user_20858,Powerbank,Barang original dan berkualitas.,4,2023-12-24
user_7495,Kursi Lipat,Produk kotor dan tidak layak pakai.,1,2023-07-17
user_10996,Kemeja Pria,Barang tidak berfungsi dengan baik.,2,2023-03-23
rahmanirawan,Tumbler Stainless,"Packing rapi banget, penjual ramah.",4,2024-12-11
user_16302,Rak Sepatu,Tidak direkomendasikan sama sekali.,1,2023-06-11
user_17026,Skincare Serum,Ukuran tidak sesuai deskripsi.,1,2023-06-11
s*****d,Gosh Lunaria 420 Sling Bag,"Desain:simple
Kualitas:seperti gosh pada umumnya
Keaslian:ori

Bagus desainnya simple gak gonjreng kayak yg lainnya, tapi untuk kualitas kulitnya biasa aja ya, sama kayak tas gosh pada umumnya yg gampang kelupas",5,2025-06-02 23:17
hasanahwulan,Sandals Pria,"Sesuai deskripsi, kualitas oke dan tahan lama.",5,2025-04-13
tugiman56,Jam Tangan Digital,"Warnanya cantik dan tahan lama, puas banget!",5,2024-07-28
hafshah57,Headset Bluetooth,"Produk bagus, bahan adem dan sesuai gambar.",5,2025-04-17
fpadmasari,Lipstik Matte,"Sesuai deskripsi, kualitas oke dan tahan lama.",5,2024-11-08
user_2443,Skincare Serum,Sudah komplain tapi tidak ada solusi.,2,2024-04-09
user_15920,Lampu Tidur,Packing asal-asalan.,2,2024-03-26
user_13666,Rak Sepatu,Sesuai dengan rating dan review yang saya baca.,4,2023-01-30
wahyu64,Lipstik Matte,"Warnanya cantik dan tahan lama, puas banget!",5,2025-05-01
marsito49,Tumbler Stainless,"Sudah belanja beberapa kali, selalu puas.",4,2024-08-25
user_4318,Parfum Wanita,Pengiriman sangat lama.,1,2023-10-01
user_8016,Kaos Polos,"Barang cacat, sangat mengecewakan.",2,2024-08-22
user_17767,Kursi Lipat,Packing asal-asalan.,2,2024-01-24
user_8761,Kursi Lipat,Packing rapi dan aman sampai tujuan.,4,2024-08-28
user_19481,Headset Gaming,Barang rusak saat diterima.,2,2024-01-08
kkuswoyo,Powerbank 10000mAh,Barang sampai dengan aman dan cepat.,4,2024-07-01
user_1261,Smartphone Android,Sesuai dengan rating dan review yang saya baca.,4,2024-01-29
user_15226,Jam Tangan Digital,"Barang palsu, bukan original.",1,2024-12-09
user_4281,Meja Belajar,Sangat direkomendasikan untuk semua orang.,4,2024-08-03
user_7536,Keyboard Mechanical,"Barang palsu, bukan original.",2,2023-02-28
s*****2,Pengait Resleting Zipper Universal Tas Celana Zip Jaket Cantelan Ritsleting Gantungan Kepala Penarik Sleting Locker Fastener - ox,Tadinya mau dipake buat jaket ternyata resleting jaketnya udh ngga ada jadi dipake buat tas aĵalah😅,5,2025-05-27 16:49
user_13216,Kursi Lipat,Worth it banget untuk harga segini.,4,2023-07-21
user_22786,Powerbank,Top banget! Bakal order lagi nanti.,4,2024-11-30
wzulaika,Jam Tangan Digital,Barang sampai dengan aman dan cepat.,4,2024-12-23
user_8982,Sepatu Sneakers,Baru dipakai sebentar sudah rusak.,1,2024-11-03
user_4800,Smartphone Android,Sangat direkomendasikan untuk semua orang.,4,2023-09-22
user_18342,Celana Jeans,"Beli karena review bagus, ternyata zonk.",1,2023-09-26
user_8725,Skincare Serum,Baru dipakai sebentar sudah rusak.,2,2024-07-06
user_15046,Celana Jeans,Sesuai dengan rating dan review yang saya baca.,4,2023-04-16
user_3034,Mouse Wireless,Warna tidak sesuai pesanan.,1,2023-06-01
dadap86,Sandals Pria,"Warnanya cantik dan tahan lama, puas banget!",4,2025-06-05
ipermata,Jam Tangan Digital,"Pengiriman cepat, packing rapi. Recommended!",5,2024-06-27
nurdiyantivivi,Powerbank 10000mAh,Produk original dan kualitasnya premium.,5,2025-02-05
user_12028,Celana Jeans,Sudah komplain tapi tidak ada solusi.,1,2024-09-17
user_10280,Mouse Wireless,"Barang palsu, bukan original.",1,2024-01-18
user_17434,Jam Tangan Digital,Sangat kecewa dengan produk ini.,1,2023-12-13
dpranowo,Kaos Oblong,"Packing rapi banget, penjual ramah.",5,2025-02-03
user_17984,Lampu Tidur,Produk tidak sesuai gambar.,2,2023-12-27
user_5798,Parfum Wanita,"Puas banget, terima kasih seller!",5,2023-12-07
qtampubolon,Jaket Hoodie,"Respon penjual cepat, barang dikirim hari itu juga.",5,2025-04-05
user_23652,Tas Wanita,Pengiriman sangat lama.,2,2023-07-08
user_4375,Sepatu Sneakers,Barang datang lebih cepat dari perkiraan.,4,2023-11-10
user_7655,Meja Belajar,Barang datang lebih cepat dari perkiraan.,4,2023-03-22
user_565,Meja Belajar,Rating tinggi tapi kualitas rendah.,2,2024-11-17
fifiiiii13,"Gosh Paperbag 005 (TIDAK DIJUAL PPBG AJA, ORDER HARUS SESUAI QUANTITY PEMBELIAN PRODUK)","Desain:GA DIKIRIM PAPERBAGNYA
Ukuran:GA DIKIRIM PAPERBAGNYA
Keaslian:GA DIKIRIM PAPERBAGNYA",1,2025-06-13 01:22
a*****3,Gosh Kalmia 400 Clutch,"tasnya lucuu
workh itu di pakai sehari hari
buat penyimpanan handpone",5,2025-06-12 22:49
user_6500,Buku Catatan,Terlalu mahal untuk kualitas seperti ini.,1,2023-03-08
asalahudin,Headset Bluetooth,"Packing rapi banget, penjual ramah.",4,2024-08-26
user_8385,Flashdisk 64GB,Tidak direkomendasikan sama sekali.,2,2023-10-26
user_22317,Keyboard Mechanical,Produk kotor dan tidak layak pakai.,2,2024-05-12
nurul75,Tumbler Stainless,"Harga terjangkau, kualitas mantap!",4,2024-06-19
user_17870,Makeup Set,Sangat kecewa dengan produk ini.,1,2024-07-04
user_4548,Headset Gaming,Harga terjangkau dengan kualitas oke.,5,2023-11-18
gantar06,Jam Tangan Digital,Barang sampai dengan aman dan cepat.,5,2025-02-17
user_13060,Kaos Polos,Barang tidak berfungsi dengan baik.,2,2023-08-03
user_9940,Powerbank,Penjual tidak merespon chat.,2,2023-02-09
user_24688,Lampu Tidur,Sudah komplain tapi tidak ada solusi.,2,2023-12-13
user_10120,Jam Tangan Digital,Baru dipakai sebentar sudah rusak.,2,2023-01-05
user_10156,Flashdisk 64GB,Sudah komplain tapi tidak ada solusi.,2,2024-11-03
jnarpati,Kaos Oblong,"Harga terjangkau, kualitas mantap!",5,2024-11-09
joniwulan7,HANDSOME Lem Korea Altico Super Instan Glue Perekat CYANOACRYLATE 3gr,"Desain:gak sesuai

Kalau barang habis gak usa dijual,asal kirim barang aja",1,2025-06-11 10:22
user_21449,Sepatu Sneakers,Penjual sangat ramah dan fast respon.,4,2024-07-13
user_3071,Headset Gaming,Barang rusak saat diterima.,2,2024-12-13
user_3685,Skincare Serum,Sesuai dengan rating dan review yang saya baca.,4,2023-03-10
user_8709,Headset Gaming,Sangat kecewa dengan produk ini.,1,2023-11-01
user_3054,Celana Jeans,Tidak direkomendasikan sama sekali.,2,2023-03-29
user_19659,Tas Wanita,"Servis buruk, tidak profesional.",1,2023-05-19
user_10242,Tas Wanita,Rating tinggi tapi kualitas rendah.,1,2024-02-28
indahkurniawati1982,HijabChic Zelda Scarf - Kerudung Paris Premium Polos Segi Empat Tegak Eyelash Emblem,"Kenyamanan:nyaman,halus
Kualitas:bagus
Desain:warnanya bagus jd kelihatan bersih dan soft di wajah.

Saran aja mending gak usah pakai box aja krn gak kepake dan cuma berakhir di tempat sampah.
Lumayan bisa mengurangi hrg klo gak pakai box.
Klo yg menghendaki pakai box mending di jual terpisah.
Mending seperti kemasan Nura scarf yg dulu..simpel,irit,dan gak buang² material kertas.",5,2025-04-07 15:35
user_9804,Kaos Polos,Baru dipakai sebentar sudah rusak.,2,2023-10-06
user_14648,Tas Wanita,"Beli karena review bagus, ternyata zonk.",2,2023-05-01
bwinarno,Kaos Oblong,"Packing rapi banget, penjual ramah.",5,2024-08-06
user_24878,Tas Wanita,Ukuran pas dan sesuai pesanan.,5,2024-09-28
yiyi_collection,Gosh Lunaria 357 Sling Bag,"Styling:casual, formal

Tas sesuai..semoga awet..modelnya bagus beli pas harganya turun😊",5,2025-06-04 20:57
user_8731,Skincare Serum,"Barang cacat, sangat mengecewakan.",2,2023-06-10
user_15984,Headset Gaming,"Mantap, gak nyesel beli di sini.",4,2023-02-19
user_18734,Makeup Set,Harga terjangkau dengan kualitas oke.,4,2023-07-28
rahmi99,Powerbank 10000mAh,"Produk bagus, bahan adem dan sesuai gambar.",4,2025-06-09
aryanimahmud,Lipstik Matte,"Sesuai deskripsi, kualitas oke dan tahan lama.",4,2024-12-14
user_12710,Headset Gaming,"Barang palsu, bukan original.",2,2023-01-21
wirdanuraini,Dompet Kulit,"Pengiriman cepat, packing rapi. Recommended!",5,2025-02-02
user_11776,Jam Tangan Digital,Warna tidak sesuai pesanan.,2,2024-04-18
user_5166,Kursi Lipat,Suka banget sama produk ini.,4,2024-02-03
user_11969,Makeup Set,Suka banget sama produk ini.,4,2024-02-13
s*****a,SKIN1004 Madagascar Centella Tea-Trica Spot Cover Patch 22ea,"Tekstur:halus
Kadaluarsa:lama
Keaslian:asli

Bagus bangettt jujurr dan ternyata ada beberapa size juga ya jd bisa disesuaikan",5,2025-06-11 18:21
user_6306,Sepatu Sneakers,Sudah beli berkali-kali di sini dan selalu puas.,4,2024-10-05
ekusmawati,Sandals Pria,"Sesuai deskripsi, kualitas oke dan tahan lama.",5,2024-06-16
user_10711,Smartphone Android,"Mantap, gak nyesel beli di sini.",4,2024-07-19
laksmiwatieka,Kaos Oblong,"Respon penjual cepat, barang dikirim hari itu juga.",5,2024-10-07
user_24695,Kemeja Pria,Sesuai dengan rating dan review yang saya baca.,5,2024-01-02
user_23465,Sepatu Sneakers,Packing asal-asalan.,1,2024-01-28
user_24463,Tas Wanita,Kualitas sangat buruk.,1,2024-09-20
igunawan,Jam Tangan Digital,"Produk bagus, bahan adem dan sesuai gambar.",5,2025-04-16
tittiiabu,Gosh Avellina 488 Sandal Flat,"Kenyamanan:sendalnya lucu hanya saja lumayan sakit depannya soalnya agak keras

Mudah2 han kalau di pake sering2 gak sakit lagi",5,2025-06-14 20:05
user_15677,Celana Jeans,"Servis buruk, tidak profesional.",2,2024-04-25
alifyasyaputra,Dompet Shopie Martin Wanita Lipat Hitam W2019B2,"Desain:bagis
Kapasitas:ternyata gede kirain kecil tp gpp bagus
Warna:hitam",5,2025-05-31 06:16
isirait,Jaket Hoodie,"Respon penjual cepat, barang dikirim hari itu juga.",5,2024-06-24
user_14647,Kursi Lipat,Terlalu mahal untuk kualitas seperti ini.,2,2023-01-09
jabalnasyidah,Parfum Unisex,"Packing rapi banget, penjual ramah.",4,2025-03-21
user_17014,Keyboard Mechanical,Warna tidak sesuai pesanan.,2,2024-06-30
user_19758,Buku Catatan,Ukuran tidak sesuai deskripsi.,1,2024-09-07
user_12704,Headset Gaming,Ukuran tidak sesuai deskripsi.,2,2023-08-25
dagel82,Headset Bluetooth,puas packing aman wangi warna cantik rapi wangi,5,2025-03-04
user_6861,Rak Sepatu,Harga terjangkau dengan kualitas oke.,5,2023-06-23
user_14163,Celana Jeans,Produk tidak sesuai gambar.,2,2023-08-22
winarnosalsabila,Sandals Pria,"Warnanya cantik dan tahan lama, puas banget!",4,2024-09-26
gpucdid0wy,[BEST SELLING] BNB barenbliss High To Volume Mascara Long Lasting Waterproof Smudgeproof Maskara dengan Vitamin E 24 Jam Panjang & Lentik Tanpa Gumpal,"Ada perbedaan dengan yg kupunya,, diatas tutupnya yg aku beli supermarket tidak ada ukiran sdng kan yg aku beli disni dshope ada ukiran bnb,, 
Gak tau mana yg asli tpi yg udah aku pnya sih bgus maskaranya tudak mdh luntur kena air",4,2025-06-14 20:19
ingridleony88,"Judydoll Hypersharp Slim Liquid Eyeliner (Eyeliner Tipis dan Kokoh, Hasil Smooth Clean dan Precise, Tahan Lama 8 Jam, Eyeliner Waterproof dan Smudgeproof)","Kemudahan Penggunaan:sangat mudah
Pigmentasi:hitam
Desain:modern",5,2025-06-13 11:27
wulandarikayla,Tas Ransel,"Sesuai deskripsi, kualitas oke dan tahan lama.",5,2024-10-25
fifiiiii13,Gosh Amaryllis 305 Hand Bag,"Desain:GA DIKIRIM PAPERBAGNYA
Kualitas:GA DIKIRIM PAPERBAGNYA
Kapasitas:GA DIKIRIM PAPERBAGNYA",1,2025-06-13 01:22
user_23680,Celana Jeans,Sangat kecewa dengan produk ini.,1,2024-02-29
violet45,Celana Jeans,"Produk bagus, bahan adem dan sesuai gambar.",5,2025-05-25
user_9308,Jam Tangan Digital,Sangat direkomendasikan untuk semua orang.,5,2024-01-30
user_15287,Mouse Wireless,Produk sangat bagus dan sesuai deskripsi!,5,2024-10-25
binaani_parfume,Gosh Lunaria 450 Sling Bag,"Desain:mantan

Standart, Barang Original",5,2025-06-12 20:57
anggrainicemeti,Sepatu Sneakers,"Pengiriman cepat, packing rapi. Recommended!",4,2024-11-14
user_21220,Mouse Wireless,"Barang cacat, sangat mengecewakan.",2,2024-06-02
user_5899,Jam Tangan Digital,Sangat direkomendasikan untuk semua orang.,4,2024-03-29
user_13413,Rak Sepatu,Worth it banget untuk harga segini.,5,2023-08-06
user_20410,Flashdisk 64GB,Packing asal-asalan.,2,2024-09-12
user_19443,Celana Jeans,"Mantap, gak nyesel beli di sini.",5,2023-11-23
user_18570,Rak Sepatu,"Barang cacat, sangat mengecewakan.",1,2024-02-04
iiyurent96,SKINTIFIC - Perfect Stay Velvet Matte Cushion | Foundation Compact Oil-Control Waterproof Sweatproof Matte Finish Non-Comedogenic Poreless Blue Cushion Foundation Flawless BB&CC Cream Makeup High-Coverage Bedak Skin Tint,Pesanan tidak sesuai,2,2025-06-10 08:48
user_10760,Keyboard Mechanical,Packing asal-asalan.,2,2023-08-24
user_10450,Makeup Set,"Barang palsu, bukan original.",1,2023-03-11
user_19986,Headset Gaming,"Pelayanan cepat, packing aman, produk oke!",4,2024-12-15
anitapermatasari98,SKINTIFIC - Perfect Stay Velvet Matte Cushion | Foundation Compact Oil-Control Waterproof Sweatproof Matte Finish Non-Comedogenic Poreless Blue Cushion Foundation Flawless BB&CC Cream Makeup High-Coverage Bedak Skin Tint,Kapok beli disini enggak amanah gak sesuai pesanan yang dibeli cushion sama tempat kacanya malah dikirim refillnya😤😤,1,2025-06-10 07:36
user_15428,Lampu Tidur,Produk sangat bagus dan sesuai deskripsi!,4,2023-04-22
user_9319,Kaos Polos,Baru dipakai sebentar sudah rusak.,2,2023-11-25
user_12623,Headset Gaming,Sesuai dengan rating dan review yang saya baca.,5,2024-10-15
lsuryono,Tas Ransel,"Packing rapi banget, penjual ramah.",5,2024-11-14
sari25,Kaos Oblong,recommended warna cantik terjangkau cepat adem,5,2025-05-06
lanangnarpati,Headset Bluetooth,"Pengiriman cepat, packing rapi. Recommended!",5,2024-08-15
mulyaniakarsana,Dompet Kulit,"Sudah belanja beberapa kali, selalu puas.",4,2024-06-17
user_14216,Jam Tangan Digital,Kualitas sangat buruk.,1,2023-08-31
user_17665,Kaos Polos,"Barang cacat, sangat mengecewakan.",2,2024-11-24
user_24505,Sepatu Sneakers,Ukuran tidak sesuai deskripsi.,2,2024-05-18
owahyuni,Jaket Hoodie,Produk original dan kualitasnya premium.,5,2024-11-08
mamabear2010,"Judydoll Slim Gel Eyeliner (Pensil Eyeliner Gel Dengan Ujung Tipis, Tahan Lama 12 Jam, Waterproof, Smudgeproof, Mudah Digunakan)",Belum dicoba. Tapi packing dan packaging nya keren berkesan mewah,5,2025-06-12 11:16
ntarihoran,Jaket Hoodie,"Respon penjual cepat, barang dikirim hari itu juga.",5,2025-03-25
user_24152,Makeup Set,Sangat kecewa dengan produk ini.,1,2023-07-29
user_5156,Headset Gaming,Barang original dan berkualitas.,5,2023-08-08
user_9238,Kursi Lipat,"Barang cacat, sangat mengecewakan.",1,2024-03-14
user_5078,Mouse Wireless,Produk kotor dan tidak layak pakai.,1,2024-07-22
user_4778,Mouse Wireless,Sudah komplain tapi tidak ada solusi.,2,2023-11-05
jailanipurwadi,Sandals Pria,"Sudah belanja beberapa kali, selalu puas.",5,2025-03-19
cayadi33,Lipstik Matte,"Respon penjual cepat, barang dikirim hari itu juga.",5,2025-04-16
user_2077,Skincare Serum,Packing asal-asalan.,2,2024-08-17
user_19189,Buku Catatan,Worth it banget untuk harga segini.,5,2024-11-22
user_9573,Celana Jeans,Penjual tidak merespon chat.,1,2024-06-10
user_3944,Celana Jeans,Produk kotor dan tidak layak pakai.,2,2024-01-29
user_10313,Kemeja Pria,Packing asal-asalan.,1,2023-05-30
thartati,Sepatu Sneakers,"Sudah belanja beberapa kali, selalu puas.",4,2025-05-28
putrialdaferamarta,Nail Buffer 7 Steps / Nails Art Brush Polish Kikir Amplas Perapih Kuku,"pesanan saya tidak datang, penjualnya tidak amanah dan tidak balas chat customer",1,2025-06-07 06:35
gaduhmandasari,Jam Tangan Digital,Barang sampai dengan aman dan cepat.,4,2025-03-18
bajraginsafitri,Celana Jeans,Produk original dan kualitasnya premium.,4,2024-12-19
user_698,Smartphone Android,Suka banget sama produk ini.,4,2024-07-31
2*****a,"Gosh Paperbag 003 (TIDAK DIJUAL PPBG AJA, ORDER HARUS SESUAI QUANTITY PEMBELIAN PRODUK)","Desain:estetik desain menarik
Ukuran:pas sesuai
Keaslian:kualitas original

Bagus jahitan rapi the best 👍🏻👍🏻👍🏻👍🏻👍🏻👍🏻",5,2025-06-13 12:05
user_16006,Skincare Serum,Ukuran tidak sesuai deskripsi.,2,2024-06-14
user_910,Celana Jeans,"Mantap, gak nyesel beli di sini.",4,2024-10-30
user_16166,Sepatu Sneakers,Barang rusak saat diterima.,2,2024-08-30
emastamba,Keyboard Mechanical,"Warnanya cantik dan tahan lama, puas banget!",5,2024-11-03
elqueen12,Gosh Lunaria 455 Shoulder Bag,"Desain:cantik
Pas untuk Acara:hangout
Kapasitas:muat lumayan banyak

Untuk simpan hp, dompet, makeup muat kok. Modelnya cantik mungil. Worth to buy",5,2025-06-12 18:54
user_19080,Buku Catatan,Produk sangat bagus dan sesuai deskripsi!,4,2023-03-16
pradanadamu,Keyboard Mechanical,"Packing rapi banget, penjual ramah.",5,2025-01-27
user_21342,Jam Tangan Digital,Terlalu mahal untuk kualitas seperti ini.,1,2023-05-15
kasiran11,Mouse Wireless,"Warnanya cantik dan tahan lama, puas banget!",5,2025-02-07
popymentari023,[BEST SELLING] BNB barenbliss Lily Makes Luminous Glow Tint Lip tint melembapkan berkilau berwarna alami dan tahan lama 12 jam,Bgus,5,2025-06-14 19:30
malariyanti,Celana Jeans,"Pengiriman cepat, packing rapi. Recommended!",4,2025-05-23
annisamaulidina03,Gosh Alessandria 498 Pump Shoes,"Styling:cantik
Kenyamanan:nyaman saat digunakan
Kualitas:tidak licin

cantik pol sepatunya",5,2025-06-08 19:14
user_23599,Meja Belajar,Ukuran tidak sesuai deskripsi.,1,2023-11-10
hutagalungteguh,Kaos Oblong,"Sesuai deskripsi, kualitas oke dan tahan lama.",5,2025-03-03
gandirahayu,Kaos Oblong,"Produk bagus, bahan adem dan sesuai gambar.",5,2024-06-13
user_5383,Skincare Serum,Terlalu mahal untuk kualitas seperti ini.,2,2023-02-18
l*****3,[ ! TERBATAS ! ] SKINTIFIC -  12% Acid Peeling Solution Glowing Serum 30ml | Eksfoliasi Wajah  Exfoliasi Exfoliating Serum Essence Penghalusan Kulit  Mengangkat Sel Kulit Mati Membersihkan Anti Acne Mencerahkan Jerawat Mengencangkan Kulit Glass Skin,dipakai sakit cekit” panas banget kaya cabe 😭😭😭,1,2025-06-11 20:25
user_16557,Jam Tangan Digital,Sudah komplain tapi tidak ada solusi.,2,2024-11-02
user_16323,Jam Tangan Digital,Penjual sangat ramah dan fast respon.,5,2024-04-16
user_16332,Keyboard Mechanical,"Beli karena review bagus, ternyata zonk.",1,2023-11-12
user_9576,Mouse Wireless,Top banget! Bakal order lagi nanti.,5,2024-07-12
shakila66,Lipstik Matte,"Warnanya cantik dan tahan lama, puas banget!",5,2024-08-06
maulanagarda,Sepatu Sneakers,"Warnanya cantik dan tahan lama, puas banget!",5,2024-11-09
user_16913,Tas Wanita,Tidak direkomendasikan sama sekali.,2,2023-06-18
user_16273,Smartphone Android,"Servis buruk, tidak profesional.",1,2024-04-16
hestisaefullah,Powerbank 10000mAh,adem terjangkau bagus original oke pelayanan ramah adem,5,2024-12-26
putrialdaferamarta,Tasbih Digital Alat Penghitung Counter Mini Finger Tally Jari Ngaji,"pesanan saya tidak datang, penjualnya tidak amanah dan tidak balas chat customer",1,2025-06-07 06:35
npratiwi,Kaos Oblong,"Sesuai deskripsi, kualitas oke dan tahan lama.",5,2024-11-21
user_17429,Tas Wanita,Produk kotor dan tidak layak pakai.,2,2023-10-09
lip__,SKIN1004 Madagascar Centella Hyalu-Cica Water-Fit Sun Serum 100ml,keliatan cerahan si pake ini. dapet harga murah juga. dapet bonus juga. kalo cocok bakalan repurchese deh,5,2025-06-11 18:37
user_8073,Keyboard Mechanical,"Puas banget, terima kasih seller!",4,2024-08-11
user_12118,Flashdisk 64GB,Packing asal-asalan.,1,2024-07-23
halim62,Dompet Kulit,"Pengiriman cepat, packing rapi. Recommended!",4,2025-01-18
user_16150,Makeup Set,Ukuran tidak sesuai deskripsi.,1,2024-11-22
user_15783,Kaos Polos,Sudah komplain tapi tidak ada solusi.,1,2023-08-23
user_13027,Jam Tangan Digital,Rating tinggi tapi kualitas rendah.,1,2023-05-30
user_2111,Buku Catatan,Rating tinggi tapi kualitas rendah.,1,2023-08-11
user_19255,Headset Gaming,Sangat direkomendasikan untuk semua orang.,5,2023-09-22
user_13781,Lampu Tidur,"Barang palsu, bukan original.",2,2024-03-19
user_714,Sepatu Sneakers,Pengiriman sangat lama.,1,2023-10-24
user_2527,Sepatu Sneakers,Produk tidak sesuai gambar.,1,2024-03-16
user_4196,Tas Wanita,"Servis buruk, tidak profesional.",1,2024-10-19
user_12482,Kaos Polos,Pengiriman cepat dan aman.,5,2023-06-01
celinecantik449,SKINTIFlC - Invisiblur All Day Loose Powder | Bedak Tabur Setting Powder Foundation Bedak padat 16H Oil Control Perfect Blur Flawless Skin Sweat-proof Water-proof focallure,"Packingan buruk
Exp terlalu dekat!!
Pengiriman lambat",1,2025-06-12 20:06
puti53,Mouse Wireless,"Respon penjual cepat, barang dikirim hari itu juga.",4,2024-11-08
r*****7,SKINTIFIC - Cover All Perfect Cushion| High Coverage Concealer Primer Skin Tint Foundation Make Up BB Cream Kosmetik Refill UV SPF 35 PA++++Sunscreen Bedak Padat Kosmetik Wajah Cusion Compact Powder Conceler with Centella Asiatica Ceramide oil control 12H,Salah dikirim shadenya harusnya 01 malah dikirim 03 mana gabisa di kembalikan!!! Rugi bandar! Gamau pesen di official shop lagi tim packing tidak teliti!!!!!!,1,2025-06-11 08:38
user_18444,Rak Sepatu,"Servis buruk, tidak profesional.",2,2023-11-09
user_14490,Kursi Lipat,Sangat direkomendasikan untuk semua orang.,4,2024-03-21
a*****a,"Gosh Paperbag 005 (TIDAK DIJUAL PPBG AJA, ORDER HARUS SESUAI QUANTITY PEMBELIAN PRODUK)","Desain:cantiikkk bngeetttttt
Ukuran:pas dan sesuai
Keaslian:terjamin asliii😭💗

aellah namanya jg gosh😭💗gak perlu dipertanyakan lagi kan sayyy😓💗",5,2025-06-15 22:38
user_20765,Kaos Polos,Barang tidak berfungsi dengan baik.,1,2024-09-01
r*****i,SKIN1004 Madagascar Centella Toning Toner 30ml,"TOLONG ADMIN PACKING PAKET LEBIH TELITI!!! 
KIRIM SALAH SEMUA!!!",1,2025-06-11 18:55
wastutikayla,Jaket Hoodie,"Produk bagus, bahan adem dan sesuai gambar.",5,2024-07-15
hardiansyahindra,Jaket Hoodie,Barang sampai dengan aman dan cepat.,5,2024-09-04
handayanidadi,Tas Ransel,Produk original dan kualitasnya premium.,5,2024-07-03
user_8690,Powerbank,Produk kotor dan tidak layak pakai.,1,2023-09-30
user_971,Jam Tangan Digital,"Pelayanan cepat, packing aman, produk oke!",5,2023-08-25
user_18260,Powerbank,Ukuran pas dan sesuai pesanan.,4,2023-12-11
user_24059,Sepatu Sneakers,Sesuai dengan rating dan review yang saya baca.,4,2023-05-18
dwastuti,Powerbank 10000mAh,"Produk bagus, bahan adem dan sesuai gambar.",5,2024-10-24
user_20005,Makeup Set,Barang tidak berfungsi dengan baik.,1,2024-10-08
user_13534,Makeup Set,Suka banget sama produk ini.,4,2023-07-07
user_9860,Powerbank,Top banget! Bakal order lagi nanti.,4,2024-11-14
nilam84,Keyboard Mechanical,Produk original dan kualitasnya premium.,5,2025-05-03
user_21888,Kaos Polos,"Puas banget, terima kasih seller!",4,2024-10-25
user_6588,Smartphone Android,Ukuran pas dan sesuai pesanan.,4,2023-11-28
user_23043,Kursi Lipat,Sangat puas dengan pelayanan toko ini.,5,2024-06-14
user_2463,Powerbank,Pengiriman sangat lama.,1,2024-08-06
user_22320,Flashdisk 64GB,"Mantap, gak nyesel beli di sini.",5,2024-07-16
user_4444,Smartphone Android,Kualitas sangat buruk.,2,2024-04-22
tomi12,Mouse Wireless,Barang sampai dengan aman dan cepat.,5,2025-02-21
user_2156,Flashdisk 64GB,Barang tidak berfungsi dengan baik.,1,2024-11-13
saputrazulaikha,Keyboard Mechanical,"Respon penjual cepat, barang dikirim hari itu juga.",4,2025-03-05
user_24747,Kaos Polos,Rating tinggi tapi kualitas rendah.,1,2023-01-01
user_19947,Powerbank,Produk tidak sesuai gambar.,1,2024-01-19
user_20480,Buku Catatan,Barang rusak saat diterima.,1,2023-11-14
wprayoga,Tumbler Stainless,Produk original dan kualitasnya premium.,5,2024-07-15
user_4681,Mouse Wireless,"Barang palsu, bukan original.",1,2023-04-25
user_15431,Jam Tangan Digital,Produk sangat bagus dan sesuai deskripsi!,4,2024-11-13
w*****s,URBAN&CO Basic Flat Shoes Wanita Sepatu Slip On FlatShoes Cewek - Yukina,barang yg datang tidak sesuai dengan yg ada di etalase. mau pengajuan pemngembalian tp waktu udah mepet soalnya barang mau buat kado temen.,1,2025-06-13 02:31
user_573,Celana Jeans,Sudah komplain tapi tidak ada solusi.,2,2024-05-20
user_8414,Makeup Set,"Barang cacat, sangat mengecewakan.",1,2024-11-02
fitripln411,Gio Saverino Sepatu Wanita Flat Shoes Paris Terbaru,Bagusss,5,2025-06-12 04:23
user_3540,Parfum Wanita,"Barang palsu, bukan original.",2,2024-06-29
user_1870,Tas Wanita,Packing asal-asalan.,2,2023-02-22
padmasarixanana,Tas Ransel,Produk original dan kualitasnya premium.,5,2025-02-25
user_7977,Kursi Lipat,Produk tidak sesuai gambar.,1,2023-01-01
h*****d,SKIN1004 Madagascar Centella Tone Brightening Capsule Ampoule 30ml,"Tekstur:kental
Daya Serap:cepat menyerap
Keaslian:asli

Beli yang kecil mau nyoba dulu. Ternyata cocok dan bagus akhirnya beli yang besar. Thanks.",5,2025-06-11 15:37
muhammad42,Kemeja Polos,"Harga terjangkau, kualitas mantap!",4,2025-01-10
user_948,Headset Gaming,Baru dipakai sebentar sudah rusak.,1,2024-01-06
user_9732,Lampu Tidur,Tidak direkomendasikan sama sekali.,2,2023-10-02
user_12338,Jam Tangan Digital,Terlalu mahal untuk kualitas seperti ini.,2,2023-06-16
user_8099,Flashdisk 64GB,Sudah komplain tapi tidak ada solusi.,1,2024-09-12
user_13104,Skincare Serum,Barang original dan berkualitas.,5,2024-03-25
user_5331,Kursi Lipat,Worth it banget untuk harga segini.,5,2024-08-10
oktohandayani,Jaket Hoodie,"Harga terjangkau, kualitas mantap!",4,2025-03-01
user_10208,Smartphone Android,Produk tidak sesuai gambar.,1,2023-01-17
user_983,Jam Tangan Digital,"Pelayanan cepat, packing aman, produk oke!",4,2023-10-12
user_21937,Lampu Tidur,Ukuran tidak sesuai deskripsi.,2,2023-08-12
pradanaumi,Lipstik Matte,"Warnanya cantik dan tahan lama, puas banget!",5,2025-03-03
nugrohoalika,Dompet Kulit,Produk original dan kualitasnya premium.,4,2025-04-05
user_19171,Rak Sepatu,Kualitas sangat buruk.,1,2024-06-29
user_12776,Headset Gaming,"Beli karena review bagus, ternyata zonk.",2,2023-12-14
user_24293,Flashdisk 64GB,Barang rusak saat diterima.,1,2024-03-06
user_4393,Headset Gaming,Kualitas di atas ekspektasi saya!,5,2023-03-05
hz98w5z8co,Oneda Gaby Tas Selempang Wanita Woman Bag Sling Bag Wanita #A6115,"Bahan:bahan lembut
Desain:sangat menarik
Konsistensi:memuaskan kualitas bagus

Tasnya bagus sekali suka, makasih tokonya aamanah, mantap 👍👍👍👍👍👍👍👍👍👍",5,2025-06-13 14:17
user_20069,Makeup Set,Penjual tidak merespon chat.,1,2023-01-29
vlatupono,Jam Tangan Digital,"Produk bagus, bahan adem dan sesuai gambar.",5,2024-10-14
user_2684,Tas Wanita,"Servis buruk, tidak profesional.",1,2023-09-14
nugraha25,Celana Jeans,"Sudah belanja beberapa kali, selalu puas.",4,2024-06-17
user_1076,Mouse Wireless,"Barang palsu, bukan original.",1,2024-10-07
user_3541,Celana Jeans,Kualitas sangat buruk.,1,2024-09-27
gsaptono,Kaos Oblong,"Pengiriman cepat, packing rapi. Recommended!",5,2024-11-10
user_13786,Flashdisk 64GB,Produk tidak sesuai gambar.,2,2023-08-06
yancemarbun,Kemeja Polos,"Packing rapi banget, penjual ramah.",5,2025-03-24
prakasaajimat,Sandals Pria,"Sesuai deskripsi, kualitas oke dan tahan lama.",4,2025-02-21
user_12199,Jam Tangan Digital,Produk tidak sesuai gambar.,1,2023-08-16
user_5426,Parfum Wanita,Ukuran tidak sesuai deskripsi.,1,2024-06-13
user_13219,Rak Sepatu,Sangat direkomendasikan untuk semua orang.,4,2023-04-14
user_19715,Parfum Wanita,Kualitas di atas ekspektasi saya!,5,2023-12-27
user_5473,Rak Sepatu,Suka banget sama produk ini.,5,2023-07-15
user_8786,Kemeja Pria,Kualitas di atas ekspektasi saya!,4,2024-03-07
user_6075,Skincare Serum,"Barang palsu, bukan original.",2,2024-08-11
c*****n,SKINTIFIC - Cover Perfect Serum Concealer 5ml | 2 IN 1 DIP TIP CONCEALER CONTOUR CONCEALER MAKE UP CORRECTOR|CUSHION Foundation BB CreamCushion |belia cosmetic kosmetik kosmetik wajah kosmetik,"Tekstur:nyaman dan halus
Warna:lebih terang dari ekspektasi
Keaslian:kualitas original",5,2025-05-31 19:26
user_4069,Rak Sepatu,Terlalu mahal untuk kualitas seperti ini.,2,2024-09-26
94cw8tge14,[GIFT] BNB barenbliss Mari Mori Micellar Water 50ml,"Tekstur:nyaman bngt dimuka dan juga nempel bgtt cuy, btw gw dapat gift nya mau bilang thankyou!💐🌸bakal jdi LANGGANAN ini mahhh 100% kagak kecewa
Cocok untuk:wajah

PENDAPAT GW SIH INI ORI BANGEETT GA KECEWA SUMPAH BELI DI TOKO INI, BAKAL JADI LANGGANAN TERUS INI MANA KAGAK DEMPUL TEKSTURNYA JUGA LEMBUTTT GILAKKK SUKA BANGET GW CUYYYYYYYYYY",5,2025-06-15 12:01
cy9lbqc4af,Gosh Novara 451 Sandal Slingback,"Kenyamanan:nhaman
Styling:keren
Kualitas:tidak licin

Sudah beberapa kali order,toko amanah,pengiriman cepat.",5,2025-05-31 18:55
user_17632,Headset Gaming,Produk kotor dan tidak layak pakai.,1,2024-08-27
mandasarisabar,Mouse Wireless,"Harga terjangkau, kualitas mantap!",5,2024-12-09
user_14646,Celana Jeans,Packing rapi dan aman sampai tujuan.,4,2024-06-23
user_24405,Celana Jeans,Sangat direkomendasikan untuk semua orang.,4,2023-12-09
user_22693,Rak Sepatu,Kualitas sangat buruk.,1,2024-12-10
baktimahendra,Tumbler Stainless,"Harga terjangkau, kualitas mantap!",5,2024-10-31
capasitorus,Lipstik Matte,Barang sampai dengan aman dan cepat.,5,2024-08-17
user_6991,Meja Belajar,Ukuran tidak sesuai deskripsi.,2,2024-10-20
user_24351,Kaos Polos,Barang datang lebih cepat dari perkiraan.,5,2023-10-30
user_23853,Kursi Lipat,Sangat kecewa dengan produk ini.,2,2023-07-20
user_11602,Makeup Set,Tidak direkomendasikan sama sekali.,1,2024-07-08
msantoso,Sepatu Sneakers,Produk original dan kualitasnya premium.,5,2024-12-03
iandriani,Kemeja Polos,"Warnanya cantik dan tahan lama, puas banget!",4,2025-05-31
user_1391,Kaos Polos,Kualitas di atas ekspektasi saya!,4,2023-02-24
user_12364,Mouse Wireless,Penjual sangat ramah dan fast respon.,5,2024-12-28
user_8668,Flashdisk 64GB,Sangat puas dengan pelayanan toko ini.,4,2024-09-08
kuswandarioliva,Dompet Kulit,"Pengiriman cepat, packing rapi. Recommended!",5,2024-09-06
user_5505,Powerbank,Ukuran pas dan sesuai pesanan.,5,2024-06-28
user_2514,Sepatu Sneakers,Sesuai dengan rating dan review yang saya baca.,4,2023-03-27
karen41,Headset Bluetooth,"Packing rapi banget, penjual ramah.",4,2025-01-29
user_1001,Makeup Set,Sangat direkomendasikan untuk semua orang.,4,2024-12-22
user_10745,Keyboard Mechanical,Produk sangat bagus dan sesuai deskripsi!,4,2023-01-18
user_2517,Headset Gaming,"Beli karena review bagus, ternyata zonk.",2,2024-06-22
user_12579,Celana Jeans,Sudah beli berkali-kali di sini dan selalu puas.,5,2023-04-19
user_14448,Keyboard Mechanical,Sangat kecewa dengan produk ini.,2,2023-05-29
user_16444,Tas Wanita,Ukuran tidak sesuai deskripsi.,1,2023-12-25
kpratiwi,Keyboard Mechanical,"Respon penjual cepat, barang dikirim hari itu juga.",5,2024-10-13
assoyjozzz23,SKINTIFIC - Perfect Stay Velvet Matte Cushion | Foundation Compact Oil-Control Waterproof Sweatproof Matte Finish Non-Comedogenic Poreless Blue Cushion Foundation Flawless BB&CC Cream Makeup High-Coverage Bedak Skin Tint,kenapa yang datang hanya refill?,2,2025-06-13 05:41
pudjiastutigalih,Tas Ransel,Barang sampai dengan aman dan cepat.,4,2024-12-20
user_17740,Mouse Wireless,"Barang palsu, bukan original.",1,2024-02-19
user_8257,Mouse Wireless,Barang tidak berfungsi dengan baik.,1,2023-04-28
user_7810,Buku Catatan,Barang rusak saat diterima.,1,2024-03-04
user_11832,Flashdisk 64GB,Sangat puas dengan pelayanan toko ini.,5,2024-05-19
user_20594,Smartphone Android,Pengiriman sangat lama.,1,2023-10-05
user_7765,Jam Tangan Digital,Rating tinggi tapi kualitas rendah.,2,2023-11-15
muthazwar,HijabChic x Tiqasya Alice Embroidery Pale Mauve Top - Baju Kondangan Sarimbit Bordir Organza Premium,"Desain:cantik elegan
Bahan:berkualitas
Tekstur:nyaman",5,2025-05-28 19:27
ewinarno,Powerbank 10000mAh,"Sudah belanja beberapa kali, selalu puas.",5,2025-03-09
user_2635,Parfum Wanita,Penjual sangat ramah dan fast respon.,4,2024-10-14
user_7965,Headset Gaming,Packing asal-asalan.,1,2023-06-09
noviramadan,Kaos Oblong,"Sesuai deskripsi, kualitas oke dan tahan lama.",4,2025-05-04
user_7858,Lampu Tidur,Packing rapi dan aman sampai tujuan.,4,2023-06-09
user_21440,Sepatu Sneakers,Tidak direkomendasikan sama sekali.,2,2024-02-25
user_15478,Kursi Lipat,Pengiriman sangat lama.,2,2023-11-25
user_23682,Skincare Serum,Sudah komplain tapi tidak ada solusi.,1,2024-11-18
user_13433,Keyboard Mechanical,Suka banget sama produk ini.,4,2023-01-12
minecraftk3aa,[NEW LAUNCH] BNB barenbliss Star-Glazing Steel Lipcerin Hidrasi 72 Jam Lipstick stained Bibir Plumpy & Glossy Lip dengan 5X Ceramide dan 2X Peptides dengan UV SPF 25 PA+++ dan Aplikator Steel serta Liptint Stain Tahan Lama dan Vitamin E,"Tekstur:lembut bgtt
Warna:bagus bagus bagus
Cocok untuk:kemana mana bisaa, tidurpun bagus",5,2025-06-14 21:17
user_9498,Buku Catatan,Produk kotor dan tidak layak pakai.,2,2024-01-18
user_24613,Flashdisk 64GB,"Mantap, gak nyesel beli di sini.",4,2024-12-19
karman96,Tas Ransel,Produk original dan kualitasnya premium.,5,2024-08-17
user_12507,Celana Jeans,Produk sangat bagus dan sesuai deskripsi!,5,2023-04-29
user_13133,Kaos Polos,"Servis buruk, tidak profesional.",1,2024-07-02
palupi.maharani29,Sandal Jepit Airwalk,sip broww,5,2024-04-18 10:25
darmaji76,Powerbank 10000mAh,"Produk bagus, bahan adem dan sesuai gambar.",5,2024-10-29
wadi37,Tumbler Stainless,"Packing rapi banget, penjual ramah.",4,2024-06-20
user_10342,Sepatu Sneakers,Ukuran tidak sesuai deskripsi.,2,2024-03-07
pradiptaaditya,Dompet Kulit,"Produk bagus, bahan adem dan sesuai gambar.",5,2024-08-24
user_1681,Powerbank,Terlalu mahal untuk kualitas seperti ini.,2,2023-04-03
user_17852,Sepatu Sneakers,"Puas banget, terima kasih seller!",4,2024-06-22
user_16098,Flashdisk 64GB,"Barang cacat, sangat mengecewakan.",2,2023-10-18
user_12922,Parfum Wanita,Rating tinggi tapi kualitas rendah.,2,2024-07-18
banaranajmudin,Kaos Oblong,"Packing rapi banget, penjual ramah.",5,2024-08-30
user_18267,Parfum Wanita,Warna dan bentuk persis seperti di gambar.,4,2023-10-09
user_9431,Sepatu Sneakers,Worth it banget untuk harga segini.,4,2023-05-18
user_8286,Jam Tangan Digital,Kualitas di atas ekspektasi saya!,5,2023-11-06
banara78,Parfum Unisex,"Pengiriman cepat, packing rapi. Recommended!",4,2025-04-04
user_1627,Kursi Lipat,Sangat kecewa dengan produk ini.,1,2024-12-09
user_13265,Headset Gaming,Warna tidak sesuai pesanan.,2,2024-11-06
saalsaa_bilaa,Gosh Bolzano 503 Sneakers,"Kualitas:suka bangettt, sesuai sama yg di foto pengirimannya juga cepat",5,2025-06-09 11:56
user_22534,Smartphone Android,Terlalu mahal untuk kualitas seperti ini.,2,2024-09-07
user_12681,Kemeja Pria,"Puas banget, terima kasih seller!",5,2024-07-18
elifarida,Parfum Unisex,"Warnanya cantik dan tahan lama, puas banget!",5,2025-05-31
user_11007,Buku Catatan,Barang datang lebih cepat dari perkiraan.,5,2023-10-12
user_7182,Kursi Lipat,Ukuran tidak sesuai deskripsi.,2,2023-09-27
user_18636,Headset Gaming,"Beli karena review bagus, ternyata zonk.",1,2024-08-11
user_16085,Makeup Set,Sangat puas dengan pelayanan toko ini.,5,2024-07-06
user_23319,Lampu Tidur,Ukuran pas dan sesuai pesanan.,5,2023-07-11
siregaropung,Dompet Kulit,Produk original dan kualitasnya premium.,5,2024-07-11
user_9625,Makeup Set,Ukuran tidak sesuai deskripsi.,1,2023-07-20
csudiati,Lipstik Matte,Produk original dan kualitasnya premium.,4,2024-07-25
wijayamargana,Jam Tangan Digital,"Sudah belanja beberapa kali, selalu puas.",5,2024-09-30
user_12336,Sepatu Sneakers,Terlalu mahal untuk kualitas seperti ini.,1,2024-06-24
user_7499,Buku Catatan,Sudah beli berkali-kali di sini dan selalu puas.,4,2023-10-04
user_14870,Rak Sepatu,Harga terjangkau dengan kualitas oke.,5,2024-12-09
adriansyahkanda,Dompet Kulit,"Harga terjangkau, kualitas mantap!",5,2025-06-01
user_13408,Headset Gaming,Worth it banget untuk harga segini.,5,2023-11-26
user_15817,Makeup Set,Rating tinggi tapi kualitas rendah.,1,2023-02-23
user_8944,Sepatu Sneakers,"Servis buruk, tidak profesional.",1,2024-03-10
user_19394,Parfum Wanita,Produk tidak sesuai gambar.,2,2023-06-01
user_12538,Powerbank,Packing asal-asalan.,2,2024-03-04
user_11843,Celana Jeans,Warna tidak sesuai pesanan.,2,2024-12-12
user_5293,Headset Gaming,Sangat puas dengan pelayanan toko ini.,4,2024-02-21
b_0q6nw_q3,Promo Bed Cover Full Set Sprei Brown Kenzo - 90x200 - 200x200 - Evedaily,"Barang nya bagus dan sesuai👍
Tapi tolong diperhatikan dalam pengiriman supaya nggk salah alamat, terimakasih 🙏 bahannya adem👍",5,2025-05-28 19:21
padmijanuar,Powerbank 10000mAh,"Harga terjangkau, kualitas mantap!",4,2025-04-02
muhammadmiftahsentul,Cole Kaos Basic Plain Pria 121678061,"Kenyamanan:Adem 100% katun tertera di label
Warna:lebih bagus dari pada gambar
Bahan:100% katun tertera di labelnya

Beruntung bisa dapet harga 36K dengan kaos sebagus itu, kainnya tebal ada tulisan nya di bawah timbul dan warna aslinya lebih bagus 5x lipat di banding di foto. Awalnya co iseng2 aja buat sehari2 setelah dateng ternyata bagus banget sayang buat baju di rumah mending buat pergi pergi santuy",5,2025-06-12 22:37
user_3212,Kemeja Pria,"Pelayanan cepat, packing aman, produk oke!",4,2023-06-22
user_19559,Tas Wanita,"Barang cacat, sangat mengecewakan.",2,2024-08-21
okta50,Headset Bluetooth,"Warnanya cantik dan tahan lama, puas banget!",5,2024-11-06
user_18865,Headset Gaming,Packing rapi dan aman sampai tujuan.,4,2023-03-10
user_18088,Parfum Wanita,Worth it banget untuk harga segini.,4,2023-01-15
jumari14,Tumbler Stainless,"Produk bagus, bahan adem dan sesuai gambar.",5,2024-11-29
a*****a,SKIN1004 Madagascar Centella Hyalu-Cica Blue Serum 50ml,"Tekstur:cair
Daya Serap:cepat
Efek:belum coba

Dapet free ,belum di coba semoga cocok",5,2025-06-11 19:04
user_2263,Sepatu Sneakers,"Mantap, gak nyesel beli di sini.",4,2024-04-18
user_1217,Kursi Lipat,Tidak direkomendasikan sama sekali.,1,2024-09-01
user_21816,Skincare Serum,Top banget! Bakal order lagi nanti.,4,2023-10-23
msuryono,Tumbler Stainless,"Warnanya cantik dan tahan lama, puas banget!",5,2025-01-17
user_5800,Powerbank,Kualitas di atas ekspektasi saya!,5,2024-09-27
thassanah,Kemeja Polos,"Harga terjangkau, kualitas mantap!",5,2024-08-07
user_5466,Sepatu Sneakers,Worth it banget untuk harga segini.,4,2024-05-03
sriatinsriatin682,WARDAH Colorfit Ultralight Matte Lipstick - Korean Limited Edition - Lipstick Tahan Lama Hingga 8 Jam - Dilengkapi Vitamin E - Ringan dan Lembut di Bibir - Makeup,"Tekstur:lembut
Warna:sesuai",5,2025-06-13 10:25
user_23875,Keyboard Mechanical,Baru dipakai sebentar sudah rusak.,1,2023-06-17
user_10087,Smartphone Android,Warna tidak sesuai pesanan.,1,2024-03-04
user_7885,Lampu Tidur,Terlalu mahal untuk kualitas seperti ini.,1,2024-05-20
jjanuar,Dompet Kulit,"Packing rapi banget, penjual ramah.",5,2024-07-23
c*****a,Gosh Lunaria 411 Shoulder Bag,"Lucuuuk designnya, bahan kualitas bagus, suka detil nya, kecil enak dipake jalan. Thanks seller",5,2025-06-07 15:23
user_1826,Celana Jeans,Sangat kecewa dengan produk ini.,2,2024-06-20
user_3902,Buku Catatan,Sudah beli berkali-kali di sini dan selalu puas.,5,2024-07-25
azalea85,Dompet Kulit,"Warnanya cantik dan tahan lama, puas banget!",5,2025-03-18
user_18950,Smartphone Android,Kualitas sangat buruk.,1,2024-12-26
user_24449,Buku Catatan,Rating tinggi tapi kualitas rendah.,1,2024-10-05
user_11105,Celana Jeans,Warna tidak sesuai pesanan.,2,2024-08-05
user_9469,Celana Jeans,"Barang palsu, bukan original.",1,2023-02-06
humairapranowo,Dompet Kulit,"Sudah belanja beberapa kali, selalu puas.",4,2025-01-17
user_5699,Headset Gaming,Baru dipakai sebentar sudah rusak.,2,2023-08-31
ewahyudin,Sandals Pria,Produk original dan kualitasnya premium.,5,2025-05-24
s*****1,HijabChic Sandy Cherry Red Stripe Top - Atasan Kaos Muslim Simple Lengan Pof Oversized Best Seller,"Tekstur:terdapat bolong bagian leher pas merek..seperti bekas membuka merek, utk warna OK",2,2025-03-29 19:11
user_4060,Makeup Set,Penjual sangat ramah dan fast respon.,5,2023-09-26
user_9770,Lampu Tidur,Ukuran pas dan sesuai pesanan.,5,2024-10-08
ohastuti,Keyboard Mechanical,"Produk bagus, bahan adem dan sesuai gambar.",5,2024-09-21
user_23699,Buku Catatan,Tidak direkomendasikan sama sekali.,2,2024-08-20
viktor22,Lipstik Matte,"Pengiriman cepat, packing rapi. Recommended!",5,2024-09-09
user_8744,Rak Sepatu,Kualitas sangat buruk.,1,2024-11-01
user_3549,Kursi Lipat,"Servis buruk, tidak profesional.",2,2024-07-19
user_19638,Keyboard Mechanical,Packing rapi dan aman sampai tujuan.,5,2023-09-24
user_23697,Makeup Set,Penjual tidak merespon chat.,1,2024-05-28
user_3444,Kaos Polos,Kualitas sangat buruk.,1,2024-12-01
user_5534,Lampu Tidur,Top banget! Bakal order lagi nanti.,5,2023-08-07
user_12195,Makeup Set,Barang tidak berfungsi dengan baik.,2,2023-08-05
user_22048,Lampu Tidur,Sangat puas dengan pelayanan toko ini.,4,2023-07-12
user_23847,Headset Gaming,Penjual tidak merespon chat.,1,2024-11-07
user_19459,Tas Wanita,Rating tinggi tapi kualitas rendah.,1,2024-07-08
user_6303,Tas Wanita,"Barang cacat, sangat mengecewakan.",2,2024-07-04
user_3371,Jam Tangan Digital,Ukuran tidak sesuai deskripsi.,1,2023-10-03
user_13769,Rak Sepatu,Warna tidak sesuai pesanan.,1,2024-02-23
user_2435,Parfum Wanita,Barang datang lebih cepat dari perkiraan.,5,2024-05-02
c*****z,[SPECIAL LIVE] BNB barenbliss Korean Bloomatte Fine to Refine Compact Powder (24H oil control) Bedak ringan dengan kontrol minyak hingga 24 jam waterproof sweatproof dan dilengkapi SPF 25 PA++,"Barang sampai dengan selamat, gaada defect atau kerusakan, mantap pokonya",5,2025-06-14 17:51
user_11562,Parfum Wanita,Pengiriman sangat lama.,2,2023-10-21
user_24430,Kemeja Pria,Packing asal-asalan.,2,2023-08-13
user_24935,Headset Gaming,Barang rusak saat diterima.,2,2023-08-30
user_738,Sepatu Sneakers,Rating tinggi tapi kualitas rendah.,1,2024-12-09
xaryani,Powerbank 10000mAh,"Packing rapi banget, penjual ramah.",5,2024-07-01
ketutkartini464,COD / SPREI HOMEMADE MOTIF POLOS KOTAK / PREMIUM QUALITY / CUSTOM UKURAN / COD / MURAH / BAGUS / KADO / TIDAK LUNTUR / DROPSHIP / OPEN RESELLER,"Tekstur:kasar
Kenyamanan:tidak
Kualitas Bahan:jelek

Pesan sesuai size tpi tetap kebesaran",1,2025-05-30 11:47
ikamayahapsari_80,Gosh Asti 428 Comfort Sandal,"Kenyamanan:nyaman
Durabilitas:bagus
Berat:ringan",5,2025-06-09 07:44
wahyudinestiono,Kaos Oblong,"Sesuai deskripsi, kualitas oke dan tahan lama.",5,2025-04-17
m*****4,Gosh Lunaria 323 Sling Bag,"Desain:menarik
Kualitas:bagus
Keaslian:original

Bagus banget tas nya, ukurannya terlihat kecil tapi muat barang lumayan banyak",5,2025-05-31 16:29
user_2989,Jam Tangan Digital,Rating tinggi tapi kualitas rendah.,1,2023-07-12
user_22525,Tas Wanita,Penjual sangat ramah dan fast respon.,4,2023-11-11
jonowahyudin,Kaos Oblong,"Produk bagus, bahan adem dan sesuai gambar.",5,2025-01-01
user_2211,Sepatu Sneakers,Sudah komplain tapi tidak ada solusi.,2,2024-08-09
nnababan,Tumbler Stainless,"Sudah belanja beberapa kali, selalu puas.",5,2025-06-05
user_10227,Flashdisk 64GB,Warna tidak sesuai pesanan.,1,2024-11-02
nardikurniawan,Powerbank 10000mAh,"Sesuai deskripsi, kualitas oke dan tahan lama.",4,2024-07-18
user_11282,Kursi Lipat,Produk tidak sesuai gambar.,2,2024-11-06
hnurdiyanti,Parfum Unisex,Produk original dan kualitasnya premium.,4,2024-10-18
cswuahntet,Pencapit Gorengan Capitan Es Batu Capit Jepit Makanan Penjepit Kue Buah Daging Capit Jepitan,"Desain:menarik
Kualitas:sangat baik",5,2025-05-26 11:58
user_21981,Kaos Polos,Baru dipakai sebentar sudah rusak.,1,2024-04-13
user_14585,Skincare Serum,Produk sangat bagus dan sesuai deskripsi!,4,2024-11-03
vera25novita,SKINTIFIC - 5X Ceramide Barrier Moisturizer Gel 30g | Cream pencerah Wajah Calming Whitening Brightening Dark Spot Pelembab Wajah Pemutih Wajah Facial Moisturizer Day Cream Night Cream Skincare BPOM Niacinamide with Centella Acid Sooth Sunburn,Tekstur:barang yg dtg tidak sesuai,1,2025-06-11 22:19
user_15511,Sepatu Sneakers,Kualitas di atas ekspektasi saya!,4,2024-09-09
user_22838,Kaos Polos,Sudah beli berkali-kali di sini dan selalu puas.,4,2024-05-31
willysilalahi797,BOSTANTEN Dompet Lipat Pria Koin Ritleting Bahan Kulit PU Hitam/Kopi/Coklat,Mantap,5,2025-06-13 20:38
riaalfiana_my2011,Today I'm Fresh Set (Cleansing Oil 200ml + Ampoule Foam 125ml),"Tekstur:cair
Cocok untuk:acne prone
Kapasitas:banyak

Dapet harga murah pas lagi promo tgl 1 beli dua produk ini malah dapet cleansing oil yg 30ml..seneng bgt
Mudah2an cocok sama kulit akuuu",5,2025-06-04 13:02
hastutiyahya,Kaos Oblong,"Packing rapi banget, penjual ramah.",5,2025-04-04
m*****a,HijabChic Canisa Polkadot Pink Tops - Blouse Muslim Cantik Lengan Balon,Rekomendasi belanja di sini makasih ya seller nyanggaken artosna nampi barang nya,4,2025-03-17 04:51
ullyurmila,Gosh Lunaria 277 Sling Bag,"Sleting rusak, kacau ni penjual ngasi brang rusak 
Aduh",1,2025-06-04 09:08
user_8674,Kemeja Pria,Baru dipakai sebentar sudah rusak.,2,2024-06-04
user_4931,Tas Wanita,Produk tidak sesuai gambar.,1,2023-10-26
user_16296,Sepatu Sneakers,Produk tidak sesuai gambar.,1,2023-09-26
user_19742,Kursi Lipat,"Puas banget, terima kasih seller!",4,2024-01-23
user_5203,Flashdisk 64GB,Suka banget sama produk ini.,5,2024-11-03
halimtugiman,Jaket Hoodie,"Harga terjangkau, kualitas mantap!",4,2025-04-02
yessimansur,Parfum Unisex,"Respon penjual cepat, barang dikirim hari itu juga.",4,2024-06-27
sabrimulyani,Lipstik Matte,"Produk bagus, bahan adem dan sesuai gambar.",5,2024-09-12
marsudi43,Lipstik Matte,"Warnanya cantik dan tahan lama, puas banget!",5,2024-12-29
z*****a,Gosh Lunaria 411 Shoulder Bag,"soo cuteee, barangnya sampai dengan selamat gaada cacat ato rusak thankyouu🫶",5,2025-06-11 17:06
putrialdaferamarta,Nail Buffer Glass  + Box Manicure Butter Polish Kikir Amplas Perapih Kuku Kaca,"pesanan saya tidak datang, penjualnya tidak amanah dan tidak balas chat customer",1,2025-06-07 06:35
user_19917,Rak Sepatu,Pengiriman sangat lama.,2,2023-03-25
user_10494,Headset Gaming,Baru dipakai sebentar sudah rusak.,2,2023-05-01
user_2722,Celana Jeans,Ukuran tidak sesuai deskripsi.,2,2023-08-30
user_20838,Kursi Lipat,Sudah beli berkali-kali di sini dan selalu puas.,4,2023-11-19
user_12091,Skincare Serum,Barang rusak saat diterima.,1,2024-12-13
user_18187,Kaos Polos,Tidak direkomendasikan sama sekali.,1,2023-02-03
user_20242,Mouse Wireless,Pengiriman cepat dan aman.,4,2024-05-11
user_9835,Keyboard Mechanical,Produk kotor dan tidak layak pakai.,1,2023-07-08
user_11889,Kemeja Pria,Produk kotor dan tidak layak pakai.,1,2023-02-20
user_20571,Headset Gaming,"Barang palsu, bukan original.",2,2024-08-15
user_241,Flashdisk 64GB,Sangat kecewa dengan produk ini.,2,2023-02-22
user_8830,Rak Sepatu,"Mantap, gak nyesel beli di sini.",4,2023-10-29
jinawi58,Mouse Wireless,"Sesuai deskripsi, kualitas oke dan tahan lama.",5,2024-09-29
user_8939,Buku Catatan,"Beli karena review bagus, ternyata zonk.",2,2024-07-10
prakosakusmawati,Dompet Kulit,"Pengiriman cepat, packing rapi. Recommended!",5,2024-09-01
deviayuresia,[New Launch] SKINTIFlC Sensitive Soothe Cleanser 120ml | Dry Skin Facial Wash Cleanser Sabun Cuci Muka Sensitive Mild Gentle Cleanser Anti-Aging & Acne-prone Cleanser Glowing Brightening Calming Moisturized Dark Spot cleanser with light semi-gel texture,"Barang nya gak ada didalam pakingan, jadi gak bisa difoto, kecewa sih, pikir positif aja mungkin lupa masukinnya, semoga berkah ya",1,2025-06-12 07:07
user_16928,Jam Tangan Digital,"Servis buruk, tidak profesional.",1,2023-04-03
goldjkt.id,SKINTIFIC - 5X Ceramide Barrier Serum 20ml | Merawat skin barrier Serum Mencerahkan Dark Spot Tumpas Komedo anti aging anti acne Eksfoliasi Mengangkat Sel Kulit Mati Exfoliating with Ceramide Probiotik Kompleks Centella Asiatica,"Beli ukuran gede taunya isinya warna kuning🥲
Ga murah loh padahal udah pengiriman instan",1,2025-06-11 13:15
user_13035,Flashdisk 64GB,Warna tidak sesuai pesanan.,2,2023-09-04
yuliantimartana,Tumbler Stainless,"Pengiriman cepat, packing rapi. Recommended!",4,2024-11-24
user_9991,Jam Tangan Digital,Packing rapi dan aman sampai tujuan.,4,2023-07-13
user_22233,Tas Wanita,Sangat puas dengan pelayanan toko ini.,5,2024-08-21
user_2814,Smartphone Android,Penjual sangat ramah dan fast respon.,5,2023-02-17
user_4206,Tas Wanita,Harga terjangkau dengan kualitas oke.,5,2024-09-26
user_24495,Parfum Wanita,Produk kotor dan tidak layak pakai.,1,2024-01-19
user_2779,Kaos Polos,Sudah komplain tapi tidak ada solusi.,1,2023-05-08
r*****i,SKIN1004 Madagascar Centella Ampoule 30ml,"SEKELAS PRODUK TERKENAL KIRIM BISA SALAH.. 
UDAH TERLALU PERCAYA SAMA PRODUK2 TERKENAL SAMPAI GA PERNAH REKAM.. PERCUMA JUGA KOMPLAIN .. 
 BARU PERTAMA KALI BELI KOK SALAH KIRIM SEMUA.. 

TLONG ADMIN NYA UNTUK NYIAPIN BARANG DITELITI....",1,2025-06-11 18:55
t*****3,SKIN1004 Madagascar Centella Poremizing Fresh Ampoule 50ml,"Desain:Desain mewah
Keaslian:Barang original
Efek:membuat kulit jadi halus, menghilangkan komedo, menghilangkan chiken skin",5,2025-06-11 15:24
user_732,Flashdisk 64GB,Warna tidak sesuai pesanan.,1,2024-05-08
user_19096,Keyboard Mechanical,Produk tidak sesuai gambar.,2,2023-10-18
natsirganjaran,Powerbank 10000mAh,"Sesuai deskripsi, kualitas oke dan tahan lama.",5,2024-09-02
vinsenrajasa,Keyboard Mechanical,"Pengiriman cepat, packing rapi. Recommended!",5,2024-10-24
fardanaaa,SKINTIFIC - Glycolic Acid Exfoliating Daily Clarifying Toner AHA PHA Eksfoliasi Kulit Acne Treatment Eksfoliasi Wajah Summer Autumn Skin Barrier Improve,"buy one get one nya kecil ternyata moisnya, sama aja kaya beli",1,2025-06-12 09:31
mnugroho,Kaos Oblong,"Packing rapi banget, penjual ramah.",5,2024-09-05
simonwaskita,Headset Bluetooth,"Respon penjual cepat, barang dikirim hari itu juga.",5,2025-05-04
nrima33,Sepatu Sneakers,wangi cepat murah rapi murah mantap adem,5,2024-12-16
user_8448,Buku Catatan,Sudah komplain tapi tidak ada solusi.,1,2024-04-03
saka66,Mouse Wireless,"Packing rapi banget, penjual ramah.",5,2025-06-09
melindanurdiyanti,Kemeja Polos,"Sesuai deskripsi, kualitas oke dan tahan lama.",4,2024-06-20
user_8368,Mouse Wireless,Warna tidak sesuai pesanan.,1,2023-11-30
user_1926,Meja Belajar,Sangat puas dengan pelayanan toko ini.,4,2024-08-13
cakrajiyajanuar,Mouse Wireless,"Produk bagus, bahan adem dan sesuai gambar.",5,2024-07-17
kartikahutasoit,Kaos Oblong,"Harga terjangkau, kualitas mantap!",5,2025-02-14
user_11719,Kaos Polos,Pengiriman sangat lama.,2,2024-12-21
user_5696,Buku Catatan,Kualitas di atas ekspektasi saya!,5,2024-08-17
4sx4nlsddr,Tas Fioni Payless,"Warna:cokelat
Tampilan:oke",5,2024-09-11 08:59
ahmadfajri_97,Finally Found You! HYDRICEING & BRIGHTENING Essence Booster - Serum Infused Toner Untuk Semua Jenis Kulit 100mL,"Desain:bagus
Aroma:wangi
Keaslian:original",5,2025-06-12 18:48
user_21081,Flashdisk 64GB,Rating tinggi tapi kualitas rendah.,2,2024-09-07
galar54,Jaket Hoodie,Barang sampai dengan aman dan cepat.,5,2025-02-05
user_12134,Mouse Wireless,Suka banget sama produk ini.,5,2023-05-11
csetiawan,Keyboard Mechanical,"Packing rapi banget, penjual ramah.",4,2024-07-07
eliprastuti,Kaos Oblong,"Warnanya cantik dan tahan lama, puas banget!",4,2024-07-25
user_11953,Sepatu Sneakers,Kualitas di atas ekspektasi saya!,4,2024-10-11
user_7542,Meja Belajar,"Pelayanan cepat, packing aman, produk oke!",5,2023-04-29
user_9420,Keyboard Mechanical,Terlalu mahal untuk kualitas seperti ini.,2,2024-08-13
user_17050,Sepatu Sneakers,Warna dan bentuk persis seperti di gambar.,5,2023-06-12
user_17836,Celana Jeans,Packing asal-asalan.,1,2024-09-24
user_2539,Makeup Set,Kualitas di atas ekspektasi saya!,5,2023-02-22
zubairstore.12345,BLACKMORES PREGNANCY AND BREASTFEEDING GOLD BPOM KALBE - 20 CAPS | Suplemen Ibu Hamil Dan Menyusui,"Cocok untuk:cocok untuk ibu hamil dan menyusui
Kadaluarsa:expired masih lama, 2026
Rasa:terasa sedikit manis",4,2025-06-13 11:14
user_767,Meja Belajar,Penjual sangat ramah dan fast respon.,4,2023-04-12
user_15228,Jam Tangan Digital,Worth it banget untuk harga segini.,5,2024-12-08
pbudiyanto,Lipstik Matte,Produk original dan kualitasnya premium.,5,2024-12-23
user_8165,Headset Gaming,Suka banget sama produk ini.,4,2023-04-16
user_1943,Lampu Tidur,Produk kotor dan tidak layak pakai.,2,2024-03-30
user_15706,Meja Belajar,Terlalu mahal untuk kualitas seperti ini.,1,2024-08-28
user_20865,Meja Belajar,Barang tidak berfungsi dengan baik.,2,2024-11-01
user_24987,Makeup Set,Sudah beli berkali-kali di sini dan selalu puas.,5,2023-11-26
user_3684,Sepatu Sneakers,Terlalu mahal untuk kualitas seperti ini.,2,2023-11-26
user_7203,Smartphone Android,Harga terjangkau dengan kualitas oke.,4,2023-06-19
user_7451,Parfum Wanita,Kualitas sangat buruk.,1,2024-11-29
n*****y,Gosh Zinnia 434 Backpack,"Desain:biasa
Kapasitas:biasa
Pas untuk Acara:untuk school, jalan² juga oke

kok GOSH semakin kesini kwalitasnya kurang..
g seperti dulu Krn saya pengguna gosh dari zaman saya masih SMP, dan sekarang turun ke anak saya
minta tolong kwalitasnya dijaga

untuk jas akirim paket sudah terkoyak dan sepertinya sudah dibuka paketnya",2,2025-06-10 11:41
user_23925,Kemeja Pria,Rating tinggi tapi kualitas rendah.,1,2024-07-09
user_7391,Headset Gaming,Warna dan bentuk persis seperti di gambar.,5,2024-08-20
user_18538,Sepatu Sneakers,Penjual sangat ramah dan fast respon.,5,2024-10-20
user_126,Mouse Wireless,Packing asal-asalan.,1,2023-08-06
user_24895,Tas Wanita,Packing asal-asalan.,1,2023-04-08
user_15114,Keyboard Mechanical,Tidak direkomendasikan sama sekali.,2,2024-06-17
cgunawan,Tumbler Stainless,"Respon penjual cepat, barang dikirim hari itu juga.",4,2025-06-04
user_8469,Rak Sepatu,"Beli karena review bagus, ternyata zonk.",1,2023-06-29
user_6360,Headset Gaming,Ukuran pas dan sesuai pesanan.,4,2023-06-09
eluhuwais,Headset Bluetooth,"Pengiriman cepat, packing rapi. Recommended!",5,2024-07-24
user_24958,Keyboard Mechanical,Penjual sangat ramah dan fast respon.,4,2024-11-30
user_2812,Buku Catatan,"Servis buruk, tidak profesional.",2,2024-10-20
user_17019,Smartphone Android,Packing asal-asalan.,1,2023-02-08
user_1440,Buku Catatan,Kualitas sangat buruk.,1,2024-05-10
gamani53,Kemeja Polos,"Packing rapi banget, penjual ramah.",5,2024-08-31
user_21978,Sepatu Sneakers,Produk tidak sesuai gambar.,2,2024-06-12
user_4447,Parfum Wanita,Tidak direkomendasikan sama sekali.,1,2023-04-05
agnessafitri,Sandals Pria,"Produk bagus, bahan adem dan sesuai gambar.",4,2025-01-20
user_18999,Kaos Polos,Barang tidak berfungsi dengan baik.,1,2024-09-06
bagya23,Lipstik Matte,Barang sampai dengan aman dan cepat.,5,2024-08-28
user_15652,Flashdisk 64GB,"Servis buruk, tidak profesional.",2,2024-10-25
ysitompul,Parfum Unisex,"Produk bagus, bahan adem dan sesuai gambar.",5,2024-11-10
assoyjozzz23,SKINTIFIC - Perfect Stay Velvet Matte Cushion | Foundation Compact Oil-Control Waterproof Sweatproof Matte Finish Non-Comedogenic Poreless Blue Cushion Foundation Flawless BB&CC Cream Makeup High-Coverage Bedak Skin Tint,kenapa yang datang hanya refill?,2,2025-06-13 05:41
napitupulujayeng,Tumbler Stainless,"Warnanya cantik dan tahan lama, puas banget!",5,2025-02-12
dhandayani,Jaket Hoodie,Barang sampai dengan aman dan cepat.,5,2025-03-14
user_10642,Sepatu Sneakers,"Barang cacat, sangat mengecewakan.",1,2023-05-19
user_17214,Celana Jeans,Sangat kecewa dengan produk ini.,2,2023-05-09
user_12163,Meja Belajar,Baru dipakai sebentar sudah rusak.,2,2023-04-14
user_8442,Jam Tangan Digital,"Puas banget, terima kasih seller!",4,2023-07-10
user_23348,Meja Belajar,"Servis buruk, tidak profesional.",2,2024-06-08
user_21258,Smartphone Android,Sangat kecewa dengan produk ini.,1,2023-12-09
user_613,Kemeja Pria,Rating tinggi tapi kualitas rendah.,2,2023-07-21
kiantorothen,Tas Selempang HP urban factor - iO Phone BagMultifungsi Kasual,Tas yang bagus...puaaas...,5,2025-02-27 18:50
unggul84,Jam Tangan Digital,"Harga terjangkau, kualitas mantap!",5,2025-02-28
tedi11,Sandals Pria,"Sesuai deskripsi, kualitas oke dan tahan lama.",4,2024-08-03
user_18672,Sepatu Sneakers,Worth it banget untuk harga segini.,4,2024-04-04
user_11098,Parfum Wanita,Ukuran tidak sesuai deskripsi.,1,2024-10-12
anita00,Kemeja Polos,"Packing rapi banget, penjual ramah.",5,2025-04-11
user_12277,Keyboard Mechanical,Produk tidak sesuai gambar.,2,2023-05-03
nuraininadia,Mouse Wireless,"Warnanya cantik dan tahan lama, puas banget!",5,2025-01-29
m*****o,H&M Anak Perempuan Printed T-shirt 1036269_3,"Sablonan scratch, bahan tipis",2,2025-06-13 07:54
astutiharto,Jam Tangan Digital,"Sesuai deskripsi, kualitas oke dan tahan lama.",5,2025-04-06
user_4659,Celana Jeans,Terlalu mahal untuk kualitas seperti ini.,2,2023-02-12
jasdanblazer,Fleurette | Sandal Tali Wanita | SORA,"Desain:menarik
Kualitas:bagus
Kenyamanan:empuk

Nyaman dipake ringan..",5,2025-03-14 14:18
user_18748,Kemeja Pria,Barang original dan berkualitas.,4,2024-06-13
user_3658,Makeup Set,"Barang cacat, sangat mengecewakan.",1,2024-06-03
user_13635,Lampu Tidur,Barang original dan berkualitas.,5,2024-07-08
user_2336,Rak Sepatu,Terlalu mahal untuk kualitas seperti ini.,1,2024-07-26
lutrigreselina725,SKINTIFIC - Glycolic Acid Exfoliating Daily Clarifying Toner AHA PHA Eksfoliasi Kulit Acne Treatment Eksfoliasi Wajah Summer Autumn Skin Barrier Improve,"gak sesuai aja yang di pesan apa, yang datang apa
kecewa",2,2025-06-10 19:18
user_12900,Flashdisk 64GB,Produk kotor dan tidak layak pakai.,1,2023-08-18
user_19744,Kemeja Pria,Sangat puas dengan pelayanan toko ini.,5,2023-06-08
quyainah,Powerbank 10000mAh,"Pengiriman cepat, packing rapi. Recommended!",5,2025-01-11
user_3631,Celana Jeans,Sudah komplain tapi tidak ada solusi.,1,2024-06-20
user_21957,Celana Jeans,Pengiriman sangat lama.,1,2024-06-07
user_5280,Tas Wanita,Sudah komplain tapi tidak ada solusi.,2,2023-06-24
humaira35,Sandals Pria,"Pengiriman cepat, packing rapi. Recommended!",4,2024-09-28
user_12969,Tas Wanita,Baru dipakai sebentar sudah rusak.,2,2024-04-24
user_11302,Keyboard Mechanical,Rating tinggi tapi kualitas rendah.,1,2023-12-10
user_24754,Mouse Wireless,Terlalu mahal untuk kualitas seperti ini.,1,2023-06-05
cici44,Sepatu Sneakers,"Sudah belanja beberapa kali, selalu puas.",5,2025-01-09
user_7960,Rak Sepatu,Pengiriman sangat lama.,1,2023-04-18
user_14270,Flashdisk 64GB,Kualitas sangat buruk.,1,2024-10-15
user_17750,Sepatu Sneakers,Warna dan bentuk persis seperti di gambar.,4,2024-08-20
user_8125,Makeup Set,Sudah komplain tapi tidak ada solusi.,2,2024-06-27
user_10837,Headset Gaming,Produk kotor dan tidak layak pakai.,1,2023-09-09
user_2185,Celana Jeans,"Beli karena review bagus, ternyata zonk.",1,2024-06-12
yusuflaksita,Keyboard Mechanical,"Warnanya cantik dan tahan lama, puas banget!",5,2025-01-17
nuyunbaik,GIFT ESQA Dream Lash Serum Mascara - Length,bagus poll,5,2025-06-12 19:03
user_2495,Celana Jeans,Ukuran tidak sesuai deskripsi.,1,2024-09-25
wijayadodo,Tas Ransel,"Sesuai deskripsi, kualitas oke dan tahan lama.",5,2024-07-11
user_4278,Headset Gaming,Pengiriman sangat lama.,2,2024-01-15
c*****i,SKIN1004 Madagascar Centella Soothing Cream 75ml,"Tekstur:gel cream
Daya Serap:cepat
Cocok untuk:all skin type

Packagingnya penyok dan segel sudah terbuka.",4,2025-06-03 08:12
dalimin14,Dompet Kulit,"Pengiriman cepat, packing rapi. Recommended!",5,2025-04-22
user_22367,Buku Catatan,Terlalu mahal untuk kualitas seperti ini.,2,2023-06-03
d*****0,Nevada SCB01 Sandal Flat Wanita 121195109,"Pengiriman cepat, barang sesuai pesanan, harga murah. Terimakasih.",5,2025-06-12 20:15
danangsihotang,Powerbank 10000mAh,"Harga terjangkau, kualitas mantap!",5,2025-06-03
user_10721,Celana Jeans,Pengiriman sangat lama.,2,2024-05-30
user_9778,Kaos Polos,"Puas banget, terima kasih seller!",4,2023-04-17
user_5747,Mouse Wireless,Tidak direkomendasikan sama sekali.,1,2023-06-21
user_16426,Smartphone Android,Kualitas di atas ekspektasi saya!,5,2023-11-17
user_19846,Lampu Tidur,Pengiriman sangat lama.,1,2024-08-22
user_7383,Buku Catatan,"Barang cacat, sangat mengecewakan.",1,2024-06-09
user_5182,Headset Gaming,Sangat kecewa dengan produk ini.,2,2024-06-01
user_14925,Powerbank,Sangat kecewa dengan produk ini.,1,2024-10-29
hariyahika,Parfum Unisex,Barang sampai dengan aman dan cepat.,5,2025-03-07
t*****s,SKIN1004 Madagascar Centella Double Cleansing Duo,"Sangat worth it 
Thankyou seller semoga cocok",5,2025-06-11 19:47
puspasarikalim,Sandals Pria,"Pengiriman cepat, packing rapi. Recommended!",5,2025-05-26
user_18811,Sepatu Sneakers,Pengiriman sangat lama.,1,2024-06-24
user_12913,Celana Jeans,"Servis buruk, tidak profesional.",2,2023-04-10
user_6584,Flashdisk 64GB,Baru dipakai sebentar sudah rusak.,1,2024-01-18
user_1764,Keyboard Mechanical,"Mantap, gak nyesel beli di sini.",4,2024-09-04
megantarasamiah,Headset Bluetooth,Barang sampai dengan aman dan cepat.,5,2024-07-22
user_18261,Powerbank,Rating tinggi tapi kualitas rendah.,1,2024-11-30
raharjasalahudin,Tumbler Stainless,"Sudah belanja beberapa kali, selalu puas.",5,2025-05-23
user_24244,Lampu Tidur,Rating tinggi tapi kualitas rendah.,2,2023-01-08
user_17976,Smartphone Android,Barang tidak berfungsi dengan baik.,1,2024-02-25
user_1404,Celana Jeans,Baru dipakai sebentar sudah rusak.,2,2023-04-09
user_7544,Celana Jeans,Penjual tidak merespon chat.,1,2024-07-26
user_16682,Rak Sepatu,"Barang cacat, sangat mengecewakan.",1,2024-12-10
user_9394,Makeup Set,Sudah beli berkali-kali di sini dan selalu puas.,5,2024-06-17
niarzain19,[ ! TERBATAS ! ] SKINTIFIC -  12% Acid Peeling Solution Glowing Serum 30ml | Eksfoliasi Wajah  Exfoliasi Exfoliating Serum Essence Penghalusan Kulit  Mengangkat Sel Kulit Mati Membersihkan Anti Acne Mencerahkan Jerawat Dark Spot Mengencangkan Kulit,Kondisi Barang:mending free mouistnya dihilangkan saja,1,2025-06-07 14:27
user_1684,Tas Wanita,"Mantap, gak nyesel beli di sini.",4,2023-12-24
kezia58,Kemeja Polos,"Produk bagus, bahan adem dan sesuai gambar.",5,2025-02-10
user_5531,Rak Sepatu,Penjual tidak merespon chat.,2,2024-09-24
user_23843,Jam Tangan Digital,Terlalu mahal untuk kualitas seperti ini.,1,2023-03-29
user_20676,Lampu Tidur,Barang tidak berfungsi dengan baik.,2,2024-07-10
user_11833,Celana Jeans,Top banget! Bakal order lagi nanti.,5,2023-08-18
user_16589,Smartphone Android,Baru dipakai sebentar sudah rusak.,1,2024-12-20
user_23678,Jam Tangan Digital,"Puas banget, terima kasih seller!",4,2024-04-09
user_20043,Kemeja Pria,Barang rusak saat diterima.,2,2023-02-07
prabowohamzah,Jam Tangan Digital,Produk original dan kualitasnya premium.,5,2025-02-07
user_1425,Lampu Tidur,Terlalu mahal untuk kualitas seperti ini.,1,2023-08-31
user_12647,Sepatu Sneakers,Ukuran tidak sesuai deskripsi.,2,2024-06-03
user_386,Kaos Polos,Tidak direkomendasikan sama sekali.,1,2024-02-18
user_8599,Powerbank,Sangat kecewa dengan produk ini.,2,2023-03-18
edi00,Parfum Unisex,Barang sampai dengan aman dan cepat.,5,2024-09-01
user_22094,Jam Tangan Digital,"Mantap, gak nyesel beli di sini.",4,2023-07-19
user_18158,Meja Belajar,Ukuran tidak sesuai deskripsi.,2,2023-01-06
yzulaika,Jam Tangan Digital,"Sudah belanja beberapa kali, selalu puas.",5,2025-01-01
user_1955,Smartphone Android,Produk tidak sesuai gambar.,2,2024-08-20
user_22368,Mouse Wireless,Rating tinggi tapi kualitas rendah.,2,2024-03-17
user_15808,Lampu Tidur,Produk kotor dan tidak layak pakai.,1,2023-12-06
user_23942,Headset Gaming,Sudah beli berkali-kali di sini dan selalu puas.,4,2023-11-06
user_5038,Jam Tangan Digital,Baru dipakai sebentar sudah rusak.,1,2024-11-09
user_20720,Tas Wanita,Suka banget sama produk ini.,5,2023-11-12
user_9999,Smartphone Android,Produk tidak sesuai gambar.,2,2023-09-22
wira03,Mouse Wireless,"Produk bagus, bahan adem dan sesuai gambar.",5,2024-12-09
boktaviani,Lipstik Matte,Produk original dan kualitasnya premium.,5,2024-06-22
sihombingtomi,Celana Jeans,Barang sampai dengan aman dan cepat.,4,2024-10-16
user_9761,Makeup Set,Produk kotor dan tidak layak pakai.,2,2023-07-21
user_7999,Kursi Lipat,Terlalu mahal untuk kualitas seperti ini.,1,2023-05-28
hnatsir,Sepatu Sneakers,"Packing rapi banget, penjual ramah.",5,2025-01-09
user_17450,Makeup Set,Packing asal-asalan.,1,2024-06-20
mbakreva,[ ! TERBATAS ! ] SKINTIFIC -  12% Acid Peeling Solution Glowing Serum 30ml | Eksfoliasi Wajah  Exfoliasi Exfoliating Serum Essence Penghalusan Kulit  Mengangkat Sel Kulit Mati Membersihkan Anti Acne Mencerahkan Jerawat Mengencangkan Kulit Glass Skin,Efek:panas di muka,1,2025-06-12 21:22
user_5861,Tas Wanita,Sangat kecewa dengan produk ini.,2,2023-01-10
user_17214,Sepatu Sneakers,Packing rapi dan aman sampai tujuan.,5,2023-06-06
heppysarii,Oneda Melody Tas Jinjing Bahu Selempang Wanita #S8019,"Desain:big
Warna:white
Ukuran:pas donggg

Terimakasihh kak , padahal aku pngn paperbagnya hehe 
Maaf ya foto nya di hp satunya   .. tp baguss   sukakk",5,2025-06-08 22:02
user_8273,Tas Wanita,Terlalu mahal untuk kualitas seperti ini.,1,2023-02-16
user_12837,Headset Gaming,Barang tidak berfungsi dengan baik.,1,2023-10-23
user_23442,Rak Sepatu,Kualitas sangat buruk.,1,2023-09-17
prabowokusuma,Sandals Pria,"Pengiriman cepat, packing rapi. Recommended!",5,2025-05-10
user_15359,Celana Jeans,Penjual tidak merespon chat.,1,2024-10-24
user_23949,Kursi Lipat,Produk kotor dan tidak layak pakai.,1,2024-05-16
setiawankasiyah,Parfum Unisex,"Respon penjual cepat, barang dikirim hari itu juga.",5,2025-02-05
user_9908,Keyboard Mechanical,Packing asal-asalan.,2,2023-07-23
elailasari,Tas Ransel,"Respon penjual cepat, barang dikirim hari itu juga.",5,2025-01-17
user_20543,Kemeja Pria,Penjual tidak merespon chat.,1,2024-12-25
user_15617,Flashdisk 64GB,"Beli karena review bagus, ternyata zonk.",2,2024-08-15
user_19474,Kursi Lipat,"Barang palsu, bukan original.",1,2023-02-26
user_16044,Headset Gaming,Barang datang lebih cepat dari perkiraan.,5,2023-04-12
pfujiati,Parfum Unisex,"Harga terjangkau, kualitas mantap!",5,2025-02-07
user_14757,Mouse Wireless,Sudah beli berkali-kali di sini dan selalu puas.,5,2023-05-07
user_24193,Powerbank,Pengiriman sangat lama.,2,2024-12-14
user_22282,Powerbank,"Beli karena review bagus, ternyata zonk.",1,2024-06-19
user_4942,Sepatu Sneakers,Penjual tidak merespon chat.,1,2023-01-15
riaaristina780,HijabChic Akira Tops - Atasan Muslim Knit Lembut Nyaman Ruffle Kekinian,Desain:ga sesuai gambar,1,2025-06-10 15:15
user_12314,Parfum Wanita,Tidak direkomendasikan sama sekali.,2,2023-01-09
vanesa10,Parfum Unisex,"Produk bagus, bahan adem dan sesuai gambar.",5,2024-09-04
user_24073,Rak Sepatu,"Barang palsu, bukan original.",1,2023-10-24
user_12779,Powerbank,Rating tinggi tapi kualitas rendah.,1,2024-02-23
user_7999,Headset Gaming,Harga terjangkau dengan kualitas oke.,4,2023-11-29
user_1221,Meja Belajar,Produk kotor dan tidak layak pakai.,2,2024-04-25
revianakarin,SKIN1004 Madagascar Centella Air-Fit Suncream Light SPF30 PA+++,baguusss,5,2025-06-11 22:48
n92eu76hci,SKINTIFIC - 3X Acid Acne Gel Cleanser 120ml | Salicilyc Acid Facial Wash Cleanses Excess Sebum Face Wash Sabun Cuci Muka Acner Glowing Barrier Brightening Whitening Blackhead Removal Calming with 3X ACID Complex,Maskernya kurang 1 saya beli 2 kok datang nya cuma 1,1,2025-06-12 10:30
user_17652,Lampu Tidur,Kualitas sangat buruk.,1,2023-03-01
user_15727,Kursi Lipat,Tidak direkomendasikan sama sekali.,2,2023-03-28
user_3813,Smartphone Android,"Barang palsu, bukan original.",2,2024-08-29
user_1645,Kemeja Pria,Terlalu mahal untuk kualitas seperti ini.,2,2024-03-26
user_8365,Parfum Wanita,"Barang cacat, sangat mengecewakan.",1,2024-04-20
user_8128,Kaos Polos,Barang original dan berkualitas.,4,2024-04-24
gilang12,Jaket Hoodie,Produk original dan kualitasnya premium.,5,2025-04-04
user_22232,Lampu Tidur,Barang original dan berkualitas.,4,2024-03-10
user_4062,Meja Belajar,Barang original dan berkualitas.,4,2024-08-11
user_4771,Kursi Lipat,"Beli karena review bagus, ternyata zonk.",2,2024-05-18
user_10184,Keyboard Mechanical,"Pelayanan cepat, packing aman, produk oke!",4,2023-10-30
opuspita,Tas Ransel,"Harga terjangkau, kualitas mantap!",5,2024-11-26
user_15044,Buku Catatan,Tidak direkomendasikan sama sekali.,1,2023-08-06
septimanullang,Powerbank 10000mAh,"Pengiriman cepat, packing rapi. Recommended!",5,2024-10-21
user_20054,Mouse Wireless,Produk tidak sesuai gambar.,1,2023-02-22
user_18372,Flashdisk 64GB,Top banget! Bakal order lagi nanti.,5,2024-05-23
f*****a,SKIN1004 [Centella Duo Cleanser Set] Cleansing Oil 200ml+Ampoule Foam 125ml,"Kagettt pas beli 100ribuan dapet 2 size gede gini loh..
Cleansing oil di wajahku yg lagi banyak bgt sebaseus filamentnya dia bener bisa lepas2 gt. Gampang di emulsify juga. Baru 1x pake belum tau aman di wajahku engga

Facial foamnya ini gong sih.. banyak busa tapi gak keset. Bersih.. enak di muka ga ketarik samsek yaa",5,2025-06-04 09:04
user_23099,Rak Sepatu,Packing asal-asalan.,1,2024-08-14
user_7953,Sepatu Sneakers,Pengiriman sangat lama.,1,2023-09-30
user_14926,Kemeja Pria,Packing rapi dan aman sampai tujuan.,5,2023-09-17
user_1752,Celana Jeans,Tidak direkomendasikan sama sekali.,1,2023-07-09
user_3738,Kemeja Pria,Tidak direkomendasikan sama sekali.,1,2023-07-07
user_5844,Lampu Tidur,"Barang cacat, sangat mengecewakan.",2,2023-10-16
tiramarbun,Lipstik Matte,"Sudah belanja beberapa kali, selalu puas.",5,2024-07-27
user_21075,Makeup Set,"Barang cacat, sangat mengecewakan.",2,2023-10-26
hassanahkaren,Sepatu Sneakers,"Harga terjangkau, kualitas mantap!",5,2025-02-19
user_6370,Keyboard Mechanical,Warna tidak sesuai pesanan.,1,2024-01-12
user_11387,Kursi Lipat,Produk tidak sesuai gambar.,1,2023-03-04
user_22114,Meja Belajar,Sesuai dengan rating dan review yang saya baca.,4,2023-04-01
user_20989,Sepatu Sneakers,Ukuran pas dan sesuai pesanan.,5,2023-12-05
user_7296,Smartphone Android,Sudah beli berkali-kali di sini dan selalu puas.,5,2024-07-28
user_19329,Headset Gaming,Barang original dan berkualitas.,5,2024-05-31
k*****u,SKINTIFIC - 377 Dark Spot 2pcs Set | Moisture Gel 30g + Serum 20ml | Niacinamide Brightening Tranexamic Acid Lightening Acne Glowing Barrier Anti-Aging Brightening Whitening Blackhead Removal Peeling Paket-Skincare,"Tekstur:lembut
Daya Serap:sagat bagus
Keaslian:sesuai

Sangat bagus untuk kulit yg mau cerah",5,2025-06-13 10:11
dnababan,Celana Jeans,Produk original dan kualitasnya premium.,5,2024-08-17
user_13484,Flashdisk 64GB,Sesuai dengan rating dan review yang saya baca.,5,2023-04-15
user_1135,Jam Tangan Digital,Kualitas sangat buruk.,1,2024-04-04
user_10816,Makeup Set,Ukuran tidak sesuai deskripsi.,2,2024-12-10
cemetimayasari,Mouse Wireless,"Harga terjangkau, kualitas mantap!",5,2025-03-15
user_21112,Makeup Set,"Barang cacat, sangat mengecewakan.",2,2023-04-16
user_19678,Powerbank,Barang datang lebih cepat dari perkiraan.,4,2024-01-12
user_5640,Flashdisk 64GB,Suka banget sama produk ini.,5,2024-03-14
mumpunipranowo,Celana Jeans,"Harga terjangkau, kualitas mantap!",5,2025-06-03
ibrani64,Parfum Unisex,"Sesuai deskripsi, kualitas oke dan tahan lama.",5,2024-07-03
marbunkarta,Headset Bluetooth,"Respon penjual cepat, barang dikirim hari itu juga.",4,2024-06-22
malamaulana,Jaket Hoodie,"Sudah belanja beberapa kali, selalu puas.",5,2024-08-24
user_23537,Kursi Lipat,Barang original dan berkualitas.,5,2023-02-27
user_13494,Jam Tangan Digital,Baru dipakai sebentar sudah rusak.,1,2023-12-04
user_13790,Flashdisk 64GB,Sudah beli berkali-kali di sini dan selalu puas.,5,2023-03-21
user_16645,Smartphone Android,Sangat direkomendasikan untuk semua orang.,5,2024-11-21
shanianatsir,Celana Jeans,Barang sampai dengan aman dan cepat.,5,2025-05-18
yuniarmahesa,Lipstik Matte,"Pengiriman cepat, packing rapi. Recommended!",5,2024-11-13
user_24153,Lampu Tidur,Worth it banget untuk harga segini.,4,2024-04-13
user_24343,Celana Jeans,Sudah beli berkali-kali di sini dan selalu puas.,5,2024-06-29
ssitorus,Celana Jeans,"Respon penjual cepat, barang dikirim hari itu juga.",4,2025-05-02
user_7761,Tas Wanita,Kualitas di atas ekspektasi saya!,4,2024-11-17
user_22098,Rak Sepatu,"Puas banget, terima kasih seller!",5,2024-03-08
kwahyudin,Celana Jeans,"Respon penjual cepat, barang dikirim hari itu juga.",5,2024-09-05
user_17962,Kemeja Pria,Barang original dan berkualitas.,5,2024-11-17
padmasarioliva,Jam Tangan Digital,Produk original dan kualitasnya premium.,5,2024-08-12
user_10857,Makeup Set,Warna tidak sesuai pesanan.,2,2024-03-20
siufungafung,SKINTIFIC - 377 Dark Spot 2pcs Set | Moisture Gel 30g + Serum 20ml | Niacinamide Brightening Tranexamic Acid Lightening Acne Glowing Barrier Anti-Aging Brightening Whitening Blackhead Removal Peeling Paket-Skincare,"Tekstur:jelek
Daya Serap:dikit

Pecag",1,2025-06-11 17:34
user_16418,Keyboard Mechanical,Baru dipakai sebentar sudah rusak.,2,2024-01-22
h*****8,Paperbag Miniso KKV Matahari,"Desain:modern 👜
Ketebalan:lumayan 😜
Warna:merah 🔴

Harga lumayan terjangkau, cocok untuk kemasan kado. Bakal langganan terus di toko ini. Terimakasih seller 😆💗",5,2024-12-29 09:29
user_231,Parfum Wanita,Packing asal-asalan.,1,2023-04-17
user_7622,Jam Tangan Digital,Packing asal-asalan.,2,2023-04-04
user_7094,Lampu Tidur,Pengiriman sangat lama.,2,2024-08-14
nratya,SKIN1004 Madagascar Centella Hyalu-Cica Blue Serum 50ml,"Tekstur:cair
Daya Serap:cepaat banget meresap
Efek:meredakan bruntusan

aku udah pake 3pakettt🫶🏻",5,2025-06-11 20:57
hartanaardianto,Sepatu Sneakers,Produk original dan kualitasnya premium.,5,2024-11-17
j*****g,[MUST HAVE] BNB barenbliss Cherry Makes Cheerful Lip Velvet Korea Lipcream (24H Moisturizing)  Lipcream Hasil Akhir Velvet Untuk Melembabkan Bibir Terhidrasi hingga tahan 24 Jam,"Warna:kering dan warna nya tidak seperti di foto, warna nya lebih ke merah ke unguan",2,2025-06-15 11:16
user_16513,Kemeja Pria,Pengiriman sangat lama.,2,2023-08-26
rahmawatizalindra,Tas Ransel,"Sudah belanja beberapa kali, selalu puas.",5,2024-08-03
user_23977,Makeup Set,Tidak direkomendasikan sama sekali.,1,2023-05-30
user_5357,Keyboard Mechanical,Ukuran tidak sesuai deskripsi.,2,2024-03-09
user_15046,Mouse Wireless,"Mantap, gak nyesel beli di sini.",4,2023-06-17
user_8972,Meja Belajar,Sudah komplain tapi tidak ada solusi.,2,2024-07-01
user_19858,Jam Tangan Digital,Produk tidak sesuai gambar.,2,2023-05-31
user_19467,Keyboard Mechanical,Barang datang lebih cepat dari perkiraan.,4,2023-02-15
user_1354,Jam Tangan Digital,Pengiriman sangat lama.,2,2023-04-03
user_15887,Skincare Serum,Harga terjangkau dengan kualitas oke.,4,2024-06-29
user_17348,Kaos Polos,Barang original dan berkualitas.,4,2023-10-15
user_6764,Kemeja Pria,Terlalu mahal untuk kualitas seperti ini.,1,2024-08-13
user_5993,Flashdisk 64GB,Produk kotor dan tidak layak pakai.,1,2023-03-12
user_18807,Buku Catatan,Barang rusak saat diterima.,1,2023-06-21
user_5213,Headset Gaming,Tidak direkomendasikan sama sekali.,2,2024-04-29
user_6968,Makeup Set,Ukuran tidak sesuai deskripsi.,1,2023-01-25
elmaiswahyudi,Jam Tangan Digital,"Pengiriman cepat, packing rapi. Recommended!",5,2024-10-18
user_21620,Skincare Serum,Sangat direkomendasikan untuk semua orang.,4,2023-07-31
user_2476,Lampu Tidur,Sangat puas dengan pelayanan toko ini.,4,2023-08-15
diberkati_terus,SKINTIFIC - Perfect Stay Velvet Matte Cushion | Foundation Compact Oil-Control Waterproof Sweatproof Matte Finish Non-Comedogenic Poreless Blue Cushion Foundation Flawless BB&CC Cream Makeup High-Coverage Bedak Skin Tint,salah pilih shadeeeeee..gelap banget,1,2025-06-13 11:42
user_5095,Smartphone Android,Packing asal-asalan.,1,2024-08-22
user_904,Kemeja Pria,Pengiriman sangat lama.,2,2023-10-07
user_23619,Parfum Wanita,Terlalu mahal untuk kualitas seperti ini.,2,2024-02-28
user_5700,Kemeja Pria,Produk kotor dan tidak layak pakai.,1,2023-01-20
user_24044,Buku Catatan,Worth it banget untuk harga segini.,4,2024-02-26
user_13208,Kaos Polos,Tidak direkomendasikan sama sekali.,1,2024-12-30
user_14628,Jam Tangan Digital,Suka banget sama produk ini.,5,2024-08-25
asamosir,Tumbler Stainless,"Respon penjual cepat, barang dikirim hari itu juga.",5,2025-03-25
abu_azka,[​NEW ADVANCED FORMULA] SKINTIFIC - 5X Ceramide Serum Sunscreen SPF 50+ PA++++ 50ml | Melembapkan Hidrasi Lembap Sunblock Sun-Repair Invisible Serum 2-in-1 Skincare Sunscreen Skin True to Skin Sunscreen Aqua Sunblock Glowing Barrier,Pembelian ketiga disini... Secara produk ini kualitasnya oke dan cocok kami pakai... Tp QC kali ini buruk...Yang dipesan 2 pcs ceramide yg dikirim cm 1 pcs...,1,2025-06-10 21:43
user_20381,Skincare Serum,Barang rusak saat diterima.,1,2024-12-21
kalamustofa,Mouse Wireless,"Sesuai deskripsi, kualitas oke dan tahan lama.",5,2025-03-08
user_897,Smartphone Android,Kualitas di atas ekspektasi saya!,4,2024-10-02
user_24286,Lampu Tidur,Baru dipakai sebentar sudah rusak.,1,2024-01-10
user_6341,Flashdisk 64GB,Worth it banget untuk harga segini.,5,2024-01-06
user_23002,Buku Catatan,Sesuai dengan rating dan review yang saya baca.,4,2024-06-27
user_22365,Sepatu Sneakers,Pengiriman cepat dan aman.,4,2023-02-04
user_22912,Mouse Wireless,Produk sangat bagus dan sesuai deskripsi!,5,2023-01-03
nmelani,Jam Tangan Digital,"Produk bagus, bahan adem dan sesuai gambar.",4,2025-02-21
user_21200,Tas Wanita,Kualitas sangat buruk.,2,2023-01-08
user_21942,Celana Jeans,Rating tinggi tapi kualitas rendah.,1,2023-12-01
user_122,Headset Gaming,Sangat direkomendasikan untuk semua orang.,5,2023-03-25
user_18341,Kemeja Pria,"Barang cacat, sangat mengecewakan.",2,2024-03-22
irwandamanik,Headset Bluetooth,"Respon penjual cepat, barang dikirim hari itu juga.",4,2024-07-25
lalamuttd,HijabChic Uzma Top | Atasan Kaos Combed Muslimah Simple Nyaman Lembut Lengan Pof Best Seller,Ada bolong sedikit dibagian tangan nya,5,2025-03-22 14:18
k*****a,HijabChic Glenda Denim Pants - Celana Denim High Waist Unfinished Nyaman Best Seller,"bagus bgt dr bahan, ukuran pas, tp ternyata lingkar pesaknya besar bgt ga expect :))) tp ya ok masih kepake sih",5,2025-04-29 15:39
liztyadi,Bed Cover Set Blue Hazumi Mix Silver - 90x200 - 200x200 - Evedaily,Desain:bagus bangettt 👍👍,5,2025-05-18 08:53
user_1915,Keyboard Mechanical,Produk kotor dan tidak layak pakai.,1,2023-01-10
user_3750,Jam Tangan Digital,Tidak direkomendasikan sama sekali.,2,2024-01-28
user_2263,Flashdisk 64GB,Rating tinggi tapi kualitas rendah.,2,2023-02-19
user_7277,Kursi Lipat,Ukuran tidak sesuai deskripsi.,1,2024-12-11
user_17352,Flashdisk 64GB,Sangat direkomendasikan untuk semua orang.,4,2024-11-10
user_11420,Tas Wanita,Barang datang lebih cepat dari perkiraan.,5,2024-10-30
user_7342,Makeup Set,Produk kotor dan tidak layak pakai.,1,2024-10-22
user_849,Skincare Serum,Pengiriman cepat dan aman.,5,2023-05-24
dwibisono,Parfum Unisex,"Respon penjual cepat, barang dikirim hari itu juga.",5,2025-06-02
user_9541,Sepatu Sneakers,Sudah komplain tapi tidak ada solusi.,2,2024-11-05
770end,Gosh Lunaria 470 Shoulder Bag,"Kapasitas:pas
Kualitas:ok
Desain:bagus",5,2025-06-08 21:05
user_10435,Buku Catatan,Ukuran tidak sesuai deskripsi.,2,2024-05-21
gq78jndwji,[NEW LAUNCH] BNB barenbliss Bloomdew Moonlight Dewy Mesh Cushion Cushion Dewy 24 Jam SPF 50 PA+++ Niacinamide & Miracle Bloom Essence Cushion Ringan Tahan Lama & Melembapkan,Cocok untuk:bnb plsss brang nya rusak😔😔,1,2025-06-15 14:04
user_8182,Tas Wanita,Packing asal-asalan.,1,2024-05-11
ernayuliana31,Sepatu ringan triset,Sepatunya bagus kualitas wokeeehhh insya allah ori yaaa....ada harga ada barang...,5,2021-07-21 16:09
m*****4,SKIN1004 Madagascar Centella Toning Toner 210ml,"Tekstur:cair
Daya Serap:cepat banget
Cocok untuk:muka

Awal beli yg kecik banget , cocok. Jadi beli yang besar",5,2025-06-11 21:30
user_1635,Parfum Wanita,"Barang palsu, bukan original.",1,2023-05-29
fifiiiii13,Gosh Amaryllis 305 Hand Bag,"Desain:GA DIKIRIM PAPERBAGNYA
Kualitas:GA DIKIRIM PAPERBAGNYA
Kapasitas:GA DIKIRIM PAPERBAGNYA",1,2025-06-13 01:22
nadpn,Gosh Avellino 531 Sandal Mules,"Kecewa, seperti barang yang sdh lama dipakai",1,2025-06-14 11:47
user_9184,Powerbank,Warna dan bentuk persis seperti di gambar.,5,2024-09-02
user_11981,Celana Jeans,Tidak direkomendasikan sama sekali.,2,2023-08-29
user_15539,Flashdisk 64GB,Terlalu mahal untuk kualitas seperti ini.,2,2024-09-08
user_3097,Kemeja Pria,Tidak direkomendasikan sama sekali.,2,2024-11-21
user_19402,Celana Jeans,Packing rapi dan aman sampai tujuan.,5,2024-06-16
user_5,Parfum Wanita,Ukuran tidak sesuai deskripsi.,2,2023-01-20
saifulmandala,Sandals Pria,"Sesuai deskripsi, kualitas oke dan tahan lama.",5,2024-08-27
user_9048,Rak Sepatu,Pengiriman sangat lama.,1,2023-01-04
user_4202,Smartphone Android,"Mantap, gak nyesel beli di sini.",4,2023-09-25
susantiabyasa,Lipstik Matte,"Produk bagus, bahan adem dan sesuai gambar.",4,2025-03-29
4321dinds,SKIN1004 Madagascar Centella Ampoule 30ml,"Tekstur:car
Daya Serap:ringannn
Cocok untuk:wajah",5,2025-06-11 22:37
user_4775,Tas Wanita,Kualitas di atas ekspektasi saya!,4,2024-10-03
u*****i,[100gr] Racun Petrokum Tikus Mati Kering Tanpa Bau Super Ampuh Pest Control Pembasmi Hama Trap 100 gr Umpan Rat Mouse Poison - OX,"barang sudah diterima
baik dan cukup sesuai pesanan
aman dan tidak ada kerusakan",5,2025-05-30 17:46
user_3028,Sepatu Sneakers,Packing asal-asalan.,2,2023-10-20
user_2980,Skincare Serum,Produk sangat bagus dan sesuai deskripsi!,4,2023-12-14
user_19728,Buku Catatan,Tidak direkomendasikan sama sekali.,1,2024-05-04
jnasyiah,Sandals Pria,"Produk bagus, bahan adem dan sesuai gambar.",5,2024-10-23
user_12947,Buku Catatan,Warna dan bentuk persis seperti di gambar.,5,2023-05-07
user_6630,Buku Catatan,Pengiriman sangat lama.,1,2024-11-20
ciaobella39,Parfum Unisex,Produk original dan kualitasnya premium.,5,2024-07-18
maderasmiati,[10PCS!!!] SKINTIFIC- Full Series Skincare Set | 5X ceramide Serum Moisturizer Gel Toner Sunscreen Cleanser Mousse Facial Wash Day Night Cream Acner Glowing Barrier Calm Down Brightening Whitening Spot retinol Paket Set,"Di live bilang gratis 10prodak, kok yg dateng paket normal",1,2025-06-11 13:10
mutiamandasari,Keyboard Mechanical,"Respon penjual cepat, barang dikirim hari itu juga.",5,2024-10-22
user_23287,Lampu Tidur,Warna tidak sesuai pesanan.,1,2024-04-07
user_18452,Rak Sepatu,Pengiriman cepat dan aman.,4,2024-08-12
user_14544,Keyboard Mechanical,"Barang cacat, sangat mengecewakan.",2,2024-09-29
user_19714,Kursi Lipat,"Barang cacat, sangat mengecewakan.",1,2024-01-23
habibijais,Parfum Unisex,"Respon penjual cepat, barang dikirim hari itu juga.",4,2025-04-13
user_17563,Headset Gaming,"Barang cacat, sangat mengecewakan.",2,2023-07-05
eli55,Dompet Kulit,"Packing rapi banget, penjual ramah.",5,2025-01-03
rahmisitompul,Sandals Pria,"Produk bagus, bahan adem dan sesuai gambar.",4,2024-07-07
user_4917,Rak Sepatu,Terlalu mahal untuk kualitas seperti ini.,1,2023-01-01
user_17135,Lampu Tidur,Rating tinggi tapi kualitas rendah.,1,2024-09-24
aslijansimbolon,Sandals Pria,"Respon penjual cepat, barang dikirim hari itu juga.",5,2024-12-29
hprasetyo,Tumbler Stainless,"Pengiriman cepat, packing rapi. Recommended!",5,2025-04-03
user_631,Powerbank,Sangat puas dengan pelayanan toko ini.,4,2024-06-24
user_16843,Smartphone Android,Pengiriman sangat lama.,1,2024-08-26
j*****g,[GIFT] BNB barenbliss Mari Mori Make Up Remover Wipes,"Warna nya pucat tidak seperti di foto
Dan susah di blend
Tidak sperti yang pertama beli",2,2025-06-15 11:16
habibinajib,Tumbler Stainless,"Sesuai deskripsi, kualitas oke dan tahan lama.",5,2025-03-12
user_7234,Parfum Wanita,Sudah komplain tapi tidak ada solusi.,1,2023-10-15
user_17428,Smartphone Android,Penjual tidak merespon chat.,2,2023-04-03
warsitapadmasari,Jam Tangan Digital,"Sudah belanja beberapa kali, selalu puas.",4,2025-02-08
user_19265,Keyboard Mechanical,"Servis buruk, tidak profesional.",1,2024-07-12
user_2224,Keyboard Mechanical,Pengiriman sangat lama.,2,2023-12-14
anang_pambudi123,Nevada Feliz2 Slipper Sandal Wanita 121585009,"Kenyamanan:sangat nyaman
Kualitas:bagus
Styling:elegan

Sendal nya bagus bngt .. matahari memang gg prnh gagal .. ukuran nya pas bngt",5,2025-06-13 05:02
kwijayanti,Parfum Unisex,"Sesuai deskripsi, kualitas oke dan tahan lama.",5,2024-06-28
user_5565,Skincare Serum,Baru dipakai sebentar sudah rusak.,2,2023-04-07
taufik12,Kemeja Polos,Produk original dan kualitasnya premium.,5,2024-07-05
user_26,Meja Belajar,Rating tinggi tapi kualitas rendah.,1,2023-12-17
user_5212,Buku Catatan,Produk kotor dan tidak layak pakai.,1,2023-05-11
user_8406,Makeup Set,Produk tidak sesuai gambar.,1,2023-08-29
user_8476,Keyboard Mechanical,Kualitas sangat buruk.,2,2023-05-07
user_24135,Skincare Serum,Rating tinggi tapi kualitas rendah.,2,2023-04-06
karya92,Parfum Unisex,"Packing rapi banget, penjual ramah.",5,2025-03-27
user_15141,Headset Gaming,Worth it banget untuk harga segini.,5,2024-04-01
user_8588,Lampu Tidur,Produk kotor dan tidak layak pakai.,1,2024-08-06
d*****9,Nevada Reg Print Garfield Kaos Lengan Pendek Wanita 121903398,Produk matahari ga pernah ngecewain,5,2025-06-11 21:24
wiekecand,[MUST HAVE] BNB barenbliss Cherry Makes Cheerful Lip Velvet Korea Lipcream (24H Moisturizing)  Lipcream Hasil Akhir Velvet Untuk Melembabkan Bibir Terhidrasi hingga tahan 24 Jam,"Teksturnya lembut, ada efek blurry, dan gak bikin bibir kering, warnanya cakep bgt. Suka sekali",5,2025-06-15 07:48
user_20177,Sepatu Sneakers,Penjual tidak merespon chat.,1,2024-03-15
user_9752,Headset Gaming,Sesuai dengan rating dan review yang saya baca.,4,2023-05-11
user_10352,Makeup Set,Penjual tidak merespon chat.,2,2024-01-30
user_2135,Smartphone Android,Packing asal-asalan.,1,2023-11-22
user_17409,Kursi Lipat,Tidak direkomendasikan sama sekali.,1,2024-03-12
user_1005,Sepatu Sneakers,Kualitas sangat buruk.,2,2024-07-28
user_20285,Skincare Serum,Ukuran tidak sesuai deskripsi.,1,2024-09-28
user_22005,Jam Tangan Digital,Top banget! Bakal order lagi nanti.,5,2024-11-21
e*****i,Gosh Lunaria 323 Sling Bag,"terimakasih byk kak, barang sdh diterima dgn baik & aman..
free packing kardus
seller ramah, fast respon..
sukses selalu kak",5,2025-06-12 08:46
user_20567,Jam Tangan Digital,Produk kotor dan tidak layak pakai.,2,2023-05-12
unjanigunawan,Parfum Unisex,"Produk bagus, bahan adem dan sesuai gambar.",5,2025-04-06
user_20957,Parfum Wanita,Packing asal-asalan.,1,2023-10-07
darmajimaulana,Sepatu Sneakers,"Pengiriman cepat, packing rapi. Recommended!",4,2024-10-29
user_18419,Rak Sepatu,Pengiriman sangat lama.,1,2024-02-29
umaryati,Tumbler Stainless,"Sudah belanja beberapa kali, selalu puas.",4,2025-03-12
user_12489,Rak Sepatu,"Beli karena review bagus, ternyata zonk.",2,2023-07-10
geridewantara_,SKINTIFIC UV Shield Sunscreen All Series - SPF50+ SPF35 PA++++ Skincare | Matte Fit / 5X Ceramide / Aqua Light Daily/ Light Serum Brightening Sunscreen With Vitamin C 5X Ceramide Zinc PCA Ectoin Oat Extract UVA/UVB Filter,kemasan rusak pada penyok semua,1,2025-06-09 18:22
user_8404,Kursi Lipat,"Servis buruk, tidak profesional.",1,2023-02-20
user_5387,Skincare Serum,"Beli karena review bagus, ternyata zonk.",1,2023-01-10
pardiandriani,Jam Tangan Digital,"Harga terjangkau, kualitas mantap!",5,2024-12-26
ibunsimbolon,Mouse Wireless,Produk original dan kualitasnya premium.,4,2025-03-04
user_18558,Rak Sepatu,Pengiriman sangat lama.,1,2023-06-05
user_17232,Mouse Wireless,"Barang palsu, bukan original.",1,2023-11-28
user_17393,Smartphone Android,Sudah komplain tapi tidak ada solusi.,1,2023-01-06
user_3494,Sepatu Sneakers,"Barang cacat, sangat mengecewakan.",2,2023-12-16
user_19805,Buku Catatan,Penjual tidak merespon chat.,2,2023-01-08
user_95,Jam Tangan Digital,Tidak direkomendasikan sama sekali.,1,2023-11-05
user_12281,Jam Tangan Digital,Ukuran tidak sesuai deskripsi.,1,2024-07-15
user_18977,Kemeja Pria,Worth it banget untuk harga segini.,4,2024-10-18
wagebudiman,Celana Jeans,Produk original dan kualitasnya premium.,5,2024-08-18
user_7716,Headset Gaming,Sangat direkomendasikan untuk semua orang.,4,2023-01-15
5to6eeum1p,Gio Saverino Flatshoes Wanita Nabila Korea,Desain:bagus sesuai pic,5,2025-06-12 07:43
7_8nv0jbdc,Tas ransel Backpack Lazzardi - Splendido | Tas laptop,Lumayan barang sesuai harga,5,2025-03-04 21:57
k*****2,Gosh Novara 451 Sandal Slingback,"Kenyamanan:gak.presisi sbenarnya
Styling:sederhana but ok
Kualitas:belom dicoba",5,2025-06-04 06:48
gunartodarmana,Sandals Pria,"Warnanya cantik dan tahan lama, puas banget!",5,2025-05-26
user_2621,Smartphone Android,Ukuran tidak sesuai deskripsi.,1,2023-08-20
user_11181,Celana Jeans,Barang rusak saat diterima.,1,2024-06-03
user_24047,Parfum Wanita,Sangat kecewa dengan produk ini.,2,2023-05-20
user_16972,Lampu Tidur,Packing asal-asalan.,1,2023-02-14
znugroho,Kemeja Polos,"Respon penjual cepat, barang dikirim hari itu juga.",5,2024-12-05
user_24872,Parfum Wanita,Ukuran tidak sesuai deskripsi.,2,2023-03-21
user_23067,Flashdisk 64GB,Barang tidak berfungsi dengan baik.,1,2024-04-28
kuswandaritasnim,Jaket Hoodie,Produk original dan kualitasnya premium.,5,2025-03-04
user_2117,Meja Belajar,"Pelayanan cepat, packing aman, produk oke!",4,2023-11-03
user_5610,Keyboard Mechanical,Suka banget sama produk ini.,5,2024-05-16
user_7129,Skincare Serum,Baru dipakai sebentar sudah rusak.,2,2023-02-20
user_13663,Powerbank,"Beli karena review bagus, ternyata zonk.",1,2024-06-28
user_24779,Parfum Wanita,"Servis buruk, tidak profesional.",1,2024-12-31
user_10354,Keyboard Mechanical,Rating tinggi tapi kualitas rendah.,2,2024-11-26
jumari51,Jaket Hoodie,"Sudah belanja beberapa kali, selalu puas.",5,2024-07-30
user_20879,Celana Jeans,"Mantap, gak nyesel beli di sini.",5,2023-07-23
farahkhairunnisa17,[PRELOVED] - Navy Flanel | LD 116CM | Kemaja Oversized | Thrift Atasan Murah | Korean Style,"Lucu lucu ih😍 harum juga, pengirimannya cepat, thanks kak dapet bonus stiker juga😊",5,2021-04-01 21:24
juliapuspita,Tumbler Stainless,Produk original dan kualitasnya premium.,5,2025-04-29
asafitri,Sepatu Sneakers,Barang sampai dengan aman dan cepat.,5,2024-11-07
putragalar,Tumbler Stainless,Barang sampai dengan aman dan cepat.,5,2025-05-21
user_10425,Meja Belajar,Barang tidak berfungsi dengan baik.,1,2024-08-12
user_24831,Headset Gaming,Packing rapi dan aman sampai tujuan.,5,2023-06-30
s_vam,Gosh Bolzano 351 Sneakers,"Kenyamanan:sangat nyaman dan Ringan
Kualitas:sangat Baik

Maaf nx sempat foto n Vdio,,yg jlas akan pesan lagi..
Tidak Rugi u tuk memesannya..terbaik memang",5,2025-06-06 05:23
user_18631,Headset Gaming,Warna tidak sesuai pesanan.,2,2024-07-26
pradanafitria,Tumbler Stainless,"Harga terjangkau, kualitas mantap!",5,2024-08-14
user_3907,Jam Tangan Digital,Produk tidak sesuai gambar.,2,2024-02-04
lusamah,Sepatu Sneakers,Produk original dan kualitasnya premium.,5,2025-05-09
user_22168,Kaos Polos,Pengiriman sangat lama.,2,2024-06-05
s*****a,Fleurette| Sandal Wanita| AGATHA,"Kenyamanan:nyaman dipakai
Kualitas:baik
Pas untuk Acara:casual

Beli saat promo lebaran, was was takut ga nyampe sebelum lebaran, diproses cepat, ukuran pas, enak dipakai, ngga licin, lem sendal kuat, strap bisa diatur ngga sakit juga saat dipake",5,2025-06-03 16:21
user_1939,Kaos Polos,Ukuran pas dan sesuai pesanan.,5,2024-11-04
user_9150,Celana Jeans,Baru dipakai sebentar sudah rusak.,2,2023-03-08
user_21515,Skincare Serum,Sangat kecewa dengan produk ini.,1,2024-01-01
el_christine,Blackmores Bio C 1000Mg BPOM Kalbe 90 Tab | Suplemen Vitamin C Kekebalan Tubuh Dan Antioksidan,Kadaluarsa:01 mei 2027,5,2025-06-12 21:50
romadhonimoeh,Tas Selempang Wanita Hitam Shopie Martin T7909B5,Baguuus.. 😍,5,2025-06-07 16:48
user_21996,Headset Gaming,Suka banget sama produk ini.,4,2023-03-25
wennimori,Gio Saverino Sepatu Sneakers Anak Terbaru Messi,"Desain:sangat bagus
Warna:putih dongker
Kenyamanan:sagat nya.a dan mpukkk",5,2025-06-12 12:49
user_10435,Kaos Polos,Produk tidak sesuai gambar.,1,2023-06-02
user_899,Parfum Wanita,Barang tidak berfungsi dengan baik.,1,2023-11-12
user_19613,Skincare Serum,Penjual sangat ramah dan fast respon.,4,2024-09-21
user_15614,Skincare Serum,Pengiriman cepat dan aman.,4,2023-02-18
iwahyudin,Tas Ransel,"Harga terjangkau, kualitas mantap!",5,2024-10-07
user_7146,Kaos Polos,Produk sangat bagus dan sesuai deskripsi!,4,2023-03-22
user_23259,Kursi Lipat,Kualitas di atas ekspektasi saya!,5,2024-04-07
hardanaprasetya,Lipstik Matte,"Warnanya cantik dan tahan lama, puas banget!",5,2025-03-21
user_19185,Kursi Lipat,Ukuran pas dan sesuai pesanan.,4,2024-09-06
user_23934,Mouse Wireless,Sesuai dengan rating dan review yang saya baca.,5,2024-10-30
n*****y,Gosh Zinnia 434 Backpack,"Desain:biasa
Kapasitas:biasa
Pas untuk Acara:untuk school, jalan² juga oke

kok GOSH semakin kesini kwalitasnya kurang..
g seperti dulu Krn saya pengguna gosh dari zaman saya masih SMP, dan sekarang turun ke anak saya
minta tolong kwalitasnya dijaga

untuk jas akirim paket sudah terkoyak dan sepertinya sudah dibuka paketnya",2,2025-06-10 11:41
user_24967,Rak Sepatu,Suka banget sama produk ini.,5,2024-11-29
aisyahharahap890,[ ! TERBATAS ! ] SKINTIFIC -  12% Acid Peeling Solution Glowing Serum 30ml | Eksfoliasi Wajah  Exfoliasi Exfoliating Serum Essence Penghalusan Kulit  Mengangkat Sel Kulit Mati Membersihkan Anti Acne Mencerahkan Jerawat Dark Spot Mengencangkan Kulit,"Aroma:aromanya aneh bau gitu
Efek:pas di pake muka saya panas trus merah"" ngk tau apa karna ngk cocok udh mahal pula eh malah ngk cocok buat kalian kalo mau beli mikir"" deh",2,2025-06-11 21:15
user_1613,Headset Gaming,"Servis buruk, tidak profesional.",1,2023-03-19
winarsihmumpuni,Kemeja Polos,"Sudah belanja beberapa kali, selalu puas.",5,2025-03-19
user_14843,Skincare Serum,Ukuran tidak sesuai deskripsi.,1,2023-02-09
hirawan,Tumbler Stainless,"Packing rapi banget, penjual ramah.",5,2024-12-24
user_16506,Flashdisk 64GB,Barang tidak berfungsi dengan baik.,2,2023-02-13
user_16432,Sepatu Sneakers,Packing rapi dan aman sampai tujuan.,5,2024-07-28
user_3293,Kaos Polos,Tidak direkomendasikan sama sekali.,1,2024-02-02
ajimatsaefullah,Jam Tangan Digital,"Produk bagus, bahan adem dan sesuai gambar.",5,2025-02-11
user_22688,Kemeja Pria,Sesuai dengan rating dan review yang saya baca.,4,2023-02-05
user_12824,Tas Wanita,Terlalu mahal untuk kualitas seperti ini.,2,2023-04-09
user_18065,Parfum Wanita,Pengiriman sangat lama.,1,2023-06-21
user_8621,Kaos Polos,"Barang palsu, bukan original.",1,2024-08-11
ihastuti,Tas Ransel,"Harga terjangkau, kualitas mantap!",4,2024-11-25
user_9705,Tas Wanita,"Servis buruk, tidak profesional.",2,2024-06-24
user_14147,Celana Jeans,Barang datang lebih cepat dari perkiraan.,4,2024-05-13
user_18089,Keyboard Mechanical,Barang datang lebih cepat dari perkiraan.,5,2024-06-17
ana22_mimi.com,T9237B5 Tas Selempang Kulit Wanita Hitam Shopie Martin Official Promo Terbaru Original,"belum dibuka, tp sdh prcy aj blnja dtoko ini..makasoh dibeli..",5,2025-06-08 06:08
user_20607,Buku Catatan,"Beli karena review bagus, ternyata zonk.",1,2024-12-08
user_1128,Lampu Tidur,Terlalu mahal untuk kualitas seperti ini.,2,2023-05-22
user_5706,Rak Sepatu,Produk sangat bagus dan sesuai deskripsi!,4,2023-09-28
user_12724,Rak Sepatu,Rating tinggi tapi kualitas rendah.,1,2024-03-10
sitiplaystore122,SKINTIFIC - Ultra Cover Powder Foundation 9g |  Two Way Cake Pressed Powder Matte Bedak tabur Padat ori Compact Meratakan warna kulit with Carnosine Ectoin Squalane Silk TWC Powder cushion matte official biru cushion tahan lama blur,"Tekstur:hlus
Warna:pas
Kualitas:oke,tpi sayang bedak ny pecah hancur,jdy rubi bly ny,mna mau kmbaliin sush,ribet",1,2025-06-10 18:22
user_23587,Headset Gaming,Rating tinggi tapi kualitas rendah.,2,2023-03-19
user_11831,Powerbank,"Servis buruk, tidak profesional.",1,2024-09-09
user_10125,Buku Catatan,Baru dipakai sebentar sudah rusak.,1,2024-10-01
alambanasitumorang,Parfum Unisex,"Pengiriman cepat, packing rapi. Recommended!",4,2025-01-26
wisnu25,Tumbler Stainless,"Produk bagus, bahan adem dan sesuai gambar.",5,2024-07-20
munarmu,T9052B5 Tas Shopie Martin Official Selempang Kulit Wanita Terbaru Original,"Desain:lucu
Warna:warna bagus
Bahan:terbuat dari bahan yg bagus",5,2025-05-16 18:05
user_10590,Kursi Lipat,Penjual tidak merespon chat.,2,2023-07-28
user_23896,Jam Tangan Digital,Kualitas sangat buruk.,2,2024-12-22
a*****n,"Finally Found You! SUN-RICE ALL DAY Invisible UV Shield SPF 50 PA++++ 50ml - Sunscreen Wajah untuk Semua Jenis Kulit, Melindungi dari Sinar UVA UVB, Mencerahkan Wajah dan Memberikan Hasil Glass Skin","agak berminyaak pas dipake, kyk kurang cerah gitu",4,2025-06-13 10:08
user_7747,Meja Belajar,Pengiriman sangat lama.,1,2023-12-17
prabawa68,Jam Tangan Digital,"Sudah belanja beberapa kali, selalu puas.",5,2025-03-25
whariyah,Mouse Wireless,"Sudah belanja beberapa kali, selalu puas.",5,2024-06-13
user_6246,Tas Wanita,"Barang palsu, bukan original.",2,2023-05-13
user_14416,Keyboard Mechanical,Sudah komplain tapi tidak ada solusi.,2,2024-06-05
user_4643,Meja Belajar,Produk sangat bagus dan sesuai deskripsi!,5,2024-05-23
user_11094,Kursi Lipat,Tidak direkomendasikan sama sekali.,1,2024-02-05
yuliartiamalia,Mouse Wireless,"Packing rapi banget, penjual ramah.",4,2024-10-21
user_5509,Flashdisk 64GB,Packing rapi dan aman sampai tujuan.,4,2024-05-14
user_1744,Celana Jeans,Rating tinggi tapi kualitas rendah.,1,2023-09-02
qhardiansyah,Powerbank 10000mAh,"Harga terjangkau, kualitas mantap!",4,2024-08-23
user_9179,Keyboard Mechanical,Harga terjangkau dengan kualitas oke.,4,2023-03-26
hasanahasmianto,Kemeja Polos,"Harga terjangkau, kualitas mantap!",5,2025-02-13
user_18436,Flashdisk 64GB,Warna dan bentuk persis seperti di gambar.,5,2024-08-13
user_11129,Keyboard Mechanical,Barang tidak berfungsi dengan baik.,2,2023-09-08
user_17906,Smartphone Android,Warna tidak sesuai pesanan.,2,2023-05-16
user_7265,Parfum Wanita,Ukuran pas dan sesuai pesanan.,4,2024-10-31
user_4796,Rak Sepatu,Sudah komplain tapi tidak ada solusi.,1,2023-03-13
jane05,Celana Jeans,"Sesuai deskripsi, kualitas oke dan tahan lama.",4,2025-04-05
user_16761,Rak Sepatu,Sudah komplain tapi tidak ada solusi.,2,2024-08-18
asuwarno,Keyboard Mechanical,"Respon penjual cepat, barang dikirim hari itu juga.",5,2025-05-10
user_22075,Parfum Wanita,"Barang cacat, sangat mengecewakan.",1,2024-04-05
user_24225,Makeup Set,Produk kotor dan tidak layak pakai.,2,2024-09-24
user_18607,Lampu Tidur,Kualitas sangat buruk.,1,2023-09-14
user_12419,Kursi Lipat,Baru dipakai sebentar sudah rusak.,2,2023-02-08
user_17248,Powerbank,Sesuai dengan rating dan review yang saya baca.,4,2023-04-11
user_21125,Flashdisk 64GB,Baru dipakai sebentar sudah rusak.,1,2023-11-22
pardihidayat,Headset Bluetooth,"Warnanya cantik dan tahan lama, puas banget!",5,2025-02-01
user_3061,Mouse Wireless,Barang tidak berfungsi dengan baik.,1,2024-11-24
user_8256,Headset Gaming,Worth it banget untuk harga segini.,5,2023-06-03
user_19434,Jam Tangan Digital,Warna tidak sesuai pesanan.,2,2023-03-12
user_6578,Rak Sepatu,Barang datang lebih cepat dari perkiraan.,5,2023-02-14
kiandrasirait,Jam Tangan Digital,"Warnanya cantik dan tahan lama, puas banget!",5,2024-12-14
v*****.,[ ! TERBATAS ! ] SKINTIFIC -  12% Acid Peeling Solution Glowing Serum 30ml | Eksfoliasi Wajah  Exfoliasi Exfoliating Serum Essence Penghalusan Kulit  Mengangkat Sel Kulit Mati Membersihkan Anti Acne Mencerahkan Jerawat Mengencangkan Kulit Glass Skin,"Aroma:wangi ga wajar terlalu kenceng fragrance nya

tanya di live kenapa muka cekat cekitnya ga wajar sampe pedes banget dan perih pas dipake BAHKAN SETELAH DIBILAS 15 menitan ga ilang” perih pedes panas nya di muka malah dibilang skin barrier rusak dan disuru pake 5x ceramide. hello?! tiap malem juga pake moist itu kali n my skin is perfectly healty. 

padahal udh cobain sekian produk peeling baru kali ini doang yg begini. masih mening produk sebelah yg fragrance nya sewajarnya peeling serum ga wangi bgt kyk parfum gini",1,2025-06-09 20:13
user_14451,Jam Tangan Digital,"Beli karena review bagus, ternyata zonk.",2,2024-02-01
user_22194,Celana Jeans,Sesuai dengan rating dan review yang saya baca.,4,2023-04-13
user_11329,Rak Sepatu,"Puas banget, terima kasih seller!",5,2024-04-27
user_4116,Jam Tangan Digital,Tidak direkomendasikan sama sekali.,2,2024-02-13
user_18001,Meja Belajar,Barang original dan berkualitas.,4,2024-11-25
nhalimah,Keyboard Mechanical,"Packing rapi banget, penjual ramah.",5,2025-05-08
user_4180,Meja Belajar,Sangat puas dengan pelayanan toko ini.,4,2023-11-21
user_21369,Flashdisk 64GB,Sangat kecewa dengan produk ini.,2,2024-08-05
user_18671,Lampu Tidur,Top banget! Bakal order lagi nanti.,4,2024-09-03
user_16877,Headset Gaming,Barang rusak saat diterima.,2,2024-03-13
user_14465,Jam Tangan Digital,"Barang palsu, bukan original.",2,2024-02-06
user_21959,Mouse Wireless,Barang rusak saat diterima.,1,2023-06-15
user_10863,Headset Gaming,Barang rusak saat diterima.,1,2024-11-30
chelsea47,Sepatu Sneakers,"Pengiriman cepat, packing rapi. Recommended!",5,2024-09-30
user_7704,Sepatu Sneakers,Ukuran tidak sesuai deskripsi.,1,2023-08-17
user_4637,Makeup Set,Packing rapi dan aman sampai tujuan.,4,2024-06-13
n*****4,SKIN1004 Madagascar Centella Hyalu-Cica Water-Fit Sun Serum 100ml,"Daya Serap:iyaaa
Tekstur:lembut si
Berat:gaa ko ringan bgt enak

dapet gratisan toner juga",5,2025-06-12 04:05
user_21040,Mouse Wireless,Barang rusak saat diterima.,2,2024-07-14
user_15382,Kaos Polos,Barang original dan berkualitas.,4,2024-06-14
user_2834,Smartphone Android,Penjual tidak merespon chat.,2,2024-02-09
jamaliamustofa,Dompet Kulit,"Packing rapi banget, penjual ramah.",4,2025-03-28
user_3932,Buku Catatan,Rating tinggi tapi kualitas rendah.,1,2023-04-15
user_3292,Flashdisk 64GB,Packing asal-asalan.,2,2024-07-16
ida34,Tas Ransel,Barang sampai dengan aman dan cepat.,4,2025-05-06
dianwahyuni,Kemeja Polos,"Pengiriman cepat, packing rapi. Recommended!",5,2024-10-22
user_16333,Jam Tangan Digital,"Barang palsu, bukan original.",2,2024-01-31
user_10288,Jam Tangan Digital,Kualitas sangat buruk.,2,2023-12-12
n92eu76hci,SKINTIFIC - Mugwort Acne Clay Stick + Alaska Clay Stick | Clay Stick Combo Masker Wajah Komedo Acner Eksfoliasi Wajah Glowing Kecantikan Skincare Niacinamide Salicylic Acid Ceramide Centella Glycolic Acid Probiotic Complex,Mugwort nya KK cuma 1 padahal saya beli 2,1,2025-06-12 10:30
user_3367,Kaos Polos,Pengiriman cepat dan aman.,5,2023-08-29
user_817,Rak Sepatu,Sudah beli berkali-kali di sini dan selalu puas.,5,2024-03-23
user_20155,Skincare Serum,Baru dipakai sebentar sudah rusak.,1,2023-01-27
user_22555,Celana Jeans,Packing asal-asalan.,1,2024-10-09
user_17929,Kursi Lipat,Penjual tidak merespon chat.,2,2024-04-18
tedimandasari,Dompet Kulit,"Produk bagus, bahan adem dan sesuai gambar.",4,2025-06-07
haninugroho,Keyboard Mechanical,"Respon penjual cepat, barang dikirim hari itu juga.",4,2025-02-09
cakrawala76,Jam Tangan Digital,"Produk bagus, bahan adem dan sesuai gambar.",4,2024-08-06
user_19449,Powerbank,Barang rusak saat diterima.,2,2024-01-29
user_13945,Meja Belajar,Barang tidak berfungsi dengan baik.,2,2023-09-01
noog2yc__o,Masker Topeng Ninja Balaclava Full Face Buf Pelindung Kepala Baf Mask Motor Air Bandana Ojol Buff Sport - OX,Desain:sangattt halus dan enakk dipakay,5,2025-05-27 22:24
dede_novianti12,Gio Saverino Sepatu Teplek Wanita Flatshoes Mewah dan Elegant Monaco,"Kaki panjang 24.5 depan lebar, harus naik size jadi 40",5,2025-06-13 08:05
user_18964,Kaos Polos,Ukuran pas dan sesuai pesanan.,4,2023-10-13
user_11547,Kaos Polos,Terlalu mahal untuk kualitas seperti ini.,1,2024-05-22
a*****0,SKINTIFIC -  Salicylic Acid Anti Acne Serum 20ml | Acne Treatment Solution Melembabkan  Menghilangkan Bekas Jerawat Kulit Beruntusan Exfoliating Perawatan Wajah Calming Pelembab Pemutih Wajah Facial Moisturizer Day Cream Night Cream Skincare BPOM,"Cocok untuk:Belum dicoba
Tekstur:Keruh
Keaslian:Tidak tau

Pengiriman lama. Pesan tanggal 6 juni, diserahkan ke kurir tanggal 8 juni. Barang nyampe ke lokasi 13 juni. Jadi kalo kalian mau co, estimasi aja sekitaran segitu waktunya. Saat mengajukan cancel (mau beli offline karena lama diserahkan ke kurir) malah ditolak. Ngga lagi beli disini.",1,2025-06-13 19:19
irnanto54,Sandals Pria,"Sudah belanja beberapa kali, selalu puas.",5,2025-02-27
user_17728,Skincare Serum,Packing asal-asalan.,2,2023-01-13
r*****2,BOSTANTEN Dompet Pria Lipat Bahan Kulit PU Kualitas Premium Hitam/Coklat,"Produk Realpict, Thankyou!",5,2025-06-12 19:11
kamila86,Lipstik Matte,"Respon penjual cepat, barang dikirim hari itu juga.",5,2024-10-15
user_19220,Headset Gaming,"Barang cacat, sangat mengecewakan.",1,2023-01-25
b*****9,[​NEW ADVANCED FORMULA] SKINTIFIC - 5X Ceramide Serum Sunscreen SPF 50+ PA++++ 50ml | Melembapkan Hidrasi Lembap Sunblock Sun-Repair Invisible Serum 2-in-1 Skincare Sunscreen Skin True to Skin Sunscreen Aqua Sunblock Glowing Barrier,"Tekstur:thick
Cocok untuk:kulit kering
Keaslian:produk ori

Gampang banget meresap, gak white cast sama sekali. Bikin lembab juga dan gak perih. Kena keringet atau air juga gak perih samsek",5,2025-05-27 22:17
megantaradarsirah,Lipstik Matte,"Harga terjangkau, kualitas mantap!",5,2025-06-09
user_15070,Mouse Wireless,Sangat kecewa dengan produk ini.,2,2024-09-02
user_3545,Parfum Wanita,Tidak direkomendasikan sama sekali.,2,2023-03-12
user_8331,Powerbank,Sudah komplain tapi tidak ada solusi.,2,2023-04-22
shxxxmnda,SKIN1004  Madagascar Centella Poremizing Tinted Suncream 50ml,"Kemasan:lucu, pink pink
Profil Kecantikan:cantik bgt
Pengalaman Penggunaan:teksturnya nyaman

apasih yg di raguin dari skin1004, semua produknya bagus woy!",5,2025-06-03 10:21
user_6802,Rak Sepatu,Produk kotor dan tidak layak pakai.,2,2023-08-04
user_20299,Powerbank,"Barang cacat, sangat mengecewakan.",2,2023-09-12
user_12008,Powerbank,Produk kotor dan tidak layak pakai.,2,2023-06-28
user_20922,Smartphone Android,Kualitas sangat buruk.,1,2023-11-16
user_17278,Skincare Serum,Sudah komplain tapi tidak ada solusi.,1,2023-07-26
user_22284,Makeup Set,Kualitas sangat buruk.,2,2023-06-08
mhidayat,Sepatu Sneakers,Produk original dan kualitasnya premium.,5,2024-11-11
user_4137,Meja Belajar,Harga terjangkau dengan kualitas oke.,4,2024-08-22
user_18984,Tas Wanita,"Beli karena review bagus, ternyata zonk.",1,2023-09-12
user_23299,Kemeja Pria,Harga terjangkau dengan kualitas oke.,5,2023-02-18
user_24097,Smartphone Android,Ukuran tidak sesuai deskripsi.,2,2024-03-22
user_8471,Kursi Lipat,Sesuai dengan rating dan review yang saya baca.,5,2023-06-25
user_2605,Celana Jeans,Suka banget sama produk ini.,5,2023-07-03
user_2719,Sepatu Sneakers,Packing asal-asalan.,1,2024-12-01
user_3040,Celana Jeans,Kualitas sangat buruk.,2,2023-07-19
user_22736,Celana Jeans,Warna tidak sesuai pesanan.,1,2024-08-28
user_6614,Sepatu Sneakers,"Barang cacat, sangat mengecewakan.",2,2023-12-27
user_23398,Rak Sepatu,Harga terjangkau dengan kualitas oke.,5,2024-06-27
user_3192,Keyboard Mechanical,"Puas banget, terima kasih seller!",5,2024-03-14
user_16041,Kemeja Pria,Terlalu mahal untuk kualitas seperti ini.,1,2024-11-18
namagaajiman,Celana Jeans,"Warnanya cantik dan tahan lama, puas banget!",5,2024-10-31
user_4777,Skincare Serum,"Barang palsu, bukan original.",2,2024-08-15
user_18050,Kaos Polos,Sudah komplain tapi tidak ada solusi.,1,2023-06-29
user_6289,Skincare Serum,Produk tidak sesuai gambar.,2,2023-06-02
user_24747,Lampu Tidur,Barang rusak saat diterima.,1,2023-09-03
user_7773,Mouse Wireless,Sangat puas dengan pelayanan toko ini.,4,2023-12-21
user_24188,Smartphone Android,Pengiriman sangat lama.,1,2023-12-16
gawatiirawan,Mouse Wireless,"Warnanya cantik dan tahan lama, puas banget!",4,2024-06-17
user_7335,Lampu Tidur,Pengiriman sangat lama.,1,2023-04-08
karya40,Keyboard Mechanical,"Sudah belanja beberapa kali, selalu puas.",4,2025-03-27
user_3485,Smartphone Android,Sangat direkomendasikan untuk semua orang.,5,2024-06-01
user_8715,Tas Wanita,Pengiriman sangat lama.,2,2024-02-03
user_7784,Mouse Wireless,Harga terjangkau dengan kualitas oke.,4,2023-02-19
user_22284,Smartphone Android,Barang tidak berfungsi dengan baik.,2,2024-07-11
user_21140,Kursi Lipat,Packing asal-asalan.,2,2023-03-25
user_24744,Tas Wanita,Packing rapi dan aman sampai tujuan.,5,2023-01-02
user_16222,Meja Belajar,Kualitas sangat buruk.,1,2023-04-21
user_20854,Buku Catatan,Produk kotor dan tidak layak pakai.,1,2023-12-20
user_13394,Meja Belajar,Sudah komplain tapi tidak ada solusi.,2,2024-08-14
user_24121,Kemeja Pria,"Servis buruk, tidak profesional.",2,2023-04-28
user_6429,Sepatu Sneakers,Produk sangat bagus dan sesuai deskripsi!,4,2024-02-06
okto86,Sepatu Sneakers,"Sesuai deskripsi, kualitas oke dan tahan lama.",5,2025-02-27
hartana05,Tas Ransel,"Sudah belanja beberapa kali, selalu puas.",4,2024-11-02
user_11176,Skincare Serum,"Servis buruk, tidak profesional.",1,2024-06-23
user_15382,Headset Gaming,Tidak direkomendasikan sama sekali.,1,2024-12-12
user_10010,Tas Wanita,Rating tinggi tapi kualitas rendah.,2,2023-05-05
user_595,Meja Belajar,"Barang cacat, sangat mengecewakan.",2,2023-06-11
user_10591,Lampu Tidur,Barang rusak saat diterima.,2,2023-11-08
user_7665,Kemeja Pria,Barang tidak berfungsi dengan baik.,1,2023-10-16
r*****n,Gosh Bolzano 561 Sneakers (Back To School),Desain:keren,5,2025-06-13 10:58
user_24769,Keyboard Mechanical,Worth it banget untuk harga segini.,4,2024-06-03
user_10526,Skincare Serum,Packing asal-asalan.,2,2023-09-03
user_609,Meja Belajar,Barang rusak saat diterima.,2,2024-07-04
user_15191,Kursi Lipat,Barang datang lebih cepat dari perkiraan.,5,2024-12-30
ketutkartini464,COD / SPREI HOMEMADE MOTIF POLOS KOTAK / PREMIUM QUALITY / CUSTOM UKURAN / COD / MURAH / BAGUS / KADO / TIDAK LUNTUR / DROPSHIP / OPEN RESELLER,"Tekstur:kasar
Kenyamanan:tidak
Kualitas Bahan:jelek

Beli sesuai size tapi masih kebesarann",1,2025-05-30 11:45
nta3m5psnz,SKIN1004 Madagascar Centella Tone Brightening Capsule Cream 75ml,"Baru pertama kali order
Pengiriman lama..............
Tp dapet free soothing cream
Smoga cocok",5,2025-06-11 19:09
user_20629,Skincare Serum,"Barang cacat, sangat mengecewakan.",1,2023-10-02
user_20319,Parfum Wanita,Ukuran pas dan sesuai pesanan.,4,2023-05-23
user_22943,Kaos Polos,Harga terjangkau dengan kualitas oke.,4,2024-03-16
user_8775,Jam Tangan Digital,Rating tinggi tapi kualitas rendah.,2,2023-01-22
user_24749,Buku Catatan,Sudah komplain tapi tidak ada solusi.,2,2023-01-03
cmarbun,Dompet Kulit,"Packing rapi banget, penjual ramah.",5,2024-09-14
user_13445,Flashdisk 64GB,Barang tidak berfungsi dengan baik.,1,2024-02-17
user_13158,Lampu Tidur,Baru dipakai sebentar sudah rusak.,2,2023-03-29
noviafriany,SKINTIFIC - Setting Spray 80ml Lock The Look 16h | Moisturizing Oil-Control Natural Matte Fine Mist Finishing Spray Breathable Face Mist Primer Matte Lock MakeUp Kosmetik Wajah with Ferulic acid Hyaluronic acid Ectoin make up tahan lama,katanya mengunci make up agar tdk transfer/nempel di hijab bukti nya  masih tetap transfer/nempel ke hijab dll....,2,2025-06-12 03:40
user_24002,Meja Belajar,Barang rusak saat diterima.,2,2024-07-01
user_20170,Mouse Wireless,Packing asal-asalan.,1,2024-08-25
user_18827,Powerbank,Packing asal-asalan.,1,2024-10-31
user_21051,Buku Catatan,Rating tinggi tapi kualitas rendah.,2,2024-11-01
user_8933,Skincare Serum,Kualitas sangat buruk.,1,2023-06-15
user_17263,Skincare Serum,Terlalu mahal untuk kualitas seperti ini.,2,2023-09-03
indrakur03,H&M Anak Perempuan Washed-Look Cycling Shorts,"Kualitas:ok
Pas untuk Acara:ok
Penampilan & Desain:ok

Serung2 diskon yang banyak",5,2025-06-12 12:59
user_12769,Sepatu Sneakers,Tidak direkomendasikan sama sekali.,1,2023-08-18
user_22500,Rak Sepatu,"Mantap, gak nyesel beli di sini.",4,2023-09-26
manah14,Lipstik Matte,"Harga terjangkau, kualitas mantap!",5,2024-07-24
nababansidiq,Dompet Kulit,"Pengiriman cepat, packing rapi. Recommended!",5,2025-02-27
user_21093,Flashdisk 64GB,Sesuai dengan rating dan review yang saya baca.,4,2023-10-31
dalimin56,Mouse Wireless,"Respon penjual cepat, barang dikirim hari itu juga.",5,2025-03-16
user_5144,Skincare Serum,Warna tidak sesuai pesanan.,2,2023-06-01
user_14552,Skincare Serum,Rating tinggi tapi kualitas rendah.,2,2023-04-30
user_999,Lampu Tidur,Warna dan bentuk persis seperti di gambar.,5,2024-07-29
user_16152,Skincare Serum,"Servis buruk, tidak profesional.",2,2023-10-21
user_12160,Jam Tangan Digital,Barang datang lebih cepat dari perkiraan.,5,2024-02-19
user_9411,Kemeja Pria,"Pelayanan cepat, packing aman, produk oke!",4,2024-07-24
user_14792,Buku Catatan,Kualitas di atas ekspektasi saya!,5,2024-09-28
prasetyajasmin,Sepatu Sneakers,"Produk bagus, bahan adem dan sesuai gambar.",4,2024-12-06
user_3041,Lampu Tidur,Barang tidak berfungsi dengan baik.,1,2024-05-06
user_22295,Skincare Serum,Sudah komplain tapi tidak ada solusi.,1,2023-05-29
user_16816,Rak Sepatu,Packing asal-asalan.,1,2024-12-06
iragio0101,Nevada Celana Chinos  Regular Stretch Pria 117706207,WARNANYA SANGAT BERBEDA DGN YG DI GAMBAR !,1,2025-06-12 18:30
user_8651,Celana Jeans,"Beli karena review bagus, ternyata zonk.",2,2023-08-17
user_23887,Sepatu Sneakers,Barang tidak berfungsi dengan baik.,1,2023-01-22
s*****7,[NEW LAUNCH] BNB barenbliss Black Eclipse Eyeliner 48H Tahan Lama Waterproof & Smudge-Proof Matte Black Finish Precision & Bold Lines,"Tekstur:lembut
Warna:cocok
Cocok untuk:mata",5,2025-06-14 15:49
user_9503,Jam Tangan Digital,Barang original dan berkualitas.,4,2024-07-13
umi10,Parfum Unisex,"Warnanya cantik dan tahan lama, puas banget!",5,2024-08-31
rusman14,Tas Ransel,Barang sampai dengan aman dan cepat.,4,2025-03-04
bhassanah,Sepatu Sneakers,"Produk bagus, bahan adem dan sesuai gambar.",4,2025-01-14
user_12912,Powerbank,"Barang palsu, bukan original.",1,2023-01-15
user_18793,Celana Jeans,Pengiriman sangat lama.,1,2023-12-24
user_22155,Makeup Set,Sudah komplain tapi tidak ada solusi.,1,2024-05-03
rafid72,Jaket Hoodie,"Pengiriman cepat, packing rapi. Recommended!",5,2024-12-02
yuniarmustofa,Kemeja Polos,Produk original dan kualitasnya premium.,5,2024-08-04
user_18515,Sepatu Sneakers,"Puas banget, terima kasih seller!",4,2023-05-04
user_1807,Celana Jeans,Packing asal-asalan.,1,2024-08-27
dariatilazuardi,Dompet Kulit,"Packing rapi banget, penjual ramah.",4,2024-11-27
prasetya70,Tumbler Stainless,"Sudah belanja beberapa kali, selalu puas.",5,2025-04-01
user_9782,Tas Wanita,Produk kotor dan tidak layak pakai.,1,2024-06-17
user_7900,Meja Belajar,Sudah komplain tapi tidak ada solusi.,1,2023-12-02
user_1907,Powerbank,"Barang cacat, sangat mengecewakan.",2,2023-04-27
user_907,Lampu Tidur,Warna tidak sesuai pesanan.,1,2024-12-05
user_175,Meja Belajar,"Servis buruk, tidak profesional.",1,2023-02-18
user_17705,Celana Jeans,Packing rapi dan aman sampai tujuan.,4,2024-06-23
user_2150,Parfum Wanita,"Servis buruk, tidak profesional.",2,2023-06-10
user_11334,Headset Gaming,Barang datang lebih cepat dari perkiraan.,5,2024-02-24
user_17142,Makeup Set,Packing asal-asalan.,1,2024-07-15
user_7996,Flashdisk 64GB,Baru dipakai sebentar sudah rusak.,2,2023-06-15
n92eu76hci,SKINTIFIC - Mugwort Acne Clay Stick + Alaska Clay Stick | Clay Stick Combo Masker Wajah Komedo Acner Eksfoliasi Wajah Glowing Kecantikan Skincare Niacinamide Salicylic Acid Ceramide Centella Glycolic Acid Probiotic Complex,Mugwort nya KK cuma 1 padahal saya beli 2,1,2025-06-12 10:30
user_10039,Tas Wanita,Barang rusak saat diterima.,1,2023-02-07
user_1054,Keyboard Mechanical,Baru dipakai sebentar sudah rusak.,1,2024-11-26
user_14876,Mouse Wireless,Produk tidak sesuai gambar.,2,2023-10-02
user_2011,Keyboard Mechanical,Penjual tidak merespon chat.,2,2023-09-06
7g5wiz4klb,[ ! TERBATAS ! ] SKINTIFIC - Matte Fit Serum Sunscreen 50ml SPF 50+ PA++++ For Acne & Oily Skin | Oil Control Cepat Menyerap Fast-Absorbing Skin True to Skin Sunscreen Aqua Sunblock Badan Sun Stick Barrier Brightening Whitening Wajah Melindungi,ga cocok dikulit yang berminyak kayak saya,2,2025-06-13 15:50
user_12421,Celana Jeans,Baru dipakai sebentar sudah rusak.,1,2023-04-10
ilyasprakasa,Jaket Hoodie,"Produk bagus, bahan adem dan sesuai gambar.",5,2025-03-21
9ekkqcnr51z9v_onfutpv7atzb2i,SKINTIFIC - Sensitive Moisture Gel 40ml - Calm & Repair 2in1 Moisturizer | Acne Barrier Calm Down Skin Calming Moisturizer Lightweight Gel Pelembab Wajah Kulit Sensitif Bertekstur Gel yang Ringan with Vitamin B12 Ectoin Ceramide Centella,"Tekstur:gel
Daya Serap:cepet mereap

Kalo di saya cocok , saya ubah lagi bintangnya",1,2025-05-23 18:36
nlptmayuni93,SKINTIFIC - MSH Niacinamide Brightening Moisturizer Gel 30g |  Brightening Cream Krim Pencerah Dark Spot Pelembab Wajah pencerah Wajah Facial Moisturizer Day Cream Night Cream Skincare BPOM Niacinamide with MSH Niacinamide Arbutin Acid,"Tekstur:mudah menyerap
Cocok untuk:kulit kusam

Sudah kesekian kali belinya, & memang bagus di muka aku 👌🏻",5,2025-06-07 11:05
user_2487,Tas Wanita,Sesuai dengan rating dan review yang saya baca.,4,2023-10-11
user_5192,Smartphone Android,Packing rapi dan aman sampai tujuan.,5,2023-01-13
user_10868,Keyboard Mechanical,Produk kotor dan tidak layak pakai.,2,2023-12-07
chelsearahmawati,Kemeja Polos,"Respon penjual cepat, barang dikirim hari itu juga.",5,2024-12-05
user_17830,Tas Wanita,"Beli karena review bagus, ternyata zonk.",2,2024-05-03
user_12745,Makeup Set,Produk tidak sesuai gambar.,2,2023-12-21
rusman28,Jaket Hoodie,"Respon penjual cepat, barang dikirim hari itu juga.",5,2024-07-05
user_12592,Kursi Lipat,Pengiriman sangat lama.,1,2023-10-21
yani44,Sepatu Sneakers,kualitas bagus pelayanan ramah terjangkau puas puas worth it oke warna cantik packing aman,4,2025-04-03
galuhlaksita,Parfum Unisex,Barang sampai dengan aman dan cepat.,4,2024-09-22
user_17739,Makeup Set,Packing asal-asalan.,1,2023-08-17
arta50,Tas Ransel,"Warnanya cantik dan tahan lama, puas banget!",5,2024-09-07
user_17615,Sepatu Sneakers,Top banget! Bakal order lagi nanti.,4,2024-03-27
ayuamelia11,Fleurette | Sepatu Wanita | SHINJU,"Belum seminggu dipakai seminggu, lemmya sudah ngelupas disamping2 . Terus kulitnya sudah ngelupas dan retak.padahal pemakaian didalam ruangan.",2,2025-05-03 07:37
user_24151,Tas Wanita,"Barang palsu, bukan original.",1,2024-03-12
user_6254,Rak Sepatu,Barang rusak saat diterima.,1,2023-02-15
user_3320,Powerbank,Harga terjangkau dengan kualitas oke.,5,2024-02-25
haniaf_14,Gio Saverino Sepatu Wedges Wanita Terbaru Madison,"Desain:luarnya aja yg bagus tp daleman
Kenyamanan:tdk nyaman insol sepatu nya hanya sprt selembar kertas jd keras nyesel jg jd nya
Warna:bagus hitam pekat",1,2025-06-11 18:41
user_19881,Kemeja Pria,Top banget! Bakal order lagi nanti.,4,2024-05-04
user_5733,Kursi Lipat,Packing asal-asalan.,1,2024-08-29
user_24588,Sepatu Sneakers,Worth it banget untuk harga segini.,4,2024-03-12
user_1964,Kaos Polos,Ukuran pas dan sesuai pesanan.,5,2024-01-11
user_24290,Jam Tangan Digital,"Barang cacat, sangat mengecewakan.",2,2024-09-26
user_1646,Sepatu Sneakers,Warna tidak sesuai pesanan.,2,2024-03-03
user_18858,Keyboard Mechanical,Warna tidak sesuai pesanan.,1,2023-03-14
user_8363,Meja Belajar,Produk kotor dan tidak layak pakai.,2,2024-11-10
user_10686,Celana Jeans,Ukuran tidak sesuai deskripsi.,2,2023-11-06
user_8185,Buku Catatan,Warna dan bentuk persis seperti di gambar.,5,2024-04-25
user_6159,Sepatu Sneakers,"Mantap, gak nyesel beli di sini.",4,2024-10-09
user_3737,Headset Gaming,Ukuran tidak sesuai deskripsi.,1,2024-07-03
sudrajat80,SKIN1004 Madagascar Centella Poremizing Clear Toner 210ml,Trima kasih,5,2025-06-11 18:01
user_12444,Sepatu Sneakers,Sudah beli berkali-kali di sini dan selalu puas.,4,2023-07-11
user_15630,Sepatu Sneakers,Sudah komplain tapi tidak ada solusi.,1,2024-10-22
user_9574,Headset Gaming,"Beli karena review bagus, ternyata zonk.",1,2023-03-16
user_8493,Powerbank,Terlalu mahal untuk kualitas seperti ini.,2,2024-12-17
user_16893,Rak Sepatu,Ukuran pas dan sesuai pesanan.,5,2023-11-14
user_13588,Parfum Wanita,Kualitas sangat buruk.,2,2023-04-17
user_6506,Celana Jeans,Warna dan bentuk persis seperti di gambar.,5,2024-08-12
user_738,Kemeja Pria,Tidak direkomendasikan sama sekali.,2,2023-06-06
lsitumorang,Celana Jeans,"Produk bagus, bahan adem dan sesuai gambar.",5,2024-11-26
user_18071,Tas Wanita,Baru dipakai sebentar sudah rusak.,1,2023-09-06
ekarajata,Sepatu Sneakers,"Sesuai deskripsi, kualitas oke dan tahan lama.",4,2025-02-10
user_14921,Kaos Polos,Terlalu mahal untuk kualitas seperti ini.,1,2024-12-22
v*****k,URBAN&CO Kanako Essentials Flatshoes Sepatu Sandal Kerja Slip On Wanita Kekinian,"Asli kecewa udah bukan barang urban trus dapat barang cacat!!! mau pengembalian ribet, mentang” co harga murah dikirim barang rusak dasar sampah penipu",1,2025-06-13 11:49
user_7076,Tas Wanita,"Mantap, gak nyesel beli di sini.",4,2024-03-22
user_20068,Meja Belajar,Sudah komplain tapi tidak ada solusi.,2,2024-10-30
user_11269,Rak Sepatu,Produk tidak sesuai gambar.,1,2024-03-24
user_3478,Powerbank,Penjual tidak merespon chat.,2,2023-04-18
hamzah78,Kemeja Polos,"Harga terjangkau, kualitas mantap!",4,2024-07-31
user_10746,Kaos Polos,Sangat puas dengan pelayanan toko ini.,5,2024-10-24
user_6651,Tas Wanita,"Barang cacat, sangat mengecewakan.",1,2024-07-02
user_24610,Parfum Wanita,Sudah komplain tapi tidak ada solusi.,1,2024-03-09
user_21499,Makeup Set,Ukuran tidak sesuai deskripsi.,2,2024-05-03
user_9463,Makeup Set,Terlalu mahal untuk kualitas seperti ini.,2,2023-06-14
user_6213,Skincare Serum,Produk tidak sesuai gambar.,1,2024-10-16
user_6049,Rak Sepatu,Sangat kecewa dengan produk ini.,1,2023-11-13
uwinarno,Dompet Kulit,"Sudah belanja beberapa kali, selalu puas.",5,2024-11-15
fnajmudin,Jaket Hoodie,"Respon penjual cepat, barang dikirim hari itu juga.",5,2025-05-03
user_15773,Kaos Polos,Ukuran pas dan sesuai pesanan.,5,2023-12-13
hadi39,Sepatu Sneakers,"Harga terjangkau, kualitas mantap!",5,2025-03-29
b*****m,[GIFT] BNB barenbliss Mari Mori Micellar Water 50ml,"Baru mau dicoba nanti karena ini gift dari bnb, maaciihh",5,2025-06-15 11:15
dongoranpadma,Powerbank 10000mAh,"Pengiriman cepat, packing rapi. Recommended!",4,2024-08-22
rinindaayu,Gosh Ravenna 396 Wedges Slingback,"Kualitas:baik
Kenyamanan:sangat nyaman
Styling:kekinian

Pokoknya gk prnah kecewa sama barangnya gosh bagus2 dan awet",5,2025-06-13 21:56
jaisnasyidah,Sandals Pria,"Sesuai deskripsi, kualitas oke dan tahan lama.",4,2025-04-08
user_18985,Kemeja Pria,"Puas banget, terima kasih seller!",4,2024-08-07
user_18778,Mouse Wireless,Pengiriman sangat lama.,2,2023-04-13
user_3338,Kemeja Pria,Barang datang lebih cepat dari perkiraan.,4,2023-07-02
user_13739,Parfum Wanita,Ukuran pas dan sesuai pesanan.,5,2023-09-26
user_19496,Smartphone Android,"Servis buruk, tidak profesional.",2,2023-12-07
user_18121,Mouse Wireless,Sangat puas dengan pelayanan toko ini.,5,2023-03-11
kasirannuraini,Mouse Wireless,"Sudah belanja beberapa kali, selalu puas.",4,2024-06-14
nasyidahdaliono,Sandals Pria,Produk original dan kualitasnya premium.,5,2025-01-31
user_369,Keyboard Mechanical,Tidak direkomendasikan sama sekali.,1,2024-02-21
user_22206,Makeup Set,Barang datang lebih cepat dari perkiraan.,4,2023-04-19
megantaraclara,Sandals Pria,"Warnanya cantik dan tahan lama, puas banget!",4,2025-02-01
user_24738,Rak Sepatu,Warna dan bentuk persis seperti di gambar.,4,2024-06-14
d*****s,Fleurette| Sendal Wanita |LEOWY,"Desain:elegan
Kenyamanan:nyaman empuk ringan.
Kualitas Bahan:bukan terbuat dari kulit, sama dengan produk lain,, namun yg lain lebih murah.",5,2025-03-18 19:15
user_5918,Parfum Wanita,Barang datang lebih cepat dari perkiraan.,5,2023-07-22
user_11638,Kaos Polos,Harga terjangkau dengan kualitas oke.,4,2024-05-04
user_20388,Skincare Serum,Ukuran tidak sesuai deskripsi.,2,2023-11-13
user_14849,Mouse Wireless,Warna tidak sesuai pesanan.,2,2024-05-20
user_13329,Makeup Set,Tidak direkomendasikan sama sekali.,2,2023-11-11
user_5563,Lampu Tidur,Produk kotor dan tidak layak pakai.,1,2024-08-27
story_store31,Cole Rainny Artistic Celana Boxer Pria 121609500,Pesan 5 pcs dikirim cuma 1 !! Edan,1,2025-06-12 12:04
hardi45,Tumbler Stainless,"Warnanya cantik dan tahan lama, puas banget!",5,2025-01-01
user_14953,Headset Gaming,Sudah komplain tapi tidak ada solusi.,2,2024-02-22
hutasoitbelinda,Tas Ransel,Produk original dan kualitasnya premium.,5,2024-08-10
asmiantopalastri,Dompet Kulit,"Pengiriman cepat, packing rapi. Recommended!",5,2025-02-21
user_11274,Sepatu Sneakers,Produk tidak sesuai gambar.,2,2023-07-14
dnurdiyanti,Tas Ransel,"Produk bagus, bahan adem dan sesuai gambar.",5,2025-05-18
user_12113,Smartphone Android,Sudah komplain tapi tidak ada solusi.,1,2023-10-02
user_22796,Kaos Polos,Barang rusak saat diterima.,1,2023-04-03
user_18666,Kemeja Pria,Barang tidak berfungsi dengan baik.,2,2024-08-06
user_22211,Buku Catatan,Rating tinggi tapi kualitas rendah.,2,2023-08-26
user_319,Buku Catatan,Sudah komplain tapi tidak ada solusi.,1,2023-10-11
user_18322,Smartphone Android,Kualitas di atas ekspektasi saya!,5,2024-11-28
user_20821,Jam Tangan Digital,Sangat direkomendasikan untuk semua orang.,4,2023-11-16
user_24383,Flashdisk 64GB,"Barang palsu, bukan original.",1,2023-11-26
user_3709,Lampu Tidur,Packing asal-asalan.,2,2023-09-30
user_15177,Kaos Polos,Produk kotor dan tidak layak pakai.,2,2023-02-04
user_21715,Mouse Wireless,Kualitas sangat buruk.,2,2024-08-12
user_15028,Sepatu Sneakers,"Beli karena review bagus, ternyata zonk.",1,2023-07-15
user_18349,Makeup Set,Produk tidak sesuai gambar.,2,2024-09-25
8fhzt8gole,SKIN1004 Madagascar Centella Light Cleansing Oil 200ml,Tekstur:cair kaya air aroma:tidak menyengatPaketnya datang dengan aman dan ini pertama kalinya aku pakai cleansing oil semoga cocok dan liat di tik tok cara pemakaian nya yang benar. Kalau cocok bakal beli 😇,5,2025-06-04 08:08
user_18436,Rak Sepatu,Sangat direkomendasikan untuk semua orang.,5,2024-10-19
mardhiyahwulan,Celana Jeans,Produk original dan kualitasnya premium.,4,2024-11-22
mlestari,Kemeja Polos,"Pengiriman cepat, packing rapi. Recommended!",4,2025-01-01
msitompul,Kemeja Polos,"Packing rapi banget, penjual ramah.",5,2025-01-30
user_212,Sepatu Sneakers,Kualitas sangat buruk.,1,2024-01-30
kuma2206,[6.6 MEGA DEALS] [BUY 2 GET 3!] NEW! WARDAH Glossicle Peptide Balm - Ombre Glossicle - Dilengkapi dengan Peptide & UV Filter -  Memperkuat Lip Barrier - Hasil Akhir Bibir Lembab dan Glossy - Lip Balm -Lip Tint - Makeup,"Tekstur:ok, melembapkan
Warna:kurang pigmented

Lebih ke lip balm biasa....warna kurang pigmented musti berkali"" oles
Gampang hilang , nempel kemana', hbs minum or makan musti sering"" pake ulang :(",2,2025-06-13 11:22
user_23606,Jam Tangan Digital,"Beli karena review bagus, ternyata zonk.",1,2023-06-24
user_16410,Kemeja Pria,"Puas banget, terima kasih seller!",4,2024-12-24
user_12837,Smartphone Android,Packing rapi dan aman sampai tujuan.,5,2024-01-20
user_16746,Celana Jeans,Sangat kecewa dengan produk ini.,1,2024-07-07
2*****a,"Gosh Paperbag 003 (TIDAK DIJUAL PPBG AJA, ORDER HARUS SESUAI QUANTITY PEMBELIAN PRODUK)","Desain:estetik desain menarik
Ukuran:pas sesuai
Keaslian:kualitas original

Bagus jahitan rapi the best 👍🏻👍🏻👍🏻👍🏻👍🏻👍🏻",5,2025-06-13 12:05
user_17470,Powerbank,Produk sangat bagus dan sesuai deskripsi!,5,2023-07-15
user_11527,Parfum Wanita,Pengiriman cepat dan aman.,4,2024-07-02
user_17547,Kemeja Pria,Warna dan bentuk persis seperti di gambar.,5,2023-05-30
r*****i,SKIN1004 Madagascar Centella Ampoule 30ml,"SEKELAS PRODUK TERKENAL KIRIM BISA SALAH.. 
UDAH TERLALU PERCAYA SAMA PRODUK2 TERKENAL SAMPAI GA PERNAH REKAM.. PERCUMA JUGA KOMPLAIN .. 
 BARU PERTAMA KALI BELI KOK SALAH KIRIM SEMUA.. 

TLONG ADMIN NYA UNTUK NYIAPIN BARANG DITELITI....",1,2025-06-11 18:55
user_4690,Kaos Polos,"Pelayanan cepat, packing aman, produk oke!",4,2024-01-16
user_19460,Celana Jeans,Baru dipakai sebentar sudah rusak.,1,2024-10-23
,sandal slip ringan dewasa wanita (36-40),Suka bangettt,5,2021-09-14 11:14
user_19483,Parfum Wanita,"Barang palsu, bukan original.",2,2024-06-30
darijan05,Celana Jeans,"Harga terjangkau, kualitas mantap!",4,2024-07-08
user_18467,Tas Wanita,"Beli karena review bagus, ternyata zonk.",2,2023-09-07
user_13120,Sepatu Sneakers,Barang tidak berfungsi dengan baik.,2,2024-12-12
user_17638,Kaos Polos,Penjual sangat ramah dan fast respon.,4,2023-05-27
user_11784,Tas Wanita,Sudah beli berkali-kali di sini dan selalu puas.,4,2024-08-19
user_4172,Lampu Tidur,Penjual tidak merespon chat.,2,2023-08-21
user_6076,Powerbank,Barang datang lebih cepat dari perkiraan.,5,2024-01-15
user_76,Kemeja Pria,Barang original dan berkualitas.,4,2023-01-09
user_16164,Tas Wanita,Ukuran tidak sesuai deskripsi.,2,2023-06-08
user_17913,Rak Sepatu,Sangat kecewa dengan produk ini.,2,2024-09-10
user_18136,Keyboard Mechanical,Packing asal-asalan.,2,2024-08-13
user_10544,Kemeja Pria,"Servis buruk, tidak profesional.",2,2023-04-10
user_9558,Smartphone Android,Sudah komplain tapi tidak ada solusi.,2,2023-05-05
user_1225,Keyboard Mechanical,Sesuai dengan rating dan review yang saya baca.,5,2024-09-27
nurainiwardaya,Tas Ransel,"Warnanya cantik dan tahan lama, puas banget!",5,2024-11-26
user_6987,Rak Sepatu,"Barang cacat, sangat mengecewakan.",1,2024-09-19
user_21278,Kemeja Pria,Produk tidak sesuai gambar.,1,2024-10-16
user_23143,Powerbank,"Barang palsu, bukan original.",2,2023-06-20
user_15246,Meja Belajar,"Beli karena review bagus, ternyata zonk.",2,2024-04-11
user_2607,Kaos Polos,Sudah beli berkali-kali di sini dan selalu puas.,5,2024-09-19
user_11974,Jam Tangan Digital,Produk tidak sesuai gambar.,2,2023-11-03
hildasaptono,Jam Tangan Digital,Produk original dan kualitasnya premium.,4,2025-02-26
nlaksmiwati,Tumbler Stainless,"Packing rapi banget, penjual ramah.",4,2025-02-11
user_3503,Parfum Wanita,Packing asal-asalan.,2,2023-09-06
viktor30,Sepatu Sneakers,Produk original dan kualitasnya premium.,5,2025-01-14
user_6314,Buku Catatan,Barang rusak saat diterima.,2,2023-05-05
user_3037,Parfum Wanita,"Servis buruk, tidak profesional.",2,2024-08-04
t*****7,Gosh Avellino 409 Sandal Slip-On,"Kenyamanan:nyaman
Keaslian:asli
Styling:korean

Penyok di dos sih. Mantul dah. Recommended.",5,2025-06-12 17:50
rachel39,Tas Ransel,Produk original dan kualitasnya premium.,5,2024-11-09
user_21167,Rak Sepatu,Harga terjangkau dengan kualitas oke.,5,2023-12-29
embuh65,Kemeja Polos,Produk original dan kualitasnya premium.,4,2025-04-06
enny_tan,Kaos wanita dewasa C2 (S-XL),"Kecewa, pesananan tidak sesuai",1,2022-09-09 16:33
user_3607,Kursi Lipat,"Barang cacat, sangat mengecewakan.",2,2024-09-13
user_16181,Meja Belajar,Harga terjangkau dengan kualitas oke.,5,2023-11-21
user_11193,Smartphone Android,Produk tidak sesuai gambar.,2,2023-08-29
ktamba,Jaket Hoodie,"Sudah belanja beberapa kali, selalu puas.",4,2025-01-11
user_5783,Parfum Wanita,Barang tidak berfungsi dengan baik.,2,2024-02-25
user_11962,Headset Gaming,Produk kotor dan tidak layak pakai.,1,2024-02-27
user_18703,Kursi Lipat,Penjual sangat ramah dan fast respon.,4,2024-11-28
taramakalew,ESQA Flawless Liquid Mini Concealer,"Tekstur:ok
Ukuran:ok
Cocok untuk:ok

Kualitas esqa memang bagus. Atas dasar rekomendasi dari kakak saya. Thank you",5,2025-06-13 10:25
user_24242,Skincare Serum,"Beli karena review bagus, ternyata zonk.",1,2023-03-30
user_3355,Kaos Polos,"Puas banget, terima kasih seller!",5,2023-08-27
user_4090,Flashdisk 64GB,Baru dipakai sebentar sudah rusak.,1,2024-07-13
user_10985,Parfum Wanita,Sudah komplain tapi tidak ada solusi.,1,2024-06-01
garan75,Jam Tangan Digital,"Sudah belanja beberapa kali, selalu puas.",5,2024-07-20
user_7481,Buku Catatan,Rating tinggi tapi kualitas rendah.,1,2024-09-14
ferysusanto49,Sandal slip ringan dewasa Watchout (39-44),Saran Tampilan:pesen model apa datang model gimana gak seusai gambar,1,2024-04-09 21:27
j*****z,SKIN1004 Madagascar Centella Ampoule 100ml,"Produknya sampe dengan aman, cuma agak lama kelewat 1 hari. Produknya ku belum coba, semoga sesuai dgn kulit wajah ku dan dpt mengatasi permasalahan kulit ku",4,2025-06-03 11:48
user_14802,Buku Catatan,Sangat kecewa dengan produk ini.,1,2023-05-29
tamiastuti,Kemeja Polos,"Produk bagus, bahan adem dan sesuai gambar.",5,2024-09-30
suryonoella,Powerbank 10000mAh,"Sudah belanja beberapa kali, selalu puas.",5,2024-11-01
user_8481,Headset Gaming,Baru dipakai sebentar sudah rusak.,1,2023-05-08
user_24868,Powerbank,Produk kotor dan tidak layak pakai.,2,2023-11-18
user_2506,Rak Sepatu,Tidak direkomendasikan sama sekali.,1,2023-01-29
user_23220,Mouse Wireless,Produk kotor dan tidak layak pakai.,2,2024-11-25
imangunsong,Jam Tangan Digital,Barang sampai dengan aman dan cepat.,5,2024-07-05
user_9873,Keyboard Mechanical,Sudah komplain tapi tidak ada solusi.,2,2023-12-12
user_12766,Kaos Polos,Produk tidak sesuai gambar.,2,2023-12-29
karya62,Tas Ransel,"Respon penjual cepat, barang dikirim hari itu juga.",4,2024-08-07
user_10184,Makeup Set,Warna dan bentuk persis seperti di gambar.,4,2024-02-11
user_18570,Skincare Serum,Barang tidak berfungsi dengan baik.,2,2024-06-03
mandalamuhammad,Jaket Hoodie,"Sudah belanja beberapa kali, selalu puas.",5,2024-07-29
user_10737,Buku Catatan,Warna dan bentuk persis seperti di gambar.,5,2023-10-24
user_6414,Keyboard Mechanical,"Servis buruk, tidak profesional.",1,2024-09-09
user_23633,Kaos Polos,Penjual sangat ramah dan fast respon.,4,2024-10-10
kawaca41,Celana Jeans,"Produk bagus, bahan adem dan sesuai gambar.",5,2024-12-11
user_10134,Parfum Wanita,"Barang palsu, bukan original.",2,2024-09-12
ggwzqzqw6q,Tas ransel Backpack Lazzardi - Splendido | Tas laptop,"Desain:bagus
Warna:sesuai
Kualitas Bahan:bagus Dan tebal kokoh",5,2025-02-27 17:19
user_12600,Kemeja Pria,Kualitas sangat buruk.,2,2024-12-15
user_22897,Smartphone Android,Sesuai dengan rating dan review yang saya baca.,4,2024-02-07
user_8193,Keyboard Mechanical,Baru dipakai sebentar sudah rusak.,2,2023-02-01
user_4454,Flashdisk 64GB,"Servis buruk, tidak profesional.",1,2023-12-26
haryantolili,Keyboard Mechanical,"Respon penjual cepat, barang dikirim hari itu juga.",5,2024-06-23
kastuti,Parfum Unisex,"Pengiriman cepat, packing rapi. Recommended!",5,2024-11-11
victoria11,Kemeja Polos,"Respon penjual cepat, barang dikirim hari itu juga.",4,2025-02-23
user_21186,Sepatu Sneakers,Barang tidak berfungsi dengan baik.,1,2023-04-29
user_3865,Celana Jeans,Barang rusak saat diterima.,1,2023-03-18
user_21568,Rak Sepatu,Packing asal-asalan.,2,2024-09-27
user_20753,Makeup Set,Produk tidak sesuai gambar.,1,2023-07-23
user_17131,Makeup Set,"Barang palsu, bukan original.",2,2023-03-01
user_4752,Buku Catatan,Ukuran pas dan sesuai pesanan.,4,2024-01-17
user_15730,Keyboard Mechanical,Ukuran pas dan sesuai pesanan.,5,2024-10-18
hakimdamu,Headset Bluetooth,Barang sampai dengan aman dan cepat.,4,2024-10-14
user_11086,Smartphone Android,Penjual sangat ramah dan fast respon.,4,2024-10-29
user_15623,Kursi Lipat,Produk sangat bagus dan sesuai deskripsi!,4,2023-09-03
user_6436,Powerbank,Produk tidak sesuai gambar.,1,2024-09-19
user_13461,Sepatu Sneakers,Sangat puas dengan pelayanan toko ini.,4,2023-08-29
user_1155,Keyboard Mechanical,Kualitas sangat buruk.,2,2024-05-22
user_7870,Makeup Set,"Puas banget, terima kasih seller!",5,2023-06-05
user_21994,Kursi Lipat,Terlalu mahal untuk kualitas seperti ini.,2,2023-11-17
user_16031,Parfum Wanita,Warna tidak sesuai pesanan.,2,2023-12-05
user_20373,Meja Belajar,Penjual sangat ramah dan fast respon.,5,2023-09-16
user_10336,Smartphone Android,Kualitas sangat buruk.,1,2024-10-29
user_17911,Makeup Set,Warna tidak sesuai pesanan.,2,2023-02-05
kajen35,Sandals Pria,"Harga terjangkau, kualitas mantap!",5,2024-06-25
user_12273,Meja Belajar,Produk tidak sesuai gambar.,1,2023-10-15
emplukrajata,Dompet Kulit,"Sudah belanja beberapa kali, selalu puas.",4,2025-03-27
user_10791,Rak Sepatu,Packing asal-asalan.,2,2023-04-25
shilmaisnal,Gosh Asti 428 Comfort Sandal,Bagus pas kalo packingnya ada boxnya mungkin akan lebih bagus lagi buat kado hehehw,5,2025-06-10 08:44
user_21501,Jam Tangan Digital,Sudah komplain tapi tidak ada solusi.,1,2023-07-19
user_7167,Lampu Tidur,Ukuran tidak sesuai deskripsi.,1,2024-11-15
user_1936,Kursi Lipat,Pengiriman cepat dan aman.,4,2024-08-20
nrimaanggriawan,Tas Ransel,"Pengiriman cepat, packing rapi. Recommended!",5,2024-09-26
a*****8,[BEST SELLING] BNB barenbliss Lily Makes Luminous Glow Tint Lip tint melembapkan berkilau berwarna alami dan tahan lama 12 jam,"Warna:02 rose glaze

warna nya ga sesuai sama yang di foto, yg dateng warna nya kyk pucet",2,2025-06-14 11:56
fnfreja,Gosh Avellina 488 Sandal Flat,Kualitas:baguus,5,2025-06-13 12:54
user_13830,Kemeja Pria,Barang rusak saat diterima.,2,2023-06-08
user_6584,Lampu Tidur,Worth it banget untuk harga segini.,5,2024-05-18
user_9218,Sepatu Sneakers,Tidak direkomendasikan sama sekali.,1,2023-02-21
user_8663,Kaos Polos,Pengiriman cepat dan aman.,4,2024-03-19
i*****9,Tas ransel Backpack Lazzardi - Splendido | Tas laptop,"Desain:oke
Warna:oke
Kualitas Bahan:agak tipis bagian tasnya

belum saya coba. kompartmen depan dikit",2,2025-05-14 19:34
user_13776,Parfum Wanita,Suka banget sama produk ini.,4,2024-09-01
farahyuniar,Jam Tangan Digital,"Packing rapi banget, penjual ramah.",5,2024-12-29
user_22054,Makeup Set,Terlalu mahal untuk kualitas seperti ini.,1,2024-01-11
jprayoga,Jam Tangan Digital,"Pengiriman cepat, packing rapi. Recommended!",5,2024-08-29
user_23081,Kursi Lipat,Warna tidak sesuai pesanan.,1,2024-05-25
cawisono26,Keyboard Mechanical,Barang sampai dengan aman dan cepat.,5,2024-09-09
efirgantoro,Tas Ransel,"Warnanya cantik dan tahan lama, puas banget!",4,2024-11-02
user_4186,Buku Catatan,Top banget! Bakal order lagi nanti.,5,2023-02-26
embuh92,Parfum Unisex,Barang sampai dengan aman dan cepat.,4,2025-02-05
user_21519,Rak Sepatu,Barang tidak berfungsi dengan baik.,2,2023-04-19
user_21315,Kaos Polos,Harga terjangkau dengan kualitas oke.,5,2024-07-27
user_17373,Skincare Serum,Worth it banget untuk harga segini.,4,2023-04-03
a*****7,Gio Saverino Sepatu Wanita Flat Shoes Wanita Korea Kekinian Sakura Sepatu Cewek,"lumayan empuk sepatunyaa, worth it bgt buat harga seginii, talinya juga bisa dibikin dua style ginii, gemes sukaak! 🫶🏻💗",5,2025-06-12 17:49
v*****p,Gosh Asti 428 Comfort Sandal,"Sepadan dengan Harga:oke
Pas untuk Acara:santai
Kenyamanan:pas

oke, nyaman di pkai pas santai. pengen nya hitam tp udah sold tinggal pink, cantik juga ko",5,2025-06-05 15:49
user_23945,Smartphone Android,Tidak direkomendasikan sama sekali.,2,2023-04-02
user_17404,Kursi Lipat,Worth it banget untuk harga segini.,5,2023-02-28
vanesa11,Jaket Hoodie,Barang sampai dengan aman dan cepat.,5,2024-11-23
user_140,Sepatu Sneakers,Pengiriman sangat lama.,2,2024-07-08
user_16655,Mouse Wireless,"Puas banget, terima kasih seller!",4,2023-12-21
sparepartmesincuci87,HijabChic Syahira Pink Nude Dress - Gaun Brukat Tulle Kondangan Elegan Best Seller,Lengan nya kebesaran di aku,4,2025-06-07 16:26
eluh20,Keyboard Mechanical,Produk original dan kualitasnya premium.,5,2024-11-20
user_19116,Flashdisk 64GB,Ukuran tidak sesuai deskripsi.,1,2023-03-20
user_11048,Kaos Polos,Barang tidak berfungsi dengan baik.,2,2023-09-30
user_12410,Buku Catatan,Top banget! Bakal order lagi nanti.,4,2024-07-22
user_7932,Skincare Serum,Sesuai dengan rating dan review yang saya baca.,5,2024-10-29
user_2340,Celana Jeans,Warna tidak sesuai pesanan.,2,2024-01-19
luluh52,Parfum Unisex,"Sudah belanja beberapa kali, selalu puas.",4,2025-01-15
handriani,Sandals Pria,Barang sampai dengan aman dan cepat.,4,2025-03-16
user_1828,Celana Jeans,"Servis buruk, tidak profesional.",2,2023-02-15
user_9446,Jam Tangan Digital,Sudah komplain tapi tidak ada solusi.,2,2023-05-07
dwisaputra,Lipstik Matte,"Respon penjual cepat, barang dikirim hari itu juga.",5,2025-04-18
raihan79,Lipstik Matte,"Sudah belanja beberapa kali, selalu puas.",5,2024-12-30
ollameinliebling,Sprei Karet Motif Gray Neva 200x200 180x200 160x200 140x200 120x200 100x200 90x200 / Evedaily.id,"Alhamdulillah..
Mksh byk seller..
Gak ada yg kurang..
Mksh seller..",4,2025-05-19 14:20
user_12538,Parfum Wanita,Packing asal-asalan.,1,2023-01-01
rinindaayu,Gosh Ravenna 396 Wedges Slingback,"Kualitas:baik
Kenyamanan:sangat nyaman
Styling:kekinian

Pokoknya gk prnah kecewa sama barangnya gosh bagus2 dan awet",5,2025-06-13 21:56
h*****i,SKIN1004 Madagascar Centella Poremizing Deep Cleansing Foam 125ml,Utk kulitku yg kering Finishing nya agak membuat kulit wajah ketarik.,4,2025-06-12 05:53
user_5527,Mouse Wireless,Penjual tidak merespon chat.,1,2023-07-23
haeria72,Gosh Amaryllis 421 Hand Bag,Alhamdulillah terimakasih paket udah sampai dengan selamat tuk semua biar bintang yang bicara. Barangnya bagus Cuman sayangnya bukan kotak boknya cuman di kotakin pake gardus biasa 🙏🙏,5,2025-06-11 18:47
user_13368,Celana Jeans,Warna dan bentuk persis seperti di gambar.,4,2024-03-14
siti12,Lipstik Matte,"Produk bagus, bahan adem dan sesuai gambar.",4,2025-03-23
fujiatianggabaya,Sepatu Sneakers,"Produk bagus, bahan adem dan sesuai gambar.",5,2024-10-20
user_11383,Smartphone Android,Barang rusak saat diterima.,1,2024-09-19
xfirmansyah,Tas Ransel,"Sudah belanja beberapa kali, selalu puas.",5,2024-09-12
hutagalungadika,Sepatu Sneakers,recommended original cepat pelayanan ramah original mantap kualitas bagus,5,2025-02-02
user_17571,Kemeja Pria,Rating tinggi tapi kualitas rendah.,2,2024-10-11
user_18362,Parfum Wanita,"Barang palsu, bukan original.",1,2023-10-05
user_9771,Headset Gaming,Tidak direkomendasikan sama sekali.,2,2023-12-27
user_24392,Kemeja Pria,Tidak direkomendasikan sama sekali.,2,2024-10-09
irianathamrin,Kemeja Polos,"Warnanya cantik dan tahan lama, puas banget!",5,2024-07-30
kajen29,Keyboard Mechanical,"Packing rapi banget, penjual ramah.",5,2025-04-14
user_5567,Buku Catatan,"Beli karena review bagus, ternyata zonk.",1,2024-09-18
user_17199,Rak Sepatu,Pengiriman sangat lama.,1,2023-08-23
user_15544,Kaos Polos,Barang datang lebih cepat dari perkiraan.,5,2024-08-24
user_9585,Smartphone Android,Baru dipakai sebentar sudah rusak.,1,2024-11-09
user_7871,Meja Belajar,Produk kotor dan tidak layak pakai.,1,2023-12-19
hastutikemal,Sepatu Sneakers,"Produk bagus, bahan adem dan sesuai gambar.",4,2025-03-02
user_7058,Powerbank,Barang datang lebih cepat dari perkiraan.,4,2023-02-17
user_10203,Flashdisk 64GB,Sangat kecewa dengan produk ini.,2,2024-12-07
user_17646,Kaos Polos,Sudah komplain tapi tidak ada solusi.,2,2024-11-17
najwasihotang,Parfum Unisex,Barang sampai dengan aman dan cepat.,5,2025-05-30
desuseno12,Sandal selop ringan dewasa wanita (36-40),smg nyaman d pake yaa 😍🥰 barang ori nihh,5,2021-09-30 16:00
user_9460,Smartphone Android,Baru dipakai sebentar sudah rusak.,1,2024-10-26
user_9653,Makeup Set,"Barang cacat, sangat mengecewakan.",1,2024-01-31
januarozy,Sandals Pria,"Respon penjual cepat, barang dikirim hari itu juga.",5,2025-03-14
user_12658,Skincare Serum,"Pelayanan cepat, packing aman, produk oke!",5,2024-12-11
user_7977,Keyboard Mechanical,"Beli karena review bagus, ternyata zonk.",1,2023-10-28
user_9403,Meja Belajar,Barang rusak saat diterima.,2,2024-08-23
user_8514,Keyboard Mechanical,"Servis buruk, tidak profesional.",1,2023-07-15
user_22328,Kaos Polos,Ukuran tidak sesuai deskripsi.,2,2023-03-04
user_14762,Parfum Wanita,Sudah komplain tapi tidak ada solusi.,1,2024-02-24
eprasetya,Sepatu Sneakers,"Pengiriman cepat, packing rapi. Recommended!",5,2024-07-30
user_8454,Smartphone Android,Sudah komplain tapi tidak ada solusi.,2,2024-06-13
user_4823,Celana Jeans,"Pelayanan cepat, packing aman, produk oke!",5,2024-10-28
user_3692,Jam Tangan Digital,Produk kotor dan tidak layak pakai.,1,2024-03-17
user_9207,Flashdisk 64GB,Terlalu mahal untuk kualitas seperti ini.,1,2023-05-05
user_5925,Buku Catatan,Penjual tidak merespon chat.,1,2023-09-20
pardisitumorang,Lipstik Matte,"Warnanya cantik dan tahan lama, puas banget!",5,2024-10-30
adriansyahrangga,Jam Tangan Digital,"Produk bagus, bahan adem dan sesuai gambar.",4,2024-09-23
h*****a,"( HARGA PROMO )kursi lipat lesehan, kursi Lesehan "" OSCAR""ini",Baguss..nyaman.. Anak suka bngt.. Makasih seller,5,2025-05-28 19:22
alikanasyidah,Keyboard Mechanical,"Respon penjual cepat, barang dikirim hari itu juga.",5,2024-09-08
user_14496,Rak Sepatu,Baru dipakai sebentar sudah rusak.,1,2024-12-19
user_97,Makeup Set,Rating tinggi tapi kualitas rendah.,2,2024-09-11
user_10304,Powerbank,Sangat kecewa dengan produk ini.,2,2024-05-17
user_1331,Skincare Serum,"Barang cacat, sangat mengecewakan.",2,2023-08-30
user_17487,Headset Gaming,Barang rusak saat diterima.,2,2023-06-06
user_3500,Mouse Wireless,Warna dan bentuk persis seperti di gambar.,4,2024-11-13
user_10706,Lampu Tidur,Kualitas sangat buruk.,2,2023-03-04
user_10786,Sepatu Sneakers,Barang tidak berfungsi dengan baik.,2,2024-08-13
user_3193,Kaos Polos,"Beli karena review bagus, ternyata zonk.",2,2024-06-09
user_54,Tas Wanita,Warna tidak sesuai pesanan.,2,2024-12-09
user_20937,Smartphone Android,Pengiriman cepat dan aman.,4,2024-04-18
tomimaryadi,Sepatu Sneakers,"Packing rapi banget, penjual ramah.",5,2024-07-27
user_5087,Headset Gaming,Barang datang lebih cepat dari perkiraan.,5,2023-08-26
user_111,Kursi Lipat,Ukuran pas dan sesuai pesanan.,4,2024-06-27
user_22551,Kemeja Pria,Baru dipakai sebentar sudah rusak.,1,2024-06-07
sinagabalamantri,Kemeja Polos,"Sesuai deskripsi, kualitas oke dan tahan lama.",5,2024-07-30
akarsana91,Parfum Unisex,"Warnanya cantik dan tahan lama, puas banget!",5,2024-09-17
770end,Gosh Lunaria 470 Shoulder Bag,"Kapasitas:pas
Kualitas:ok
Desain:bagus",5,2025-06-08 21:05
e*****g,BLACKMORES JOINT COMFORT BPOM KALBE - 30 TAB | Suplemen Kesehatan Sendi. Asam Urat Dan Rematik,"Kadaluarsa:order 3 botol, 1 botol exp nya gak kelihatan
Keaslian:Gak tahu, Krn kirim ke orgtua di kampung. cm bantu orderan. orgtua kurang faham lah ngecek2 bgituan

Apes.. yg di minum pas botol yg exp nya gak kelihatan. Org yg minum mo mati, jantungnya gak karuan. Kita pikir bakalan lewat nih malam. Untung aja, belum AJAL!! 
Penjual di hubungi, jawabnya cm ""TANGGAL EXP CUMA TERGESEK KRN PAKING"" Yakin ?? Knp yg 2 botol exp bagus?? Paling pun pakai bubble wrap. Bisa gitu hilang tanggal exp ?",2,2025-06-12 18:49
user_13021,Headset Gaming,Penjual sangat ramah dan fast respon.,4,2024-09-11
user_19383,Kaos Polos,Sudah beli berkali-kali di sini dan selalu puas.,5,2024-08-18
nfujiati,Kemeja Polos,"Warnanya cantik dan tahan lama, puas banget!",5,2024-11-07
user_6983,Rak Sepatu,"Barang palsu, bukan original.",2,2024-08-31
daniel.verdyck,SKIN1004 Madagascar Centella Hyalu-Cica Sleeping Pack 100ml,"Tekstur:lengket
Daya Serap:tidak cepat menyerap krn ini adalah sleeping mask. Awet sampai pagi.",5,2025-06-11 15:05
user_11517,Lampu Tidur,Kualitas sangat buruk.,1,2023-04-26
user_20689,Flashdisk 64GB,Top banget! Bakal order lagi nanti.,5,2024-01-05
user_6788,Sepatu Sneakers,Top banget! Bakal order lagi nanti.,5,2024-04-23
user_22893,Kursi Lipat,Pengiriman sangat lama.,2,2023-02-06
user_20178,Parfum Wanita,Sudah komplain tapi tidak ada solusi.,2,2024-02-01
yuniarbalamantri,Headset Bluetooth,"Produk bagus, bahan adem dan sesuai gambar.",5,2025-04-22
garda57,Tumbler Stainless,Barang sampai dengan aman dan cepat.,5,2024-12-21
narpatilasmono,Kemeja Polos,"Harga terjangkau, kualitas mantap!",5,2025-02-23
user_8611,Kursi Lipat,Baru dipakai sebentar sudah rusak.,1,2024-05-10
user_15670,Parfum Wanita,Packing asal-asalan.,2,2024-04-17
halimahnabila,Headset Bluetooth,"Respon penjual cepat, barang dikirim hari itu juga.",5,2025-04-01
user_15869,Celana Jeans,Sangat puas dengan pelayanan toko ini.,5,2024-10-26
user_12311,Smartphone Android,Baru dipakai sebentar sudah rusak.,1,2023-02-02
ibun87,Headset Bluetooth,"Pengiriman cepat, packing rapi. Recommended!",5,2024-12-14
adesuwarno,Keyboard Mechanical,Barang sampai dengan aman dan cepat.,5,2025-03-18
user_2257,Lampu Tidur,Sangat kecewa dengan produk ini.,1,2023-07-28
user_406,Mouse Wireless,"Barang palsu, bukan original.",1,2024-08-14
dyan.yan.yan,URBAN&CO Loraine Woman Flatshoes Sepatu Sandal Kerja Slip On Wanita Kekinian,"Warna:tidak sesuai

pesen yg mana dateng yang mana malah beda harga lagi😭",1,2025-06-16 09:36
user_20160,Kemeja Pria,Pengiriman cepat dan aman.,5,2023-10-24
yetieaditya,HijabChic Amiya Creme Top - Baju Lebaran Katun Premium Tali Pita Cantik Motif Bunga Busui,Ke 2kalinya belanja di hijabchic suka semuanya,5,2025-03-18 06:45
user_18471,Celana Jeans,Sesuai dengan rating dan review yang saya baca.,4,2023-02-10
dyahzain280373,HijabChic Syahira Pink Nude Dress - Gaun Brukat Tulle Kondangan Elegan Best Seller,"Desain:bagus
Bahan:nyaman adem
Tekstur:halus

Brg tiba dgn aman, cuma terlalu lebar kesannya memang. Dipakai adem sih permak dikit dah biar sesuai body",4,2025-06-02 06:27
pmelani,Jaket Hoodie,"Warnanya cantik dan tahan lama, puas banget!",5,2025-05-09
user_12137,Meja Belajar,"Barang palsu, bukan original.",1,2023-04-22
user_20077,Skincare Serum,Packing asal-asalan.,2,2023-08-20
user_24,Keyboard Mechanical,Kualitas sangat buruk.,2,2023-03-26
citra83,Keyboard Mechanical,"Pengiriman cepat, packing rapi. Recommended!",5,2024-07-23
user_8307,Kemeja Pria,"Mantap, gak nyesel beli di sini.",4,2023-03-18
user_17269,Celana Jeans,Baru dipakai sebentar sudah rusak.,1,2023-11-23
user_19907,Smartphone Android,"Barang cacat, sangat mengecewakan.",1,2024-07-31
user_11978,Jam Tangan Digital,Sudah komplain tapi tidak ada solusi.,1,2024-09-08
user_21500,Sepatu Sneakers,Barang datang lebih cepat dari perkiraan.,4,2023-07-14
user_20324,Tas Wanita,Pengiriman sangat lama.,2,2024-03-20
user_99,Skincare Serum,Baru dipakai sebentar sudah rusak.,2,2024-01-22
user_2746,Mouse Wireless,Tidak direkomendasikan sama sekali.,2,2024-05-29
user_21348,Parfum Wanita,"Beli karena review bagus, ternyata zonk.",1,2024-01-17
user_3763,Jam Tangan Digital,Barang original dan berkualitas.,4,2024-01-04
user_10524,Flashdisk 64GB,Tidak direkomendasikan sama sekali.,2,2024-09-29
cemaniwinarsih,Tumbler Stainless,"Produk bagus, bahan adem dan sesuai gambar.",5,2024-11-19
wacanadarmanto,Lipstik Matte,"Respon penjual cepat, barang dikirim hari itu juga.",5,2025-04-15
user_23649,Rak Sepatu,Warna tidak sesuai pesanan.,2,2024-11-21
user_8527,Kursi Lipat,Penjual tidak merespon chat.,1,2023-12-30
user_6658,Jam Tangan Digital,Baru dipakai sebentar sudah rusak.,1,2023-04-13
vivianad8103,SKINTIFlC - Instant Glowing First Serum Spray 100ml | Radiance Booster Centella Kulit Lebih Halus Lembab Dalam Multifungsi Skincare Pendukung Make Up,"Tekstur:baru coba tester 1 kali pemakaian semoga memuat hasil make up jadi glowing
Aroma:seperti wangi mawar Yach...",4,2025-05-24 11:29
user_17753,Tas Wanita,Sudah komplain tapi tidak ada solusi.,2,2023-06-16
user_12164,Kaos Polos,Harga terjangkau dengan kualitas oke.,5,2023-06-03
vivianpramita,T9237B5 Tas Selempang Kulit Wanita Hitam Shopie Martin Official Promo Terbaru Original,"Blm sempet buka
Skali chek out 8 😂😂
Semoga barang sesuai pesanan dn gk ad yg cacat",5,2025-06-12 10:37
user_12862,Lampu Tidur,Barang rusak saat diterima.,1,2024-04-07
user_10396,Flashdisk 64GB,Barang rusak saat diterima.,1,2023-02-07
user_2103,Sepatu Sneakers,"Pelayanan cepat, packing aman, produk oke!",5,2024-11-05
jakaprasetya,Sepatu Sneakers,"Harga terjangkau, kualitas mantap!",5,2025-02-10
padmahidayat,Mouse Wireless,"Warnanya cantik dan tahan lama, puas banget!",4,2025-03-23
taufik96,Powerbank 10000mAh,"Packing rapi banget, penjual ramah.",5,2025-03-12
jamaliawinarno,Lipstik Matte,"Harga terjangkau, kualitas mantap!",5,2024-12-11
nenggina22,Sprei Karet Motif Kotak Hitam 200x200 180x200 160x200 140x200 120x200 100x200 90x200 / Evedaily.id,Bahan tebel banget lembut penjual ramah thanks seller🤗,5,2025-05-18 11:20
user_5821,Powerbank,Suka banget sama produk ini.,5,2023-02-25
user_14402,Flashdisk 64GB,Pengiriman sangat lama.,1,2023-10-17
user_24956,Smartphone Android,Warna tidak sesuai pesanan.,2,2024-01-25
a*****e,SKIN1004 Magadascar Centella Probio-Cica Bakuchiol Eye Cream 20ml,"Daya Serap:ok
Tekstur:cair
Aplikator:aman

Baru coba eyecream dari skin 1004
Mudah""an cocok ya
Sofar blm keliatan hasilnya
Klo udh keliatan bakal ak review di pembelian yg kedua",5,2025-06-02 20:49
h*****g,Fleurette | Sepatu Wanita Flat Shoes | LOLITA,Kenyamanan:nyaman dikenakan,5,2025-05-08 20:17
user_22645,Powerbank,Rating tinggi tapi kualitas rendah.,2,2023-06-22
rahmat26,Dompet Kulit,Produk original dan kualitasnya premium.,5,2024-11-18
lutrigreselina725,SKINTIFIC - Glycolic Acid Exfoliating Daily Clarifying Toner AHA PHA Eksfoliasi Kulit Acne Treatment Eksfoliasi Wajah Summer Autumn Skin Barrier Improve,"gak sesuai aja yang di pesan apa, yang datang apa
kecewa",2,2025-06-10 19:18
adhiarja91,Kemeja Polos,"Packing rapi banget, penjual ramah.",5,2024-10-06
user_12613,Sepatu Sneakers,"Barang palsu, bukan original.",2,2023-04-22
rosieescarlet,ESQA Supreme Hybrid Sun Stick SPF 50+ PA++++,"Tekstur:lembabin muka
Berat:agak berat sih

Suka sama sunsticknya, udh pake 2x cocok banget",5,2025-06-12 14:46
prabowoyusuf,Jaket Hoodie,"Packing rapi banget, penjual ramah.",5,2025-05-10
user_7753,Buku Catatan,Warna tidak sesuai pesanan.,1,2024-12-09
user_2168,Mouse Wireless,Sesuai dengan rating dan review yang saya baca.,4,2024-11-18
user_23316,Buku Catatan,Worth it banget untuk harga segini.,4,2023-07-06
mariadinatsir,Parfum Unisex,"Warnanya cantik dan tahan lama, puas banget!",5,2025-01-22
user_15306,Lampu Tidur,Pengiriman cepat dan aman.,5,2023-07-24
a*****c,Sneakers Anak Cross Trekkers Jet Payless,"Pengemasan dan pengiriman cepat, produk baik, Terima kasih seller.",5,2025-05-27 18:25
mfirgantoro,Powerbank 10000mAh,"Sudah belanja beberapa kali, selalu puas.",5,2024-06-28
user_17831,Powerbank,Penjual tidak merespon chat.,2,2023-05-05
user_4541,Headset Gaming,Worth it banget untuk harga segini.,5,2023-05-16
user_23810,Kursi Lipat,Penjual tidak merespon chat.,2,2024-11-04
anastasiawijaya,Mouse Wireless,"Respon penjual cepat, barang dikirim hari itu juga.",5,2024-11-15
edilaksita,Sepatu Sneakers,"Pengiriman cepat, packing rapi. Recommended!",4,2024-11-11
bambangmarbun,Sepatu Sneakers,"Sesuai deskripsi, kualitas oke dan tahan lama.",4,2025-04-16
user_3503,Meja Belajar,Warna tidak sesuai pesanan.,1,2024-02-27
user_1237,Tas Wanita,Produk tidak sesuai gambar.,1,2024-11-08
user_4098,Kursi Lipat,Baru dipakai sebentar sudah rusak.,1,2024-09-10
titinmaryati,Jaket Hoodie,"Warnanya cantik dan tahan lama, puas banget!",4,2024-12-29
user_17537,Rak Sepatu,Ukuran pas dan sesuai pesanan.,5,2024-09-09
user_8172,Jam Tangan Digital,"Barang palsu, bukan original.",2,2023-10-17
user_13516,Flashdisk 64GB,"Barang cacat, sangat mengecewakan.",2,2023-01-03
user_19644,Skincare Serum,Sangat kecewa dengan produk ini.,2,2023-11-06
user_21344,Mouse Wireless,"Barang palsu, bukan original.",2,2023-12-17
user_22173,Skincare Serum,"Beli karena review bagus, ternyata zonk.",1,2023-04-22
user_12988,Makeup Set,Warna tidak sesuai pesanan.,1,2024-11-23
user_6074,Jam Tangan Digital,"Beli karena review bagus, ternyata zonk.",2,2023-02-02
user_948,Powerbank,Rating tinggi tapi kualitas rendah.,1,2023-01-25
user_1554,Keyboard Mechanical,Packing asal-asalan.,1,2024-03-19
user_7034,Celana Jeans,Terlalu mahal untuk kualitas seperti ini.,2,2023-01-29
user_10543,Meja Belajar,Sangat kecewa dengan produk ini.,1,2024-11-15
user_24155,Headset Gaming,Top banget! Bakal order lagi nanti.,5,2024-07-11
h*****a,H&M Wanita Wide twill trousers 1107360_02,"Warna:black

kirain hitam polos ternyata jahitannya warna putih kyk di foto. but overall cakep dan pas",5,2025-06-12 15:28
user_23755,Flashdisk 64GB,Barang original dan berkualitas.,5,2023-08-16
user_2203,Flashdisk 64GB,Barang datang lebih cepat dari perkiraan.,4,2024-01-28
cawuktarihoran,Kemeja Polos,"Sesuai deskripsi, kualitas oke dan tahan lama.",5,2025-03-24
user_10703,Flashdisk 64GB,Sangat puas dengan pelayanan toko ini.,4,2023-01-11
user_1675,Lampu Tidur,"Mantap, gak nyesel beli di sini.",5,2023-02-10
user_11258,Jam Tangan Digital,Penjual sangat ramah dan fast respon.,4,2023-08-27
cawisonosimbolon,Tas Ransel,"Harga terjangkau, kualitas mantap!",5,2025-04-13
user_11139,Kaos Polos,Warna dan bentuk persis seperti di gambar.,4,2023-10-05
user_14237,Sepatu Sneakers,Kualitas sangat buruk.,2,2024-11-18
user_15615,Lampu Tidur,"Beli karena review bagus, ternyata zonk.",2,2024-04-10
user_1513,Sepatu Sneakers,"Mantap, gak nyesel beli di sini.",5,2023-09-29
i*****3,"sofa lipat, sofa lesehan, kursi lipat lesehan, kursi lesehan","Enak banget kursinya, empuk, mudah juga diaturnya. Semoga awet thankss seller",5,2025-05-04 17:59
putrahimawan,Parfum Unisex,"Warnanya cantik dan tahan lama, puas banget!",5,2025-03-14
user_24820,Powerbank,"Puas banget, terima kasih seller!",4,2023-03-03
cakrajiya86,Jam Tangan Digital,"Respon penjual cepat, barang dikirim hari itu juga.",5,2025-02-27
user_14718,Keyboard Mechanical,"Pelayanan cepat, packing aman, produk oke!",5,2023-10-03
user_1132,Smartphone Android,Kualitas di atas ekspektasi saya!,5,2024-02-18
user_15289,Skincare Serum,"Barang palsu, bukan original.",2,2024-02-07
qnamaga,Tumbler Stainless,Produk original dan kualitasnya premium.,5,2024-11-06
n*****y,Gosh Zinnia 434 Backpack,"Desain:biasa
Kapasitas:biasa
Pas untuk Acara:untuk school, jalan² juga oke

kok GOSH semakin kesini kwalitasnya kurang..
g seperti dulu Krn saya pengguna gosh dari zaman saya masih SMP, dan sekarang turun ke anak saya
minta tolong kwalitasnya dijaga

untuk jas akirim paket sudah terkoyak dan sepertinya sudah dibuka paketnya",2,2025-06-10 11:41
user_6588,Buku Catatan,Warna tidak sesuai pesanan.,2,2024-11-13
princes_azalea01,Gosh Bolzano 561 Sneakers (Back To School),"Desain:bagus
Keaslian:asli
Kenyamanan:nyaman dipakai

Recomended",5,2025-06-14 19:10
user_7877,Celana Jeans,Worth it banget untuk harga segini.,4,2024-02-05
user_17551,Kaos Polos,"Servis buruk, tidak profesional.",1,2024-05-15
user_13650,Flashdisk 64GB,Warna tidak sesuai pesanan.,1,2023-12-26
user_12962,Flashdisk 64GB,Warna tidak sesuai pesanan.,2,2023-11-05
deviyanita,SKIN1004 Madagascar Centella Hyalu-Cica Water-Fit Sun Serum SPF50 PA++++,"Kalo yang water ini lebih light dari pada air-fit, hasil nya dewy look gitu, cocok buat yang mau satset dan pake cream blush gitu",5,2025-06-03 11:24
endang.online,"Judydoll Fine Curling Iron Mascara (Maskara Besi Waterproof, Smudgeproof, Anti Clumpy, Hasil Lentik Natural Tahan Lama 12 Jam)","Aplikator kecil banget, jadi mudah pakainya gak bleber di mata, utk ketahanan belum tau karna baru nyoba pertama ini, utk isinya ini gimana ya kalau habis gak bisa tau karna aplikatornya besi jdi kaya gk nempel isinya. Tp overall bagus kok",4,2025-06-13 06:35
xv_shop,ESQA Flawless Micro Setting Powder,"Paket sudah sampai sesuai dengan pesanan, pengiriman cepat dan aman, tengkiu ka :)",4,2025-06-12 20:49
yuni19,Kaos Oblong,"Sesuai deskripsi, kualitas oke dan tahan lama.",4,2024-06-22
user_10478,Meja Belajar,Packing asal-asalan.,2,2024-04-13
user_13942,Mouse Wireless,Produk tidak sesuai gambar.,1,2024-09-25
user_12044,Kaos Polos,Produk kotor dan tidak layak pakai.,2,2023-04-13
user_4451,Kemeja Pria,Warna dan bentuk persis seperti di gambar.,5,2024-07-19
user_19796,Kaos Polos,"Barang cacat, sangat mengecewakan.",2,2024-07-20
user_3222,Makeup Set,Produk tidak sesuai gambar.,2,2024-10-11
csaefullah,Kaos Oblong,Barang sampai dengan aman dan cepat.,5,2025-01-12
user_15903,Sepatu Sneakers,Penjual tidak merespon chat.,2,2024-03-31
user_1448,Smartphone Android,Rating tinggi tapi kualitas rendah.,1,2024-01-22
user_12594,Keyboard Mechanical,"Puas banget, terima kasih seller!",4,2024-02-17
fifiiiii13,"Gosh Paperbag 005 (TIDAK DIJUAL PPBG AJA, ORDER HARUS SESUAI QUANTITY PEMBELIAN PRODUK)","Desain:GA DIKIRIM PAPERBAGNYA
Ukuran:GA DIKIRIM PAPERBAGNYA
Keaslian:GA DIKIRIM PAPERBAGNYA",1,2025-06-13 01:22
user_13206,Kaos Polos,Baru dipakai sebentar sudah rusak.,2,2023-11-25
user_23937,Jam Tangan Digital,Tidak direkomendasikan sama sekali.,2,2024-02-12
user_23998,Celana Jeans,Barang tidak berfungsi dengan baik.,2,2024-03-26
user_2684,Kemeja Pria,Kualitas sangat buruk.,2,2023-08-02
hutapeairnanto,Parfum Unisex,"Produk bagus, bahan adem dan sesuai gambar.",4,2025-06-12
cemanigunarto,Lipstik Matte,"Produk bagus, bahan adem dan sesuai gambar.",5,2024-07-16
user_17018,Meja Belajar,Warna tidak sesuai pesanan.,2,2023-01-05
purwasiregar,Keyboard Mechanical,"Warnanya cantik dan tahan lama, puas banget!",5,2024-06-17
rsimanjuntak,Parfum Unisex,"Warnanya cantik dan tahan lama, puas banget!",4,2025-04-21
user_3307,Jam Tangan Digital,Sudah komplain tapi tidak ada solusi.,1,2024-10-22
ayumarbun,Tumbler Stainless,"Pengiriman cepat, packing rapi. Recommended!",4,2024-11-25
wyuniar,Celana Jeans,"Sudah belanja beberapa kali, selalu puas.",4,2025-04-07
rahayuhariyah,Tas Ransel,"Pengiriman cepat, packing rapi. Recommended!",5,2024-06-14
user_18615,Headset Gaming,Top banget! Bakal order lagi nanti.,5,2024-07-15
jhardiansyah,Mouse Wireless,"Sudah belanja beberapa kali, selalu puas.",5,2024-09-12
user_16789,Flashdisk 64GB,Sudah komplain tapi tidak ada solusi.,1,2024-05-08
prayogaicha,Mouse Wireless,Produk original dan kualitasnya premium.,5,2024-07-03
user_9784,Keyboard Mechanical,Pengiriman sangat lama.,2,2024-03-12
user_4752,Celana Jeans,"Barang cacat, sangat mengecewakan.",1,2023-07-26
user_9828,Rak Sepatu,Ukuran pas dan sesuai pesanan.,4,2023-12-03
user_13027,Sepatu Sneakers,Harga terjangkau dengan kualitas oke.,5,2024-07-17
user_15873,Jam Tangan Digital,Pengiriman cepat dan aman.,5,2024-09-14
user_13315,Jam Tangan Digital,"Servis buruk, tidak profesional.",2,2023-05-05
lmandala,Keyboard Mechanical,"Pengiriman cepat, packing rapi. Recommended!",5,2024-09-27
user_21184,Meja Belajar,Ukuran tidak sesuai deskripsi.,2,2023-12-12
sudrajat80,SKIN1004 Madagascar Centella Light Cleansing Oil 30ml,Trima kasih..,5,2025-06-11 18:01
user_16862,Kemeja Pria,Suka banget sama produk ini.,5,2024-06-12
tittiiabu,Gosh Avellina 488 Sandal Flat,"Kenyamanan:sendalnya lucu hanya saja lumayan sakit depannya soalnya agak keras

Mudah2 han kalau di pake sering2 gak sakit lagi",5,2025-06-14 20:05
user_17306,Tas Wanita,Barang datang lebih cepat dari perkiraan.,4,2023-01-25
user_1399,Keyboard Mechanical,"Pelayanan cepat, packing aman, produk oke!",5,2024-08-20
user_4257,Lampu Tidur,Pengiriman sangat lama.,2,2024-12-30
user_8414,Tas Wanita,Sesuai dengan rating dan review yang saya baca.,5,2024-07-11
user_22722,Flashdisk 64GB,Packing asal-asalan.,1,2024-01-25
user_19599,Makeup Set,Penjual sangat ramah dan fast respon.,4,2024-05-18
user_17792,Sepatu Sneakers,Top banget! Bakal order lagi nanti.,4,2024-04-16
jsusanti,Mouse Wireless,"Sudah belanja beberapa kali, selalu puas.",5,2025-04-26
user_16569,Parfum Wanita,Barang rusak saat diterima.,1,2023-09-18
user_13871,Headset Gaming,Terlalu mahal untuk kualitas seperti ini.,1,2023-06-24
user_20703,Headset Gaming,"Barang palsu, bukan original.",2,2023-06-15
user_134,Sepatu Sneakers,"Barang palsu, bukan original.",2,2023-02-06
raihansamosir,Mouse Wireless,"Packing rapi banget, penjual ramah.",4,2025-06-05
user_3550,Kemeja Pria,Penjual sangat ramah dan fast respon.,4,2023-04-06
user_19640,Rak Sepatu,Terlalu mahal untuk kualitas seperti ini.,2,2023-08-17
user_13534,Celana Jeans,Produk kotor dan tidak layak pakai.,2,2023-09-21
user_10072,Tas Wanita,Pengiriman cepat dan aman.,5,2024-08-13
geridewantara_,SKINTIFIC UV Shield Sunscreen All Series - SPF50+ SPF35 PA++++ Skincare | Matte Fit / 5X Ceramide / Aqua Light Daily/ Light Serum Brightening Sunscreen With Vitamin C 5X Ceramide Zinc PCA Ectoin Oat Extract UVA/UVB Filter,kemasan rusak pada penyok semua,1,2025-06-09 18:22
n*****h,PANADOL CHEWABLE 10'S | Tablet Kunyah Anak Meredakan Demam & Nyeri Anak,"Cocok untuk:anak-anak
Keaslian:asli
Kualitas:semoga ampuh

Persediaan di rumah. Semoga anak-anak selalu sehat kuat dan bahagia lahir batin.",5,2025-06-12 21:24
user_24102,Mouse Wireless,Terlalu mahal untuk kualitas seperti ini.,1,2023-05-26
user_13883,Celana Jeans,Sangat direkomendasikan untuk semua orang.,5,2023-11-03
user_7653,Powerbank,Sesuai dengan rating dan review yang saya baca.,4,2023-12-07
natsirluis,Parfum Unisex,"Harga terjangkau, kualitas mantap!",5,2025-05-25
user_7488,Meja Belajar,"Barang palsu, bukan original.",1,2024-07-16
user_8877,Rak Sepatu,"Mantap, gak nyesel beli di sini.",5,2023-04-12
user_731,Celana Jeans,Barang datang lebih cepat dari perkiraan.,4,2023-10-01
user_19816,Parfum Wanita,"Barang palsu, bukan original.",2,2023-02-01
hhalim,Jam Tangan Digital,"Respon penjual cepat, barang dikirim hari itu juga.",5,2024-08-23
h*****n,SKINTIFIC UV Shield Sunscreen All Series - SPF50+ SPF35 PA++++ Skincare | Matte Fit / 5X Ceramide / Aqua Light Daily/ Light Serum Brightening Sunscreen With Vitamin C 5X Ceramide Zinc PCA Ectoin Oat Extract UVA/UVB Filter,"kecewa beli 2 malah di kirim 1 mana pake ga video unboxing lagih jujur ga tau siapa yang salah juga tapi demi apapun bener” kecewa bgt uang ku hangus begitu saja huff, lain kali kedepanya lebih teliti lagi ya min, kasian kalo emng paketnya di buka bukan sama orangnya malah yang buka orang rumah ga ngerti harus di videoin huhuu sedih beneran sangat” kecewa bgt huhuu menangiss lagi awet” uang teh ya allah adaa wehhhhhh huahhhh",1,2025-06-10 16:04
user_15,Mouse Wireless,Barang original dan berkualitas.,4,2024-08-23
user_19136,Powerbank,Produk kotor dan tidak layak pakai.,2,2024-02-20
user_7116,Sepatu Sneakers,Penjual tidak merespon chat.,2,2023-02-03
user_23051,Kaos Polos,Barang datang lebih cepat dari perkiraan.,5,2023-09-07
sarahdssy,Bedcover Set Motif Theresia - Bunga - Putih  - Mewah - 90x200 - 200x200 - Evedaily,"nnt akan d update, barang lgsg masuk cargo",2,2025-05-22 17:08
user_5116,Rak Sepatu,Baru dipakai sebentar sudah rusak.,2,2024-03-01
user_14023,Tas Wanita,Warna tidak sesuai pesanan.,2,2024-09-13
user_897,Parfum Wanita,"Barang palsu, bukan original.",2,2024-08-16
user_427,Celana Jeans,Barang rusak saat diterima.,1,2024-07-11
rikajeje,SKINTIFIC-3pcs Paket-Skincare Set | Serum+Moisturizer Gel+Cleanser Day Night Cream Acner Glowing Barrie Anti-Aging Exfoliating Brightening Whitening Whitening with  Niacinamide Retinol Amino Acid 5X Cerami,Tekstur:facial siap tekstur keras klu kepencet kyak sdh keras tdk kyak beli di counternya,2,2025-06-12 22:17
user_14178,Flashdisk 64GB,Worth it banget untuk harga segini.,4,2024-06-24
kimoshop99,Sepatu sneakers ringan dewasa St.moritz (36-40),"Bagusss
Bener2 realpict

Sore liat nih spatu di mall. Tiba2 pengen beli.
Malam order d shopee 😂
Lumayan dpt diskon 25% pake koin
Wkekkwk... belanja cerdas 😂",5,2022-01-15 17:20
user_2264,Powerbank,Warna tidak sesuai pesanan.,2,2024-02-22
user_11699,Keyboard Mechanical,Top banget! Bakal order lagi nanti.,5,2024-03-08
user_19548,Meja Belajar,Tidak direkomendasikan sama sekali.,2,2024-05-18
hassanahzelda,Lipstik Matte,"Sudah belanja beberapa kali, selalu puas.",4,2024-09-29
user_12607,Jam Tangan Digital,Tidak direkomendasikan sama sekali.,2,2024-04-07
4sohwvc8fu,[BEST SELLING] BNB barenbliss Gold Makes Gorgeous & Silver Makes Stunning Lip Balm  Lip Balm Glossy  Pelembab Bibir  Anti Bibir Kering,"Warna:bagus
Aroma:segar",5,2025-06-14 16:27
rprayoga,Tas Ransel,"Respon penjual cepat, barang dikirim hari itu juga.",5,2024-11-02
user_16263,Rak Sepatu,Sudah komplain tapi tidak ada solusi.,2,2024-10-29
user_17678,Meja Belajar,Pengiriman sangat lama.,2,2024-07-20
user_23571,Keyboard Mechanical,Packing rapi dan aman sampai tujuan.,5,2023-09-03
user_13773,Kursi Lipat,Barang rusak saat diterima.,1,2024-11-08
user_13004,Celana Jeans,Suka banget sama produk ini.,5,2023-09-26
velonus,SKIN1004 Madagascar Centella Poremizing Fresh Ampoule 30ml,"Tekstur:halus
Cocok untuk:cocok
Keaslian:ok",5,2025-06-03 10:55
user_14536,Rak Sepatu,Terlalu mahal untuk kualitas seperti ini.,1,2023-01-14
hakimtasnim,Keyboard Mechanical,Barang sampai dengan aman dan cepat.,5,2024-12-12
user_23163,Rak Sepatu,Baru dipakai sebentar sudah rusak.,1,2024-04-27
user_22755,Powerbank,Terlalu mahal untuk kualitas seperti ini.,2,2023-03-21
user_12288,Meja Belajar,Pengiriman sangat lama.,1,2023-10-30
wastutimalik,Kaos Oblong,Produk original dan kualitasnya premium.,4,2025-06-07
user_6481,Keyboard Mechanical,Sangat puas dengan pelayanan toko ini.,5,2023-09-11
vrahmawati,Kemeja Polos,"Packing rapi banget, penjual ramah.",5,2025-04-29
user_6638,Meja Belajar,Warna tidak sesuai pesanan.,1,2024-01-21
user_22517,Celana Jeans,Terlalu mahal untuk kualitas seperti ini.,1,2023-05-20
user_4356,Rak Sepatu,Pengiriman cepat dan aman.,5,2024-09-16
user_18809,Rak Sepatu,"Beli karena review bagus, ternyata zonk.",1,2023-12-11
silphafirmansah,[MUST HAVE] BNB barenbliss Cherry Makes Cheerful Lip Velvet Korea Lipcream (24H Moisturizing)  Lipcream Hasil Akhir Velvet Untuk Melembabkan Bibir Terhidrasi hingga tahan 24 Jam,"Tekstur:sangat lembut dan nyaman
Warna:sangat menarik dan modern
Cocok untuk:desain yang sesuai untuk wanita",5,2025-06-14 19:23
m*****a,Gosh Bolzano 490 Sneakers,"Kayak bekas dipakai, banyak noda. Yg noda merah tidak bisa hilang walau sudah dibersihkan. Barang diterima 19.52. Itu saya buka 20.30an..saya foto 20.50an. Jd kotor uda jelas bkn karena saya ya. Waktunya aja gak mungkin saya pakai buat jalan2 dulu kan. Sudah lah. Saya gak buat video unboxing karena percaya nama Gosh, tapi ternyata sebelum dikirim gak diperiksa dulu.",1,2025-06-12 10:47
pangeran23,Keyboard Mechanical,"Sudah belanja beberapa kali, selalu puas.",5,2024-09-29
user_19225,Rak Sepatu,"Pelayanan cepat, packing aman, produk oke!",5,2024-01-07
user_20308,Skincare Serum,Barang tidak berfungsi dengan baik.,1,2024-06-18
user_7793,Lampu Tidur,Sesuai dengan rating dan review yang saya baca.,5,2024-09-06
user_10308,Headset Gaming,Produk tidak sesuai gambar.,1,2024-03-20
p*****a,Lem Perekat Sepatu Sandal 60 ML Super Kuat Anti Air / Glue Shoe Repair Waterproof,"Desain:menarik
Keaslian:yerkamin
Kualitas:baik

Terima kasih paketnua sampai. Pernah pake lem ini kiat, tp cepet kering..mgkn karena  sptnua tubenya isi ga penuh.",4,2025-06-12 18:19
user_16452,Powerbank,Penjual sangat ramah dan fast respon.,4,2023-01-10
waluyopia,Powerbank 10000mAh,"Harga terjangkau, kualitas mantap!",5,2025-02-11
user_15432,Makeup Set,Pengiriman sangat lama.,1,2024-04-20
user_23084,Meja Belajar,Top banget! Bakal order lagi nanti.,5,2023-12-08
baktiantoanggraini,Sepatu Sneakers,"Produk bagus, bahan adem dan sesuai gambar.",4,2024-10-23
pratiwihimawan,Sepatu Sneakers,"Respon penjual cepat, barang dikirim hari itu juga.",5,2025-02-06
user_3277,Celana Jeans,Kualitas sangat buruk.,2,2023-02-16
user_21713,Celana Jeans,Rating tinggi tapi kualitas rendah.,1,2023-12-11
user_24399,Kaos Polos,Penjual tidak merespon chat.,1,2024-06-03
user_10337,Meja Belajar,Packing rapi dan aman sampai tujuan.,4,2024-07-01
user_3298,Mouse Wireless,Rating tinggi tapi kualitas rendah.,1,2024-08-20
user_19650,Makeup Set,Packing asal-asalan.,1,2023-01-02
user_1866,Tas Wanita,Sesuai dengan rating dan review yang saya baca.,4,2023-06-13
deviayuresia,SKINTIFlC Sensitive Soothe Cleanser 120ml | Dry Skin Facial Wash Cleanser Sabun Cuci Muka Sensitive Mild Gentle Cleanser Anti-Aging & Acne-prone Cleanser Glowing Brightening Calming Moisturized Dark Spot cleanser with light semi-gel texture,"Barang nya gak ada didalam pakingan, jadi gak bisa difoto, kecewa sih, pikir positif aja mungkin lupa masukinnya, semoga berkah ya",1,2025-06-12 07:07
user_23440,Rak Sepatu,Barang tidak berfungsi dengan baik.,1,2023-10-05
melaniina,Kaos Oblong,"Harga terjangkau, kualitas mantap!",4,2025-02-10
kawacarajasa,Tas Ransel,"Sesuai deskripsi, kualitas oke dan tahan lama.",5,2025-02-04
dirja33,Tas Ransel,Barang sampai dengan aman dan cepat.,5,2025-06-12
user_19115,Celana Jeans,Baru dipakai sebentar sudah rusak.,2,2024-02-28
user_4901,Powerbank,Sangat kecewa dengan produk ini.,1,2023-05-29
user_12921,Makeup Set,"Barang palsu, bukan original.",2,2024-02-22
thutasoit,Powerbank 10000mAh,"Produk bagus, bahan adem dan sesuai gambar.",4,2024-11-14
user_1258,Keyboard Mechanical,"Puas banget, terima kasih seller!",4,2023-04-24
vrahmawati,Sepatu Sneakers,"Packing rapi banget, penjual ramah.",4,2025-03-05
user_14605,Jam Tangan Digital,"Servis buruk, tidak profesional.",2,2023-01-12
nurulpratiwi170997,Sepatu slipon ringan triset,"Keren sptu nya dah ga d raguin lg sih aq klo triset . Barangnya awet. Dan yg paling bikin seneng itu seller nya ramah . Minta d kirim hri itu lgsung kirim,😭makasih bnyak yah ka. Makin lancar and sukses",5,2021-11-05 13:25
user_2828,Mouse Wireless,Barang original dan berkualitas.,5,2023-04-05
deviyanita,SKIN1004 Madagascar Centella Travel Kit 5 Types (with BOX),Travel friendly banget dan cocok buat orang yang mau coba dulu kira-kira produknya cocok atau engga,5,2025-06-03 11:16
user_18043,Makeup Set,Ukuran tidak sesuai deskripsi.,1,2023-05-05
n92eu76hci,SKINTIFIC - 5X Ceramide Barrier Moisturizer Gel 30g - Pelembab Ringan Lembap Perbaiki Skin Barrier dan Mencerahkan,Baranya kurang satu,1,2025-06-12 10:30
user_4791,Makeup Set,Produk sangat bagus dan sesuai deskripsi!,5,2023-05-12
user_17483,Jam Tangan Digital,Barang rusak saat diterima.,2,2024-12-19
user_588,Flashdisk 64GB,"Puas banget, terima kasih seller!",5,2024-04-29
user_14731,Powerbank,Produk kotor dan tidak layak pakai.,1,2024-09-11
cemani80,Jaket Hoodie,"Warnanya cantik dan tahan lama, puas banget!",5,2024-06-27
user_4635,Kaos Polos,Sangat direkomendasikan untuk semua orang.,4,2024-05-19
user_4465,Kursi Lipat,"Servis buruk, tidak profesional.",2,2024-06-01
hpurnawati,Headset Bluetooth,"Harga terjangkau, kualitas mantap!",5,2024-08-31
user_17809,Parfum Wanita,Terlalu mahal untuk kualitas seperti ini.,2,2023-01-04
azzahrazaita,SKIN1004 Madagascar Centella Tone Brightening Capsule Cream 75ml,"Tekstur:light cream
Cocok untuk:kulit kering atau kombinasi mungkin
Aroma:no fragrance

First time cobain skin cheonsa yang moist, jujur suka banget sama hasilnya setelah dipake bareng serumnya, getting brighter slowly tp bagus bangett, afternya memang agak berminyak tp cerahnya itu dapet banget",5,2025-05-30 23:05
oz7dgx9r0m,Fleurette| Sepatu Sendal Wanita |ELSA,"Desain:Bagus
Kenyamanan:Ringan dan nyaman,ukuran pas 38,cuma karetnya agak sedikit longgar,dipake jalan naik turun kyk mau lepas,mungkin pake yg ukuran 27 baru seret.
Durabilitas:Kwalitas baik bgt,dan sepertinya bakalan awet,krn kokoh sekali",5,2025-04-19 13:12
user_19639,Headset Gaming,"Beli karena review bagus, ternyata zonk.",1,2024-04-29
user_7102,Lampu Tidur,"Beli karena review bagus, ternyata zonk.",2,2024-04-21
user_11414,Powerbank,"Barang cacat, sangat mengecewakan.",1,2024-02-12
user_11103,Kemeja Pria,Penjual tidak merespon chat.,1,2023-07-09
user_1150,Headset Gaming,Barang tidak berfungsi dengan baik.,2,2024-07-08
purwantienteng,Tas Ransel,"Respon penjual cepat, barang dikirim hari itu juga.",4,2024-11-07
user_20934,Powerbank,Barang original dan berkualitas.,5,2024-04-21
user_7366,Meja Belajar,Produk tidak sesuai gambar.,1,2023-06-14
user_9876,Makeup Set,Pengiriman cepat dan aman.,5,2023-12-19
user_8944,Mouse Wireless,Produk sangat bagus dan sesuai deskripsi!,5,2023-04-01
user_12480,Buku Catatan,"Barang palsu, bukan original.",1,2024-03-28
user_2120,Powerbank,Ukuran tidak sesuai deskripsi.,1,2024-06-10
2*****d,Jacket Cowok Nvada,Ga sesuai dgn deskripsi utk detail uk size nya,2,2024-08-17 01:52
user_152,Powerbank,Tidak direkomendasikan sama sekali.,2,2024-09-24
user_18643,Keyboard Mechanical,"Barang cacat, sangat mengecewakan.",1,2023-09-16
user_24565,Keyboard Mechanical,Kualitas sangat buruk.,2,2023-07-03
drajata,Celana Jeans,"Sudah belanja beberapa kali, selalu puas.",5,2025-05-11
wanthy25,URBAN&CO Irti Essentials Sandal Teplek Tali Sendal Casual Wanita Kekinian,Apaan dah masa packing nya begitu,2,2025-06-14 14:17
zrajasa,Kaos Oblong,"Packing rapi banget, penjual ramah.",4,2025-04-17
user_4548,Makeup Set,"Servis buruk, tidak profesional.",2,2024-04-18
user_9493,Meja Belajar,Kualitas sangat buruk.,1,2024-05-21
r*****7,ERHA 1 Facial Wash for Normal & Dry Skin 60ml - Sabun Muka Kulit Normal dan Kering,"Tekstur:lembut
Kandungan:AHA
Keaslian:original

Makasi ya sabunx tiba dgn kondisi baik pertahankn trs 👍😘",5,2025-06-12 16:56
user_18678,Meja Belajar,Produk tidak sesuai gambar.,1,2024-10-20
user_3367,Rak Sepatu,"Servis buruk, tidak profesional.",2,2024-03-20
user_16955,Makeup Set,"Barang cacat, sangat mengecewakan.",1,2024-12-22
user_603,Smartphone Android,Pengiriman sangat lama.,1,2024-08-17
user_3042,Kaos Polos,Warna tidak sesuai pesanan.,2,2023-02-21
nikm_,"Judydoll Iron Mascara (Maskara Besi Waterproof, Smudgeproof, Anti Clumpy, Hasil Lentik Natural Tahan Lama 12 Jam)","Tekstur:ringan, tidak terlalu cair
Ukuran:medium
Efek:memberi volume dan memanjangkan

Suka bgt sama mascara judydoll ini, ngasih volume tp ngga bikin clumpy, memanjangkan juga, tp masih terlihat natural, transferproof, waterproof, aku pake keluar hampir 12 jam masih stay, sekali nyoba gabakal bisa ganti yang lain",5,2025-06-13 11:10
x9dhfzu3ws,Nevada Pique TC Kaos Kerah Pria 121350315,Bahan:Berkualitas Kondisi Barang:Keada'an bagus,5,2025-06-11 20:59
mrajasa,Keyboard Mechanical,"Harga terjangkau, kualitas mantap!",5,2025-01-09
user_13736,Powerbank,"Beli karena review bagus, ternyata zonk.",1,2024-08-30
user_20868,Rak Sepatu,Top banget! Bakal order lagi nanti.,5,2024-10-16
user_19832,Meja Belajar,Penjual tidak merespon chat.,1,2023-02-14
mulyanisaiful,Tas Ransel,"Warnanya cantik dan tahan lama, puas banget!",5,2025-03-18
fifiiiii13,Gosh Amaryllis 305 Hand Bag,"Desain:GA DIKIRIM PAPERBAGNYA
Kualitas:GA DIKIRIM PAPERBAGNYA
Kapasitas:GA DIKIRIM PAPERBAGNYA",1,2025-06-13 01:22
user_7206,Headset Gaming,"Servis buruk, tidak profesional.",2,2024-09-06
user_13102,Parfum Wanita,"Barang palsu, bukan original.",1,2024-06-01
user_2091,Tas Wanita,Ukuran tidak sesuai deskripsi.,2,2023-03-20
user_6126,Tas Wanita,Harga terjangkau dengan kualitas oke.,5,2024-10-10
user_10593,Celana Jeans,"Barang palsu, bukan original.",1,2024-10-21
user_22671,Kemeja Pria,Ukuran tidak sesuai deskripsi.,2,2024-11-16
user_18267,Buku Catatan,Barang rusak saat diterima.,1,2023-11-05
user_5562,Sepatu Sneakers,Terlalu mahal untuk kualitas seperti ini.,2,2024-12-15
user_17512,Powerbank,Kualitas sangat buruk.,1,2024-02-17
widiastutijaga,Dompet Kulit,"Warnanya cantik dan tahan lama, puas banget!",4,2024-09-20
s*****d,Gosh Lunaria 420 Sling Bag,"Desain:simple
Kualitas:seperti gosh pada umumnya
Keaslian:ori

Bagus desainnya simple gak gonjreng kayak yg lainnya, tapi untuk kualitas kulitnya biasa aja ya, sama kayak tas gosh pada umumnya yg gampang kelupas",5,2025-06-02 23:17
afakahituh,SKINTIFIC - Alaska Volcano Pore Clay Stick 40g | Masker Wajah Komedo Skincare BPOM Sleeping Mask  Organik Muka Jerawat Bubuk Mugwort Peel Clay Mask Off Pengangkat Komedo Penghilang Jerawat BPOM Acne Mask with Glycolic Acid Probiotic Complex Black Charcoal,"pesen 6 stick dikasihnya cuma 4 stick, dichat ga dibalas, males saya sama brand ini",1,2025-06-09 15:44
user_13524,Rak Sepatu,Produk kotor dan tidak layak pakai.,1,2024-03-12
user_1479,Tas Wanita,Penjual tidak merespon chat.,2,2023-11-25
user_23758,Kemeja Pria,Ukuran tidak sesuai deskripsi.,1,2024-06-08
user_12700,Kursi Lipat,Warna tidak sesuai pesanan.,2,2023-04-13
user_23151,Smartphone Android,Penjual tidak merespon chat.,1,2024-10-14
user_23541,Lampu Tidur,"Barang palsu, bukan original.",1,2023-11-03
user_20859,Powerbank,"Servis buruk, tidak profesional.",1,2024-03-22
user_20502,Skincare Serum,"Beli karena review bagus, ternyata zonk.",2,2024-04-05
user_8081,Skincare Serum,Baru dipakai sebentar sudah rusak.,1,2024-05-09
user_7902,Rak Sepatu,Packing rapi dan aman sampai tujuan.,4,2023-10-22
faizah88,Keyboard Mechanical,"Harga terjangkau, kualitas mantap!",5,2024-12-05
user_7469,Kursi Lipat,Tidak direkomendasikan sama sekali.,2,2024-11-27
user_17116,Kursi Lipat,Penjual tidak merespon chat.,1,2024-12-15
user_22201,Rak Sepatu,Ukuran tidak sesuai deskripsi.,1,2024-03-29
user_16819,Mouse Wireless,Packing rapi dan aman sampai tujuan.,4,2023-09-16
user_10837,Mouse Wireless,"Beli karena review bagus, ternyata zonk.",2,2024-04-17
user_14987,Parfum Wanita,Rating tinggi tapi kualitas rendah.,1,2024-04-26
user_10810,Flashdisk 64GB,"Barang palsu, bukan original.",2,2024-12-06
user_9587,Sepatu Sneakers,Barang rusak saat diterima.,2,2024-10-20
pranowosabri,Dompet Kulit,"Respon penjual cepat, barang dikirim hari itu juga.",5,2024-09-21
vpurnawati,Dompet Kulit,"Respon penjual cepat, barang dikirim hari itu juga.",5,2025-05-21
vlestari,Parfum Unisex,Produk original dan kualitasnya premium.,5,2025-06-04
user_21869,Tas Wanita,Tidak direkomendasikan sama sekali.,1,2024-10-27
user_7595,Headset Gaming,Produk kotor dan tidak layak pakai.,1,2024-01-27
user_10010,Parfum Wanita,Produk tidak sesuai gambar.,1,2023-08-10
user_23870,Celana Jeans,"Barang palsu, bukan original.",1,2024-09-27
mrahmawati,Tas Ransel,"Respon penjual cepat, barang dikirim hari itu juga.",5,2025-04-02
patriciahardiansyah,Kaos Oblong,Barang sampai dengan aman dan cepat.,5,2025-02-16
user_21019,Rak Sepatu,Sesuai dengan rating dan review yang saya baca.,5,2024-10-16
user_13909,Sepatu Sneakers,Warna tidak sesuai pesanan.,1,2024-05-07
user_1045,Mouse Wireless,Sesuai dengan rating dan review yang saya baca.,5,2023-12-02
user_18280,Keyboard Mechanical,Top banget! Bakal order lagi nanti.,4,2023-06-15
paramitaprasetyo,Tumbler Stainless,"Sesuai deskripsi, kualitas oke dan tahan lama.",5,2024-08-21
user_24959,Powerbank,Sudah beli berkali-kali di sini dan selalu puas.,4,2024-10-08
user_20403,Kemeja Pria,Sangat puas dengan pelayanan toko ini.,5,2023-07-20
user_7429,Parfum Wanita,"Pelayanan cepat, packing aman, produk oke!",4,2023-09-05
user_897,Flashdisk 64GB,Tidak direkomendasikan sama sekali.,1,2024-02-07
user_3022,Keyboard Mechanical,Produk tidak sesuai gambar.,1,2023-04-08
user_12936,Lampu Tidur,Tidak direkomendasikan sama sekali.,2,2024-03-30
user_9555,Sepatu Sneakers,Kualitas di atas ekspektasi saya!,4,2024-06-06
user_5212,Sepatu Sneakers,Baru dipakai sebentar sudah rusak.,1,2023-03-10
restu04,Tas Ransel,"Warnanya cantik dan tahan lama, puas banget!",5,2024-11-30
user_14508,Parfum Wanita,Tidak direkomendasikan sama sekali.,2,2024-04-07
user_5441,Sepatu Sneakers,Sudah komplain tapi tidak ada solusi.,2,2024-03-13
ilsamelani,Celana Jeans,"Sudah belanja beberapa kali, selalu puas.",5,2024-12-01
user_5587,Makeup Set,Penjual tidak merespon chat.,1,2024-04-15
user_20893,Jam Tangan Digital,Sangat kecewa dengan produk ini.,1,2024-04-06
user_19295,Keyboard Mechanical,Ukuran tidak sesuai deskripsi.,2,2023-11-02
harto16,Lipstik Matte,"Harga terjangkau, kualitas mantap!",4,2024-09-30
user_3303,Keyboard Mechanical,Barang tidak berfungsi dengan baik.,2,2023-12-30
n*****2,SKIN1004 Madagascar Centella Tone Brightening Capsule Ampoule 30ml,"pengirimannya cepet, dapet harga lumayan baru pertama kali coba semoga cocok",5,2025-06-02 23:25
ullyurmila,Gosh Lunaria 277 Sling Bag,"Sleting rusak, kacau ni penjual ngasi brang rusak 
Aduh",1,2025-06-04 09:08
user_11767,Smartphone Android,Produk sangat bagus dan sesuai deskripsi!,5,2024-09-04
fujiatihilda,Mouse Wireless,"Produk bagus, bahan adem dan sesuai gambar.",5,2025-03-11
r*****a,Sprei Karet Motif Gingham Khaki 200x200 180x200 160x200 140x200 120x200 100x200 90x200 / Evedaily.id,"Ukuran:pas dan sesuai
Tekstur:barang dengan tekstur yang halus
Kenyamanan:sangat nyaman saat dipakai",5,2025-05-26 22:27
bahuwiryasihotang,Sandals Pria,"Sudah belanja beberapa kali, selalu puas.",5,2024-06-16
darijanriyanti,Keyboard Mechanical,"Packing rapi banget, penjual ramah.",4,2025-03-30
user_5885,Flashdisk 64GB,Terlalu mahal untuk kualitas seperti ini.,1,2024-12-12
wprasetyo,Dompet Kulit,Barang sampai dengan aman dan cepat.,4,2024-10-24
user_14034,Buku Catatan,Barang rusak saat diterima.,1,2024-03-03
umay70,Dompet Kulit,"Packing rapi banget, penjual ramah.",5,2025-04-22
user_8896,Parfum Wanita,Produk kotor dan tidak layak pakai.,1,2023-09-22
user_14877,Meja Belajar,Kualitas sangat buruk.,1,2023-10-26
user_9232,Meja Belajar,Ukuran tidak sesuai deskripsi.,1,2023-01-08
santosotania,Keyboard Mechanical,"Harga terjangkau, kualitas mantap!",4,2025-06-03
user_19503,Makeup Set,Packing asal-asalan.,2,2023-03-17
user_23625,Meja Belajar,Terlalu mahal untuk kualitas seperti ini.,1,2023-02-27
user_9415,Buku Catatan,Terlalu mahal untuk kualitas seperti ini.,1,2023-06-28
user_19389,Buku Catatan,Barang tidak berfungsi dengan baik.,1,2024-09-30
user_12378,Meja Belajar,Kualitas sangat buruk.,2,2024-04-03
natsirnasab,Sandals Pria,"Sesuai deskripsi, kualitas oke dan tahan lama.",4,2025-05-04
ksafitri,Powerbank 10000mAh,"Sudah belanja beberapa kali, selalu puas.",5,2025-01-23
user_15693,Powerbank,Top banget! Bakal order lagi nanti.,4,2023-05-01
user_2383,Parfum Wanita,Produk sangat bagus dan sesuai deskripsi!,5,2023-12-16
nainggolanmustofa,Jaket Hoodie,"Produk bagus, bahan adem dan sesuai gambar.",5,2025-05-14
xsimbolon,Celana Jeans,"Sesuai deskripsi, kualitas oke dan tahan lama.",4,2024-09-22
user_20168,Tas Wanita,Packing asal-asalan.,1,2023-07-24
user_5093,Jam Tangan Digital,"Servis buruk, tidak profesional.",2,2024-02-20
user_18390,Sepatu Sneakers,Warna dan bentuk persis seperti di gambar.,5,2024-03-08
user_8343,Smartphone Android,Barang tidak berfungsi dengan baik.,1,2024-11-20
dadapsimanjuntak,Sepatu Sneakers,"Sudah belanja beberapa kali, selalu puas.",5,2025-03-13
user_9538,Makeup Set,Tidak direkomendasikan sama sekali.,2,2023-05-16
user_16561,Makeup Set,Sangat kecewa dengan produk ini.,1,2023-07-26
utarihoran,Keyboard Mechanical,"Respon penjual cepat, barang dikirim hari itu juga.",5,2025-03-28
user_20695,Keyboard Mechanical,Barang original dan berkualitas.,5,2023-02-18
user_15900,Celana Jeans,"Beli karena review bagus, ternyata zonk.",1,2023-12-12
user_23260,Buku Catatan,Sudah komplain tapi tidak ada solusi.,1,2024-03-03
qhasanah,Tas Ransel,"Warnanya cantik dan tahan lama, puas banget!",5,2025-03-11
a*****g,"( HARGA PROMO)kursi lipat lesehan, kursi lesehan "" OSCAR""",Beli-bungkus-sampe,5,2025-04-27 16:29
ajimin47,Sepatu Sneakers,"Pengiriman cepat, packing rapi. Recommended!",5,2024-09-13
user_7097,Smartphone Android,Suka banget sama produk ini.,4,2023-02-07
user_19876,Headset Gaming,Packing asal-asalan.,2,2023-04-14
a*****1,SKINTIFIC - Perfect Stay Velvet Matte Cushion | Foundation Compact Oil-Control Waterproof Sweatproof Matte Finish Poreless Blue Cushion Foundation Flawless BB&CC Cream Makeup High-Coverage Bedak Skin Tint,Kalau ada bintang 0 kukasih bintang 0 ni seller nya,1,2025-06-10 21:46
user_1827,Tas Wanita,"Mantap, gak nyesel beli di sini.",4,2024-06-18
kanda24,Kaos Oblong,"Harga terjangkau, kualitas mantap!",5,2025-02-20
user_5737,Buku Catatan,Terlalu mahal untuk kualitas seperti ini.,1,2023-12-02
user_15978,Powerbank,Barang tidak berfungsi dengan baik.,2,2024-11-30
rsuwarno,Sepatu Sneakers,respon cepat worth it recommended warna cantik puas,4,2025-03-11
xpuspita,Sepatu Sneakers,"Sudah belanja beberapa kali, selalu puas.",5,2025-03-20
vanilaashop,HijabChic Ulyani Stripe Tops - Atasan Muslim Stripe Lembut Best Seller Terbaru,"Warna:Sesuai
Desain:Sesuai
Bahan:Panas

Aneh bgt masa baju nya rapuh baru bbrp kali di pakai udh pada sobek. Kualitas super jelek ya ampuuun",1,2025-05-16 09:34
i*****e,"Judydoll Fine Curling Iron Mascara (Maskara Besi Waterproof, Smudgeproof, Anti Clumpy, Hasil Lentik Natural Tahan Lama 12 Jam)","Tekstur:cair
Warna:hitam
Efek:melentikkan

Lumayan bagus dan mudah diaplikasikan krn bentuk kuas  nya kecil",5,2025-06-13 12:08
user_7759,Lampu Tidur,Sudah komplain tapi tidak ada solusi.,2,2024-01-24
user_14675,Flashdisk 64GB,Sangat puas dengan pelayanan toko ini.,4,2023-01-03
user_1863,Flashdisk 64GB,Sesuai dengan rating dan review yang saya baca.,5,2024-03-15
user_8064,Keyboard Mechanical,"Pelayanan cepat, packing aman, produk oke!",4,2024-12-02
syaefulpesisirbajoe,Gio Saverino Sepatu Wedges Kerja Wanita Hanna,Mantab sepatux.tebal dn tidk bikin kaki tidak nyaman,5,2025-06-12 18:31
csiregar,Dompet Kulit,"Packing rapi banget, penjual ramah.",5,2025-01-20
kuswoyoreksa,Mouse Wireless,"Packing rapi banget, penjual ramah.",5,2025-04-27
user_10032,Buku Catatan,"Puas banget, terima kasih seller!",4,2023-02-01
wijayantifarah,Kaos Oblong,"Sudah belanja beberapa kali, selalu puas.",5,2024-11-18
kawayadongoran,Headset Bluetooth,"Respon penjual cepat, barang dikirim hari itu juga.",4,2025-04-24
user_10697,Sepatu Sneakers,Harga terjangkau dengan kualitas oke.,4,2024-04-26
user_9018,Kaos Polos,Sudah beli berkali-kali di sini dan selalu puas.,4,2023-07-29
user_2305,Smartphone Android,"Barang palsu, bukan original.",2,2023-08-25
user_14927,Buku Catatan,Produk tidak sesuai gambar.,2,2023-05-25
user_11693,Mouse Wireless,Produk kotor dan tidak layak pakai.,1,2023-01-19
natalia83,Parfum Unisex,"Sudah belanja beberapa kali, selalu puas.",5,2025-04-04
user_12364,Buku Catatan,Barang rusak saat diterima.,1,2023-01-27
user_6756,Parfum Wanita,Sangat kecewa dengan produk ini.,1,2024-11-02
maryaticitra,Powerbank 10000mAh,"Sudah belanja beberapa kali, selalu puas.",5,2025-01-02
user_22033,Flashdisk 64GB,"Servis buruk, tidak profesional.",1,2024-08-01
user_18220,Mouse Wireless,"Pelayanan cepat, packing aman, produk oke!",5,2023-05-04
user_15406,Mouse Wireless,Kualitas sangat buruk.,1,2024-08-14
user_515,Makeup Set,Sudah komplain tapi tidak ada solusi.,1,2023-02-19
prayogo28,Tas Ransel,"Sudah belanja beberapa kali, selalu puas.",5,2025-05-08
damanikprayitna,Sepatu Sneakers,"Respon penjual cepat, barang dikirim hari itu juga.",4,2024-11-20
user_24988,Meja Belajar,Barang rusak saat diterima.,2,2024-03-02
latif86,Powerbank 10000mAh,"Sesuai deskripsi, kualitas oke dan tahan lama.",4,2025-01-09
user_931,Headset Gaming,Harga terjangkau dengan kualitas oke.,5,2024-07-05
user_2508,Buku Catatan,Ukuran tidak sesuai deskripsi.,2,2023-01-14
mkusumo,Parfum Unisex,"Sesuai deskripsi, kualitas oke dan tahan lama.",4,2024-06-21
user_15115,Celana Jeans,"Beli karena review bagus, ternyata zonk.",2,2024-09-25
user_4779,Skincare Serum,Pengiriman sangat lama.,2,2023-06-07
hamzahrahimah,Tumbler Stainless,"Packing rapi banget, penjual ramah.",5,2024-07-23
nugrohokawaya,Jam Tangan Digital,"Packing rapi banget, penjual ramah.",5,2024-12-07
omarhutapea,Jaket Hoodie,"Sesuai deskripsi, kualitas oke dan tahan lama.",5,2024-08-09
user_13305,Flashdisk 64GB,Packing asal-asalan.,1,2023-07-23
user_5154,Lampu Tidur,Baru dipakai sebentar sudah rusak.,2,2024-09-24
aardianto,Celana Jeans,"Respon penjual cepat, barang dikirim hari itu juga.",5,2025-05-11
apratama,Tas Ransel,"Produk bagus, bahan adem dan sesuai gambar.",5,2025-01-04
user_20994,Lampu Tidur,Ukuran pas dan sesuai pesanan.,4,2023-01-20
user_6856,Keyboard Mechanical,Warna dan bentuk persis seperti di gambar.,4,2024-06-26
user_20555,Headset Gaming,"Barang cacat, sangat mengecewakan.",2,2023-02-15
user_12712,Mouse Wireless,Terlalu mahal untuk kualitas seperti ini.,1,2023-09-08
user_10756,Kursi Lipat,"Mantap, gak nyesel beli di sini.",4,2023-09-16
user_23714,Makeup Set,Worth it banget untuk harga segini.,5,2024-05-26
user_5178,Meja Belajar,Penjual tidak merespon chat.,2,2023-07-19
user_16515,Kaos Polos,Kualitas sangat buruk.,1,2023-04-07
user_3689,Powerbank,Barang rusak saat diterima.,1,2023-01-05
marbunkarman,Jaket Hoodie,"Harga terjangkau, kualitas mantap!",5,2024-07-03
user_10489,Tas Wanita,"Barang palsu, bukan original.",1,2024-11-15
limargunawan,Kaos Oblong,"Sudah belanja beberapa kali, selalu puas.",5,2024-09-24
user_24299,Kursi Lipat,"Barang cacat, sangat mengecewakan.",1,2023-12-17
user_189,Lampu Tidur,Ukuran tidak sesuai deskripsi.,2,2023-05-01
user_13991,Flashdisk 64GB,Barang tidak berfungsi dengan baik.,2,2024-07-13
user_17462,Lampu Tidur,Kualitas di atas ekspektasi saya!,5,2023-02-11
user_20136,Tas Wanita,Packing asal-asalan.,2,2024-03-04
user_3182,Keyboard Mechanical,Sangat puas dengan pelayanan toko ini.,4,2024-05-14
user_5473,Keyboard Mechanical,Ukuran pas dan sesuai pesanan.,5,2023-05-04
user_362,Meja Belajar,Barang tidak berfungsi dengan baik.,1,2024-06-29
dilaeka20,SKIN1004 Madagascar Centella Tone Brightening Capsule Cream 75ml,"Ga pernah gagal , emang terbaik cocok di kulit saya makin halus the best pokoknya",5,2025-05-31 12:50
hmaheswara,Celana Jeans,Barang sampai dengan aman dan cepat.,4,2024-11-18
cahyanto54,Lipstik Matte,"Sesuai deskripsi, kualitas oke dan tahan lama.",4,2024-09-08
user_19632,Tas Wanita,Tidak direkomendasikan sama sekali.,1,2023-02-08
user_6512,Celana Jeans,Produk kotor dan tidak layak pakai.,2,2023-08-11
user_20650,Rak Sepatu,Tidak direkomendasikan sama sekali.,1,2024-07-10
mpradana,Parfum Unisex,"Sudah belanja beberapa kali, selalu puas.",4,2024-12-11
zelaya29,Headset Bluetooth,"Produk bagus, bahan adem dan sesuai gambar.",5,2024-06-17
user_7963,Parfum Wanita,Barang tidak berfungsi dengan baik.,1,2024-09-27
c*****3,"Gosh Paperbag 003 (TIDAK DIJUAL PPBG AJA, ORDER HARUS SESUAI QUANTITY PEMBELIAN PRODUK)","Desain:seperti totebag pada umunyach
Ukuran:pas
Keaslian:ori deck

ya bagus",5,2025-06-10 09:23
user_9810,Lampu Tidur,Barang original dan berkualitas.,5,2024-01-06
user_5236,Lampu Tidur,"Barang palsu, bukan original.",1,2024-02-11
n92eu76hci,SKINTIFIC - Mugwort Acne Clay Stick + Alaska Clay Stick | Clay Stick Combo Masker Wajah Komedo Acner Eksfoliasi Wajah Glowing Kecantikan Skincare Niacinamide Salicylic Acid Ceramide Centella Glycolic Acid Probiotic Complex,Mugwort nya KK cuma 1 padahal saya beli 2,1,2025-06-12 10:30
tatajjeno,Sandal Rumah Miniso,"Tampilan:bagus
Warna:soft sage

Maaf baru sempat ngerating soalnya akhir akhir ini suka sibuk",5,2024-04-16 08:12
user_18963,Makeup Set,Sudah beli berkali-kali di sini dan selalu puas.,4,2023-04-05
user_3806,Mouse Wireless,"Servis buruk, tidak profesional.",2,2023-06-27
xjanuar,Sandals Pria,"Sesuai deskripsi, kualitas oke dan tahan lama.",5,2025-01-06
user_6321,Headset Gaming,"Barang cacat, sangat mengecewakan.",1,2024-11-26
user_17306,Sepatu Sneakers,Barang tidak berfungsi dengan baik.,2,2024-08-08
user_10820,Headset Gaming,Top banget! Bakal order lagi nanti.,5,2023-01-09
hasanahagus,Parfum Unisex,"Pengiriman cepat, packing rapi. Recommended!",5,2024-11-27
warsa43,Keyboard Mechanical,"Packing rapi banget, penjual ramah.",4,2025-05-21
user_33,Parfum Wanita,"Beli karena review bagus, ternyata zonk.",2,2023-04-09
user_6790,Kaos Polos,Ukuran tidak sesuai deskripsi.,1,2023-05-23
user_6657,Tas Wanita,Ukuran pas dan sesuai pesanan.,5,2024-05-19
user_4353,Flashdisk 64GB,Baru dipakai sebentar sudah rusak.,2,2023-10-19
jytwln_,SKIN1004  Madagascar Centella Poremizing Tinted Suncream 50ml,"Kemasan:Suka banget warnanya pinkie-pinkie, dan tipe kemasan yg enak banget, ga gampang bleber as dipake rasanya enak banget, tone upnya sesuai sama warna kulit, ngasih finish yg glowy, nggak lengket dan cepet banget nyerap ke kulit.",5,2025-06-04 08:18
lurhurmangunsong,Jaket Hoodie,Produk original dan kualitasnya premium.,5,2025-01-02
pangestu63,Kaos Oblong,Barang sampai dengan aman dan cepat.,4,2024-08-15
user_20548,Lampu Tidur,Sudah komplain tapi tidak ada solusi.,1,2024-06-28
user_10043,Powerbank,Suka banget sama produk ini.,5,2023-07-22
user_110,Meja Belajar,Sangat kecewa dengan produk ini.,2,2023-11-12
user_24477,Rak Sepatu,Suka banget sama produk ini.,5,2024-03-03
latif04,Lipstik Matte,"Respon penjual cepat, barang dikirim hari itu juga.",5,2024-07-15
user_2456,Smartphone Android,Barang datang lebih cepat dari perkiraan.,4,2024-09-05
user_9320,Smartphone Android,Produk kotor dan tidak layak pakai.,2,2023-01-01
prasetyolasmono,Lipstik Matte,"Respon penjual cepat, barang dikirim hari itu juga.",5,2024-10-11
user_15813,Buku Catatan,Suka banget sama produk ini.,4,2024-11-28
user_24698,Powerbank,Produk sangat bagus dan sesuai deskripsi!,5,2024-09-03
user_16151,Celana Jeans,Sangat direkomendasikan untuk semua orang.,4,2023-08-10
afakahituh,SKINTIFIC - Alaska Volcano Pore Clay Stick 40g | Masker Wajah Komedo Skincare BPOM Sleeping Mask  Organik Muka Jerawat Bubuk Mugwort Peel Clay Mask Off Pengangkat Komedo Penghilang Jerawat BPOM Acne Mask with Glycolic Acid Probiotic Complex Black Charcoal,"pesen 6 stick dikasihnya cuma 4 stick, dichat ga dibalas, males saya sama brand ini",1,2025-06-09 15:44
vega00,Lipstik Matte,"Warnanya cantik dan tahan lama, puas banget!",4,2024-12-18
user_18274,Powerbank,Tidak direkomendasikan sama sekali.,1,2024-07-22
user_2325,Sepatu Sneakers,Barang original dan berkualitas.,5,2024-06-04
user_1380,Tas Wanita,Packing asal-asalan.,2,2024-08-04
user_17953,Skincare Serum,Rating tinggi tapi kualitas rendah.,2,2024-03-19
user_19223,Keyboard Mechanical,"Barang cacat, sangat mengecewakan.",2,2024-05-07
user_14678,Kaos Polos,Warna tidak sesuai pesanan.,1,2023-08-08
user_2468,Makeup Set,"Barang palsu, bukan original.",2,2023-05-02
user_18585,Kaos Polos,Terlalu mahal untuk kualitas seperti ini.,1,2024-01-24
user_18466,Powerbank,Produk sangat bagus dan sesuai deskripsi!,5,2023-10-02
user_19030,Kaos Polos,Sudah beli berkali-kali di sini dan selalu puas.,5,2024-12-23
ullyurmila,Gosh Lunaria 277 Sling Bag,"Sleting rusak, kacau ni penjual ngasi brang rusak 
Aduh",1,2025-06-04 09:08
user_13341,Kursi Lipat,"Servis buruk, tidak profesional.",2,2024-12-09
purwantiprasetyo,Mouse Wireless,"Pengiriman cepat, packing rapi. Recommended!",5,2025-02-07
user_23261,Buku Catatan,Pengiriman cepat dan aman.,5,2023-05-23
user_8348,Meja Belajar,Kualitas sangat buruk.,1,2024-10-11
user_11570,Powerbank,Harga terjangkau dengan kualitas oke.,5,2023-05-30
user_7352,Tas Wanita,Sudah beli berkali-kali di sini dan selalu puas.,4,2024-10-27
dmarbun,Sepatu Sneakers,"Sesuai deskripsi, kualitas oke dan tahan lama.",4,2024-09-16
user_19949,Lampu Tidur,Terlalu mahal untuk kualitas seperti ini.,2,2024-10-16
anomagustina,Tas Ransel,Produk original dan kualitasnya premium.,4,2025-03-25
uyainahiriana,Celana Jeans,Produk original dan kualitasnya premium.,5,2025-05-27
ade20,Lipstik Matte,"Respon penjual cepat, barang dikirim hari itu juga.",5,2025-05-19
user_20250,Kaos Polos,"Barang palsu, bukan original.",2,2023-02-27
user_20731,Tas Wanita,"Barang palsu, bukan original.",1,2024-03-29
user_1714,Makeup Set,Rating tinggi tapi kualitas rendah.,2,2024-11-15
user_22571,Powerbank,Sesuai dengan rating dan review yang saya baca.,5,2023-04-20
user_11841,Parfum Wanita,Suka banget sama produk ini.,4,2023-08-27
user_14965,Kemeja Pria,Packing asal-asalan.,2,2024-07-09
user_9113,Celana Jeans,Ukuran tidak sesuai deskripsi.,2,2024-08-29
user_1987,Kursi Lipat,Packing asal-asalan.,2,2024-12-25
ridwanjailani,Tas Ransel,"Sesuai deskripsi, kualitas oke dan tahan lama.",5,2025-04-08
mandasarishakila,Keyboard Mechanical,"Sesuai deskripsi, kualitas oke dan tahan lama.",5,2024-11-11
kerrymikesilvia,Gosh Asti 471 Sandal Comfort,"Desain:cantik dan menarik
Kualitas:baik

Makasih seller .. kiriman cepat kurir ramah kemasan rapih dan toko amanah .. semoga sukses sllu",5,2025-06-11 14:48
user_23365,Sepatu Sneakers,"Mantap, gak nyesel beli di sini.",5,2023-05-11
ymandala,Dompet Kulit,"Sesuai deskripsi, kualitas oke dan tahan lama.",4,2024-09-19
dwianityan,Tote bag ransel urban factor - GAIA Backpack laptop Pria Unisex,3 minggu pemakaian bahan sudah bnyk yang terkelupas dibagain depan,2,2025-04-02 22:30
user_15496,Kemeja Pria,Produk kotor dan tidak layak pakai.,2,2023-08-14
zutami,Headset Bluetooth,"Warnanya cantik dan tahan lama, puas banget!",5,2025-01-03
zamira38,Powerbank 10000mAh,"Harga terjangkau, kualitas mantap!",5,2025-01-04
user_10854,Celana Jeans,Tidak direkomendasikan sama sekali.,2,2023-12-15
r*****6,SKINTIFIC -  Salicylic Acid Anti Acne Serum 20ml | Melembabkan  Menghilangkan Bekas Jerawat Kulit Beruntusan Exfoliating Perawatan Wajah Calming Pelembab Pemutih Wajah Facial Moisturizer Day Cream Night Cream Skincare BPOM,malah nambah jerawatan,1,2025-06-05 15:38
prasetyoyahya,Jaket Hoodie,"Packing rapi banget, penjual ramah.",5,2025-06-02
user_19592,Powerbank,Worth it banget untuk harga segini.,5,2023-01-12
user_6837,Parfum Wanita,"Pelayanan cepat, packing aman, produk oke!",4,2023-11-01
yonowasita,Celana Jeans,"Sudah belanja beberapa kali, selalu puas.",5,2025-04-05
user_615,Kursi Lipat,Ukuran pas dan sesuai pesanan.,5,2024-03-02
galihsuwarno,Kemeja Polos,"Harga terjangkau, kualitas mantap!",5,2024-07-22
user_15285,Mouse Wireless,"Barang palsu, bukan original.",1,2024-06-07
user_23411,Smartphone Android,Sangat kecewa dengan produk ini.,2,2023-12-17
user_7251,Kaos Polos,Ukuran tidak sesuai deskripsi.,1,2023-09-05
user_18571,Parfum Wanita,Ukuran tidak sesuai deskripsi.,1,2023-08-31
user_10940,Tas Wanita,Terlalu mahal untuk kualitas seperti ini.,2,2023-10-11
user_24210,Meja Belajar,Produk kotor dan tidak layak pakai.,2,2023-08-07
user_2300,Tas Wanita,Barang tidak berfungsi dengan baik.,2,2023-01-03
khariyah,Jaket Hoodie,Produk original dan kualitasnya premium.,4,2024-11-26
user_17729,Celana Jeans,Top banget! Bakal order lagi nanti.,4,2023-09-29
user_15076,Jam Tangan Digital,Sesuai dengan rating dan review yang saya baca.,4,2023-09-23
user_23577,Keyboard Mechanical,"Barang palsu, bukan original.",1,2023-06-26
rrahayu,Celana Jeans,Produk original dan kualitasnya premium.,5,2025-01-14
mardhiyahkasusra,Kaos Oblong,"Sesuai deskripsi, kualitas oke dan tahan lama.",4,2024-12-03
user_13255,Meja Belajar,Sudah komplain tapi tidak ada solusi.,2,2023-09-13
user_3054,Lampu Tidur,Ukuran tidak sesuai deskripsi.,1,2024-02-08
putu14,Celana Jeans,"Pengiriman cepat, packing rapi. Recommended!",5,2025-06-12
patricia.hartono,Oneda Briana Tas Bahu Selempang Wanita #S8338,"Desain:bagus
Warna:warna bagus
Bahan:kualitas terjamin

Seller fast respond, pengiriman cepat, packing aman.. Terimakasih.",5,2025-06-11 15:27
user_23940,Jam Tangan Digital,"Barang cacat, sangat mengecewakan.",2,2023-11-30
yprasetyo,Headset Bluetooth,Produk original dan kualitasnya premium.,4,2024-07-31
user_16396,Tas Wanita,Produk tidak sesuai gambar.,2,2024-07-08
user_11972,Buku Catatan,"Beli karena review bagus, ternyata zonk.",2,2023-08-04
farkhanfatkhur,Sandal ringan triset (36-40),Barang oke cocok sesuai pesanan 😍,5,2022-04-15 12:51
user_15050,Tas Wanita,Baru dipakai sebentar sudah rusak.,2,2023-01-25
spertiwi,Keyboard Mechanical,"Warnanya cantik dan tahan lama, puas banget!",5,2025-03-04
user_8108,Kaos Polos,"Servis buruk, tidak profesional.",1,2024-05-14
a*****7,Tas Selempang urban factor - Dopple | Tas laptop Pria Unisex,"Desain:Kualitas baik
Kapasitas:Sangat luas
Kualitas Bahan:Semoga tahan lama

Terimakasih sudah mendarat dengan selamat, maaf baru sempet kasih testy lengkapnya, semoga awet tahan lama 🙏",5,2025-03-03 00:05
user_20714,Powerbank,Baru dipakai sebentar sudah rusak.,1,2024-02-19
user_5954,Jam Tangan Digital,Produk tidak sesuai gambar.,1,2023-12-25
user_6122,Keyboard Mechanical,Barang tidak berfungsi dengan baik.,1,2023-09-09
user_16187,Buku Catatan,"Barang palsu, bukan original.",2,2023-04-16
user_21094,Smartphone Android,"Servis buruk, tidak profesional.",2,2023-06-15
user_20358,Smartphone Android,Baru dipakai sebentar sudah rusak.,1,2024-07-17
user_24721,Jam Tangan Digital,Warna tidak sesuai pesanan.,1,2023-07-17
zulkarnainhani,Jaket Hoodie,"Packing rapi banget, penjual ramah.",4,2024-11-02
umarwidiastuti,Keyboard Mechanical,"Produk bagus, bahan adem dan sesuai gambar.",5,2024-10-07
h*****n,SKINTIFIC UV Shield Sunscreen All Series - SPF50+ SPF35 PA++++ Skincare | Matte Fit / 5X Ceramide / Aqua Light Daily/ Light Serum Brightening Sunscreen With Vitamin C 5X Ceramide Zinc PCA Ectoin Oat Extract UVA/UVB Filter,"kecewa beli 2 malah di kirim 1 mana pake ga video unboxing lagih jujur ga tau siapa yang salah juga tapi demi apapun bener” kecewa bgt uang ku hangus begitu saja huff, lain kali kedepanya lebih teliti lagi ya min, kasian kalo emng paketnya di buka bukan sama orangnya malah yang buka orang rumah ga ngerti harus di videoin huhuu sedih beneran sangat” kecewa bgt huhuu menangiss lagi awet” uang teh ya allah adaa wehhhhhh huahhhh",1,2025-06-10 16:04
user_2465,Keyboard Mechanical,Warna tidak sesuai pesanan.,2,2023-05-13
reksa70,Lipstik Matte,"Warnanya cantik dan tahan lama, puas banget!",5,2024-07-29
ramadanyusuf,Tumbler Stainless,"Respon penjual cepat, barang dikirim hari itu juga.",5,2025-01-21
user_6860,Kaos Polos,Kualitas di atas ekspektasi saya!,5,2023-04-16
janet06,Kaos Oblong,"Sudah belanja beberapa kali, selalu puas.",5,2025-05-01
user_2625,Smartphone Android,Ukuran tidak sesuai deskripsi.,1,2024-12-20
winarsihmaya,Sepatu Sneakers,"Respon penjual cepat, barang dikirim hari itu juga.",4,2025-05-20
user_17786,Celana Jeans,Terlalu mahal untuk kualitas seperti ini.,1,2024-08-08
dabukkevino,Mouse Wireless,"Pengiriman cepat, packing rapi. Recommended!",5,2025-05-09
mizraa_,[NEW LAUNCH] BNB barenbliss Bloomdew Moonlight Dewy Mesh Cushion Cushion Dewy 24 Jam SPF 50 PA+++ Niacinamide & Miracle Bloom Essence Cushion Ringan Tahan Lama & Melembapkan,"Shade nya cocok bgtt, sukaa pokoknyaa🥹🫰🫰🫰",5,2025-06-14 14:33
user_21342,Flashdisk 64GB,"Barang palsu, bukan original.",2,2024-07-05
user_8166,Kaos Polos,Kualitas di atas ekspektasi saya!,5,2024-02-09
kenarimaryadi,Keyboard Mechanical,"Produk bagus, bahan adem dan sesuai gambar.",5,2025-02-02
rahayuarta,Headset Bluetooth,Barang sampai dengan aman dan cepat.,5,2025-05-13
user_24057,Kursi Lipat,"Barang palsu, bukan original.",1,2024-09-11
user_18039,Kaos Polos,Ukuran pas dan sesuai pesanan.,4,2023-07-14
samosirkeisha,Dompet Kulit,"Sesuai deskripsi, kualitas oke dan tahan lama.",4,2025-05-12
yhartati,Kaos Oblong,"Sudah belanja beberapa kali, selalu puas.",5,2025-03-09
mnatsir,Sepatu Sneakers,mantap pelayanan ramah bagus bagus packing aman sesuai warna cantik respon cepat oke,5,2024-12-12
user_715,Tas Wanita,Penjual tidak merespon chat.,2,2023-03-15
user_11164,Smartphone Android,Sangat direkomendasikan untuk semua orang.,5,2023-08-09
user_3079,Mouse Wireless,Suka banget sama produk ini.,4,2023-10-03
user_5609,Flashdisk 64GB,Produk tidak sesuai gambar.,2,2024-06-03
user_15236,Kursi Lipat,Ukuran tidak sesuai deskripsi.,2,2024-01-16
user_24517,Smartphone Android,Worth it banget untuk harga segini.,5,2023-12-03
ivanpratama,Keyboard Mechanical,"Packing rapi banget, penjual ramah.",4,2024-08-14
user_14735,Flashdisk 64GB,Barang rusak saat diterima.,2,2023-12-16
user_20633,Lampu Tidur,"Mantap, gak nyesel beli di sini.",5,2024-07-18
user_167,Buku Catatan,Sangat puas dengan pelayanan toko ini.,5,2023-01-29
user_12336,Makeup Set,Ukuran tidak sesuai deskripsi.,2,2024-06-17
fmardhiyah,Headset Bluetooth,Produk original dan kualitasnya premium.,5,2025-03-30
usamahadikara,Kemeja Polos,worth it adem recommended adem worth it oke warna cantik produk ori respon cepat original,4,2025-04-05
user_452,Kursi Lipat,Ukuran tidak sesuai deskripsi.,1,2024-08-22
user_556,Jam Tangan Digital,Pengiriman sangat lama.,2,2023-01-03
user_19879,Celana Jeans,Suka banget sama produk ini.,4,2023-08-19
user_11471,Sepatu Sneakers,Pengiriman sangat lama.,2,2024-09-04
user_5628,Skincare Serum,Baru dipakai sebentar sudah rusak.,1,2024-04-07
user_12240,Headset Gaming,Barang datang lebih cepat dari perkiraan.,4,2023-06-08
user_20336,Flashdisk 64GB,"Barang palsu, bukan original.",2,2024-02-04
user_7914,Meja Belajar,Produk kotor dan tidak layak pakai.,2,2023-07-30
user_24340,Makeup Set,Produk kotor dan tidak layak pakai.,2,2024-10-06
fardanaaa,SKINTIFIC - Glycolic Acid Exfoliating Daily Clarifying Toner AHA PHA Eksfoliasi Kulit Acne Treatment Eksfoliasi Wajah Summer Autumn Skin Barrier Improve,"buy one get one nya kecil ternyata moisnya, sama aja kaya beli",1,2025-06-12 09:31
user_6590,Sepatu Sneakers,Barang tidak berfungsi dengan baik.,2,2023-02-04
user_12193,Buku Catatan,Packing asal-asalan.,1,2023-03-01
user_5610,Sepatu Sneakers,Produk tidak sesuai gambar.,2,2023-10-11
prasetyopranowo,Tumbler Stainless,Produk original dan kualitasnya premium.,4,2025-03-26
user_8493,Kaos Polos,Produk tidak sesuai gambar.,1,2024-06-30
s_vam,Gosh Bolzano 351 Sneakers,"Kenyamanan:sangat nyaman dan Ringan
Kualitas:sangat Baik

Maaf nx sempat foto n Vdio,,yg jlas akan pesan lagi..
Tidak Rugi u tuk memesannya..terbaik memang",5,2025-06-06 05:23
user_5600,Kemeja Pria,"Barang palsu, bukan original.",1,2024-10-12
puspitapuji,Tas Ransel,"Sudah belanja beberapa kali, selalu puas.",5,2024-10-20
tirtayasadamanik,Tas Ransel,"Sesuai deskripsi, kualitas oke dan tahan lama.",5,2025-04-29
user_20453,Kaos Polos,Sangat kecewa dengan produk ini.,2,2024-02-21
user_22247,Headset Gaming,Sesuai dengan rating dan review yang saya baca.,4,2024-11-12
user_18216,Headset Gaming,Produk kotor dan tidak layak pakai.,2,2023-09-25
v1ta2s,"( HARGA PROMO )kursi lipat lesehan, kursi Lesehan "" OSCAR""ini","Desain:Bagus
Ukuran:Sesuai info size S
Kenyamanan:Nyaman

Kursi size S cocok untuk anak-anak sd dewasa yang badannya tidak besar. Material untuk yang ungu saya pilih beludru sedangkan yang coklat dari kulit sintetis. Ada plus minusnya yang beludru memang lembut tapi lebih rentan kotor sedangkan yang kulit lebih mudah dibersihkan. Konstruksi besi penyangga kuat. Bisa jadi opsi semi lesehan versi nyaman.",5,2025-04-27 06:48
user_10943,Skincare Serum,Penjual tidak merespon chat.,2,2023-02-20
user_12116,Meja Belajar,"Servis buruk, tidak profesional.",1,2023-04-29
user_17010,Celana Jeans,Ukuran pas dan sesuai pesanan.,5,2023-12-27
user_7293,Parfum Wanita,Worth it banget untuk harga segini.,5,2023-02-24
user_13889,Buku Catatan,Warna tidak sesuai pesanan.,2,2024-03-07
user_9999,Tas Wanita,Produk tidak sesuai gambar.,1,2023-03-16
princes_azalea01,Gosh Bolzano 561 Sneakers (Back To School),"Desain:bagus
Keaslian:asli
Kenyamanan:nyaman dipakai

Recomended",5,2025-06-14 19:10
user_17055,Lampu Tidur,Rating tinggi tapi kualitas rendah.,1,2023-01-06
user_8162,Meja Belajar,Terlalu mahal untuk kualitas seperti ini.,1,2024-07-06
user_14755,Mouse Wireless,Produk sangat bagus dan sesuai deskripsi!,4,2024-11-23
user_9761,Skincare Serum,Kualitas sangat buruk.,2,2024-10-03
user_8910,Powerbank,Sangat puas dengan pelayanan toko ini.,4,2024-03-25
user_17572,Parfum Wanita,Tidak direkomendasikan sama sekali.,1,2023-03-11
hadi85,Dompet Kulit,"Pengiriman cepat, packing rapi. Recommended!",5,2024-07-17
user_19656,Jam Tangan Digital,Packing asal-asalan.,2,2023-11-10
user_5210,Headset Gaming,"Servis buruk, tidak profesional.",1,2023-06-13
adriansyahkajen,Tumbler Stainless,"Respon penjual cepat, barang dikirim hari itu juga.",5,2025-01-23
user_14010,Mouse Wireless,Barang tidak berfungsi dengan baik.,1,2024-04-18
user_3645,Sepatu Sneakers,"Pelayanan cepat, packing aman, produk oke!",4,2024-04-01
user_14948,Rak Sepatu,Produk kotor dan tidak layak pakai.,2,2023-09-19
user_14565,Lampu Tidur,"Barang palsu, bukan original.",1,2024-10-26
user_9157,Buku Catatan,Terlalu mahal untuk kualitas seperti ini.,2,2023-03-23
user_21030,Jam Tangan Digital,Kualitas sangat buruk.,2,2024-09-11
user_24635,Tas Wanita,Ukuran tidak sesuai deskripsi.,1,2023-08-15
user_9396,Powerbank,Pengiriman cepat dan aman.,5,2024-02-11
user_7835,Headset Gaming,"Servis buruk, tidak profesional.",2,2024-09-23
user_14510,Skincare Serum,Produk tidak sesuai gambar.,2,2023-04-06
nugrahahidayanto,Kemeja Polos,"Sudah belanja beberapa kali, selalu puas.",4,2024-07-26
lailasarikarma,Mouse Wireless,Barang sampai dengan aman dan cepat.,5,2025-06-13
user_2980,Kemeja Pria,Sudah komplain tapi tidak ada solusi.,2,2024-05-12
a*****1,[ ! TERBATAS ! ] SKINTIFIC -  12% Acid Peeling Solution Serum 30ml | Eksfoliasi Wajah  Exfoliasi Exfoliating Serum Essence Penghalusan Kulit  Mengangkat Sel Kulit Mati Membersihkan Anti Acne Mencerahkan Jerawat Dark Spot Brightening Mengencangkan Kulit,"Kondisi Barang:tnpa cacat
Aroma:wngi bnget
Efek:jujur, skintific ini emang bagusss, bkn mukaku makin lembut dan cerahan, dlu belang sekarang udah gak lagii",5,2025-05-26 20:46
user_22183,Parfum Wanita,Rating tinggi tapi kualitas rendah.,1,2024-10-19
user_11402,Jam Tangan Digital,Barang original dan berkualitas.,4,2023-06-13
user_21617,Makeup Set,Top banget! Bakal order lagi nanti.,4,2023-07-05
xsuryatmi,Keyboard Mechanical,"Respon penjual cepat, barang dikirim hari itu juga.",5,2024-12-22
user_21453,Kaos Polos,Barang rusak saat diterima.,1,2024-08-19
mpoknay,"( HARGA PROMO)kursi lipat lesehan, kursi lesehan "" OSCAR""",Bagus,5,2025-05-21 12:50
user_9742,Skincare Serum,Tidak direkomendasikan sama sekali.,1,2023-11-10
user_365,Meja Belajar,Packing asal-asalan.,2,2023-11-17
capaanggriawan,Mouse Wireless,"Sesuai deskripsi, kualitas oke dan tahan lama.",4,2025-02-23
xlazuardi,Parfum Unisex,"Pengiriman cepat, packing rapi. Recommended!",4,2024-12-11
user_4371,Jam Tangan Digital,"Servis buruk, tidak profesional.",2,2023-06-30
user_5475,Makeup Set,Packing asal-asalan.,2,2023-07-01
user_23716,Celana Jeans,Pengiriman sangat lama.,1,2024-09-02
user_865,Flashdisk 64GB,Produk tidak sesuai gambar.,1,2023-08-21
user_9082,Celana Jeans,Penjual tidak merespon chat.,2,2024-06-16
user_4793,Celana Jeans,Produk kotor dan tidak layak pakai.,1,2023-10-10
user_19839,Meja Belajar,Produk kotor dan tidak layak pakai.,1,2023-06-06
user_18856,Tas Wanita,Produk sangat bagus dan sesuai deskripsi!,4,2024-02-28
user_6078,Sepatu Sneakers,"Servis buruk, tidak profesional.",1,2023-07-04
goldjkt.id,SKINTIFIC - 5X Ceramide Barrier Serum 20ml | Merawat skin barrier Serum Mencerahkan Dark Spot Tumpas Komedo anti aging anti acne Eksfoliasi Mengangkat Sel Kulit Mati Exfoliating with Ceramide Probiotik Kompleks Centella Asiatica,"Beli ukuran gede taunya isinya warna kuning🥲
Ga murah loh padahal udah pengiriman instan",1,2025-06-11 13:15
user_10735,Headset Gaming,Baru dipakai sebentar sudah rusak.,1,2023-11-12
paimansihotang,Sandals Pria,"Pengiriman cepat, packing rapi. Recommended!",5,2025-01-21
user_11417,Buku Catatan,"Servis buruk, tidak profesional.",1,2023-11-10
riyantibakianto,Sandals Pria,"Produk bagus, bahan adem dan sesuai gambar.",5,2025-03-22
user_13088,Sepatu Sneakers,Kualitas di atas ekspektasi saya!,4,2024-08-30
user_14326,Meja Belajar,Terlalu mahal untuk kualitas seperti ini.,1,2023-02-13
user_6449,Keyboard Mechanical,Produk tidak sesuai gambar.,1,2023-01-03
user_14359,Keyboard Mechanical,Produk tidak sesuai gambar.,2,2024-08-21
user_16506,Skincare Serum,Sangat kecewa dengan produk ini.,2,2024-09-28
user_17521,Makeup Set,Pengiriman sangat lama.,1,2024-12-24
n92eu76hci,SKINTIFIC - 5X Ceramide Barrier Moisturizer Gel 30g - Pelembab Ringan Lembap Perbaiki Skin Barrier dan Mencerahkan,Baranya kurang satu,1,2025-06-12 10:30
user_19338,Jam Tangan Digital,Barang datang lebih cepat dari perkiraan.,5,2023-12-27
user_7496,Mouse Wireless,Pengiriman sangat lama.,2,2023-03-13
novi71,Keyboard Mechanical,"Harga terjangkau, kualitas mantap!",4,2025-01-06
user_4925,Powerbank,Terlalu mahal untuk kualitas seperti ini.,2,2023-06-27
user_2351,Lampu Tidur,Tidak direkomendasikan sama sekali.,1,2024-11-03
user_19045,Kemeja Pria,Produk kotor dan tidak layak pakai.,2,2024-12-12
cahyo04,Parfum Unisex,"Packing rapi banget, penjual ramah.",5,2024-12-02
user_10707,Smartphone Android,Ukuran tidak sesuai deskripsi.,2,2024-03-09
silviayuliarti,Tumbler Stainless,"Harga terjangkau, kualitas mantap!",5,2025-05-06
user_15457,Tas Wanita,Ukuran tidak sesuai deskripsi.,2,2023-03-10
user_7758,Sepatu Sneakers,"Servis buruk, tidak profesional.",2,2023-08-11
hnasyidah,Dompet Kulit,"Sesuai deskripsi, kualitas oke dan tahan lama.",4,2024-09-10
adriansyaholiva,Lipstik Matte,"Warnanya cantik dan tahan lama, puas banget!",5,2025-01-21
hartatilabuh,Kaos Oblong,"Produk bagus, bahan adem dan sesuai gambar.",5,2024-07-11
user_11758,Rak Sepatu,Sangat direkomendasikan untuk semua orang.,4,2023-01-30
user_23060,Makeup Set,Produk tidak sesuai gambar.,1,2023-11-08
user_24072,Celana Jeans,Sangat kecewa dengan produk ini.,1,2024-02-13
user_12251,Celana Jeans,Kualitas sangat buruk.,2,2024-07-26
jutami,Dompet Kulit,"Produk bagus, bahan adem dan sesuai gambar.",5,2025-01-16
jumari09,Sandals Pria,Produk original dan kualitasnya premium.,4,2024-12-13
iswahyudiumay,Tumbler Stainless,Produk original dan kualitasnya premium.,5,2024-11-16
user_24485,Tas Wanita,Ukuran tidak sesuai deskripsi.,1,2024-03-24
opangestu,Sandals Pria,"Packing rapi banget, penjual ramah.",4,2025-04-11
user_8307,Kaos Polos,Pengiriman sangat lama.,2,2024-06-26
user_19238,Jam Tangan Digital,Sudah komplain tapi tidak ada solusi.,1,2023-04-06
user_19048,Keyboard Mechanical,"Puas banget, terima kasih seller!",4,2024-09-13
deni.astutik,SKINTIFIC - Panthenol Gentle Gel Cleanser 120ml * 3pcs Panthenol & Centella Asiatica | Oil Control Clean Calming Down and Clear Facial Wash Sabun Cuci Muka Glowing Barrier Brightening Whitening Blackhead Removal Dark Spot cleansing with Amino Acid Ceramid,Barang kurang,1,2025-06-08 07:16
user_12688,Kaos Polos,Sangat direkomendasikan untuk semua orang.,4,2023-12-10
user_15178,Makeup Set,Rating tinggi tapi kualitas rendah.,1,2023-05-01
user_7859,Skincare Serum,"Beli karena review bagus, ternyata zonk.",2,2023-09-03
user_17055,Meja Belajar,Terlalu mahal untuk kualitas seperti ini.,2,2023-01-17
raihan18,Keyboard Mechanical,"Pengiriman cepat, packing rapi. Recommended!",5,2024-10-10
user_16761,Lampu Tidur,Rating tinggi tapi kualitas rendah.,2,2024-10-19
user_13086,Makeup Set,Sangat direkomendasikan untuk semua orang.,4,2024-12-25
beckmanna,Hijab Chic Mayumi Stripe Tops - Atasan Stripe  Muslim Kasual Oversize,warna tidak.sesuai foto. aslinya lbh gelap,4,2025-03-14 22:15
ullyurmila,Gosh Lunaria 277 Sling Bag,"Sleting rusak, kacau ni penjual ngasi brang rusak 
Aduh",1,2025-06-04 09:08
user_8889,Lampu Tidur,"Beli karena review bagus, ternyata zonk.",2,2024-03-20
garan14,Sepatu Sneakers,puas warna cantik murah pelayanan ramah warna cantik pelayanan ramah worth it puas mantap mantap,4,2025-03-10
tirtayasa76,Jam Tangan Digital,"Sesuai deskripsi, kualitas oke dan tahan lama.",5,2025-03-09
user_8371,Keyboard Mechanical,Harga terjangkau dengan kualitas oke.,4,2023-09-02
amelele2512,"( HARGA PROMO)kursi lipat lesehan, kursi lesehan "" OSCAR""","Ukuran:pas untuk orang dewasa
Kenyamanan:lumayan empuk
Tekstur:lembut

Bagus bgtt, proses nya juga cepet bgt ±3 harian udah sampe",5,2025-05-02 16:00
user_2952,Meja Belajar,"Barang cacat, sangat mengecewakan.",2,2023-05-12
user_1094,Kaos Polos,"Barang cacat, sangat mengecewakan.",1,2024-05-26
iprastuti,Mouse Wireless,Produk original dan kualitasnya premium.,5,2024-09-29
user_1930,Skincare Serum,Produk kotor dan tidak layak pakai.,2,2024-06-29
f*****b,SKINTIFIC - Gel Moisturizer Series | 5X Ceramide Barrier MSH Niacinamide Brightening Cream Alpha Arbutin | 377 Dark Spot Solution Glutathione | Retinol Skin Renewal Anti-Aging Cream | Sensitive Moisture Gel 40ml - Calm & Repair 2in1,"Tekstur:kental
Cocok untuk:skin barier skin
Keaslian:ori

Yang awalnya ku mencari-cari produk-produk yang cocok untuk kulit wajah ku tapi belum ketemu yang pas dan akhirnya ketemu dengan produk sebagus ini. Gak bisa lepas dari produk ini karena bisa memenuhi kebutuhan kulit wajah ku yang rusak. Skintific for skin barier is the best👍
Gak nyesel jadi skintific lovers dah😁
Bakal langganan juga nih sepertinya di toko ini😍",5,2025-06-10 17:30
user_3100,Sepatu Sneakers,Sudah komplain tapi tidak ada solusi.,2,2023-05-26
user_23256,Meja Belajar,Produk tidak sesuai gambar.,1,2023-01-18
user_16036,Mouse Wireless,Produk kotor dan tidak layak pakai.,1,2023-08-24
user_7247,Skincare Serum,Pengiriman sangat lama.,2,2023-10-21
user_23104,Skincare Serum,Rating tinggi tapi kualitas rendah.,1,2024-02-07
user_21176,Celana Jeans,Sangat direkomendasikan untuk semua orang.,4,2023-11-19
user_10786,Skincare Serum,"Beli karena review bagus, ternyata zonk.",1,2024-11-26
user_17510,Celana Jeans,Produk tidak sesuai gambar.,1,2024-08-27
user_7983,Headset Gaming,"Pelayanan cepat, packing aman, produk oke!",5,2023-08-01
user_22598,Smartphone Android,Ukuran pas dan sesuai pesanan.,5,2024-08-25
user_21879,Mouse Wireless,Terlalu mahal untuk kualitas seperti ini.,2,2023-03-06
user_14476,Rak Sepatu,Kualitas di atas ekspektasi saya!,4,2023-09-27
user_14541,Tas Wanita,Barang tidak berfungsi dengan baik.,2,2023-07-25
vinsen40,Jaket Hoodie,"Sesuai deskripsi, kualitas oke dan tahan lama.",4,2025-03-26
e*****h,Gosh Calabria 416 Pump Shoes,"sedih bgt boxnya sobek, padahal mau dibuat isi seserahan hehe alhmdulilah klo sepatunya aman cuman emg ada cuttingan yg agak gak beraturan tp semuanya aman sih cuman itu aja",5,2025-06-02 07:18
user_18590,Sepatu Sneakers,Produk tidak sesuai gambar.,2,2023-07-10
user_23672,Sepatu Sneakers,Sangat kecewa dengan produk ini.,2,2024-05-07
user_4158,Rak Sepatu,Barang rusak saat diterima.,2,2023-09-09
user_7457,Sepatu Sneakers,Sangat kecewa dengan produk ini.,1,2023-10-27
aslijan25,Mouse Wireless,Produk original dan kualitasnya premium.,4,2025-04-23
wardayamandala,Dompet Kulit,"Warnanya cantik dan tahan lama, puas banget!",5,2025-05-02
aninasyiah,Sepatu Sneakers,Barang sampai dengan aman dan cepat.,5,2025-05-05
user_7124,Kaos Polos,Pengiriman cepat dan aman.,4,2023-01-17
user_5799,Skincare Serum,Sudah beli berkali-kali di sini dan selalu puas.,4,2024-09-25
user_9025,Buku Catatan,"Barang cacat, sangat mengecewakan.",1,2023-05-24
d*****0,Gosh Calabria 394 Pump,"Agak kesempitan
Lucu asli ny
Bahan ny jg bagus
Pacing sepatu ny aman bgt
Mkasi seller",5,2025-06-03 09:53
user_9962,Flashdisk 64GB,Kualitas sangat buruk.,2,2024-02-11
user_5468,Kemeja Pria,Harga terjangkau dengan kualitas oke.,5,2024-12-04
user_17393,Makeup Set,Kualitas sangat buruk.,2,2023-11-10
s*****p,SKINTIFIC - Mugwort Calm Down Micellar Water 300ml | Pembersih Cleanser Makeup Sekali Bersih Total Tanpa Residu Tidak Menyumbat Pori Tidak Membuat Jerawat Aman untuk Kulit Sensitif Non-Comedogenic Make Up Remover Cleansing Oil Balm Centella&Ceramide,"Beli cleanser dan micellar water ,hanya cleanser yg dikirim, micellar water tidak dikirim .",1,2025-06-08 10:25
user_21163,Powerbank,Sudah komplain tapi tidak ada solusi.,1,2024-04-25
user_24208,Kursi Lipat,Baru dipakai sebentar sudah rusak.,1,2024-07-04
sabrinatsir,Celana Jeans,Barang sampai dengan aman dan cepat.,5,2024-11-08
user_16967,Makeup Set,Penjual sangat ramah dan fast respon.,4,2023-10-11
salahudinhasna,Powerbank 10000mAh,"Harga terjangkau, kualitas mantap!",5,2025-06-08
padmasaridasa,Celana Jeans,"Respon penjual cepat, barang dikirim hari itu juga.",5,2025-05-14
caturangga82,Jaket Hoodie,"Harga terjangkau, kualitas mantap!",5,2025-04-27
user_10377,Jam Tangan Digital,Packing asal-asalan.,1,2023-08-18
m*****a,Gosh Bolzano 490 Sneakers,"Kayak bekas dipakai, banyak noda. Yg noda merah tidak bisa hilang walau sudah dibersihkan. Barang diterima 19.52. Itu saya buka 20.30an..saya foto 20.50an. Jd kotor uda jelas bkn karena saya ya. Waktunya aja gak mungkin saya pakai buat jalan2 dulu kan. Sudah lah. Saya gak buat video unboxing karena percaya nama Gosh, tapi ternyata sebelum dikirim gak diperiksa dulu.",1,2025-06-12 10:47
user_12607,Tas Wanita,"Barang cacat, sangat mengecewakan.",2,2024-10-17
sihombingrachel,Celana Jeans,"Pengiriman cepat, packing rapi. Recommended!",5,2025-05-10
user_6833,Flashdisk 64GB,Packing asal-asalan.,2,2024-09-06
user_19637,Parfum Wanita,Harga terjangkau dengan kualitas oke.,5,2023-01-02
ysuryono,Parfum Unisex,"Produk bagus, bahan adem dan sesuai gambar.",5,2025-06-02
r*****o,Gosh Lunaria 462 Shoulder Bag,Tasnya kecil ga cocok buat orang yg body tinggi besar dan bahu gede,4,2025-06-10 15:47
user_6471,Makeup Set,Packing asal-asalan.,1,2024-06-01
faridadarmanto,Tas Ransel,"Warnanya cantik dan tahan lama, puas banget!",5,2024-07-28
user_18674,Jam Tangan Digital,Terlalu mahal untuk kualitas seperti ini.,2,2023-04-02
user_13755,Rak Sepatu,"Pelayanan cepat, packing aman, produk oke!",5,2024-02-23
maderasmiati,[10PCS!!!] SKINTIFIC- Full Series Skincare Set | 5X ceramide Serum Moisturizer Gel Toner Sunscreen Cleanser Mousse Facial Wash Day Night Cream Acner Glowing Barrier Calm Down Brightening Whitening Spot retinol Paket Set,"Di live bilang gratis 10prodak, kok yg dateng paket normal",1,2025-06-11 13:10
user_276,Lampu Tidur,"Barang palsu, bukan original.",1,2023-08-26
user_6235,Headset Gaming,Sangat direkomendasikan untuk semua orang.,4,2024-03-13
fkuswoyo,Keyboard Mechanical,Barang sampai dengan aman dan cepat.,5,2025-04-08
ipuspasari,Jam Tangan Digital,"Packing rapi banget, penjual ramah.",5,2024-08-11
user_3594,Parfum Wanita,"Beli karena review bagus, ternyata zonk.",2,2023-10-17
user_11918,Kemeja Pria,Sangat puas dengan pelayanan toko ini.,4,2024-02-04
onasyidah,Dompet Kulit,"Pengiriman cepat, packing rapi. Recommended!",5,2025-03-15
user_12252,Kursi Lipat,Barang datang lebih cepat dari perkiraan.,5,2024-01-11
user_21809,Rak Sepatu,"Beli karena review bagus, ternyata zonk.",2,2023-03-09
user_22986,Lampu Tidur,"Barang palsu, bukan original.",2,2024-04-23
user_14371,Powerbank,Sudah komplain tapi tidak ada solusi.,2,2023-06-23
user_24790,Flashdisk 64GB,"Beli karena review bagus, ternyata zonk.",2,2023-05-30
user_13147,Sepatu Sneakers,Sangat kecewa dengan produk ini.,2,2024-11-12
lulutsafitri,Keyboard Mechanical,"Pengiriman cepat, packing rapi. Recommended!",4,2025-05-16
user_6700,Smartphone Android,Barang original dan berkualitas.,4,2024-11-11
wijayantisatya,Mouse Wireless,"Packing rapi banget, penjual ramah.",5,2025-03-07
user_4695,Celana Jeans,Baru dipakai sebentar sudah rusak.,2,2024-04-24
user_22483,Kemeja Pria,"Puas banget, terima kasih seller!",5,2023-07-27
user_6300,Celana Jeans,"Servis buruk, tidak profesional.",1,2023-08-24
user_16688,Flashdisk 64GB,Penjual tidak merespon chat.,2,2023-03-30
user_935,Makeup Set,Penjual tidak merespon chat.,1,2023-04-10
user_12313,Rak Sepatu,Penjual sangat ramah dan fast respon.,5,2023-11-21
user_4593,Jam Tangan Digital,"Mantap, gak nyesel beli di sini.",4,2024-05-09
meganandahc,URBAN&CO Guttie Woman Sandal Heels Sepatu Hak Tinggi Wanita Kekinian,"Pesen gold dikirim pink
Abis itu lem gajelad kemana mana, dipakek lengket

Gatau awet atau nggak",2,2025-06-15 13:41
widodokiandra,Tumbler Stainless,"Harga terjangkau, kualitas mantap!",4,2025-04-15
tugiman31,Sepatu Sneakers,Barang sampai dengan aman dan cepat.,5,2024-08-24
siufungafung,SKINTIFIC - 377 Dark Spot 2pcs Set | Moisture Gel 30g + Serum 20ml | Niacinamide Brightening Tranexamic Acid Lightening Acne Glowing Barrier Anti-Aging Brightening Whitening Blackhead Removal Peeling Paket-Skincare,"Tekstur:jelek
Daya Serap:dikit

Pecag",1,2025-06-11 17:34
user_12766,Keyboard Mechanical,Sudah komplain tapi tidak ada solusi.,2,2024-05-07
legamandala,Jam Tangan Digital,"Warnanya cantik dan tahan lama, puas banget!",4,2024-12-09
user_8670,Keyboard Mechanical,Top banget! Bakal order lagi nanti.,5,2024-06-16
user_19031,Jam Tangan Digital,"Servis buruk, tidak profesional.",1,2023-04-21
user_4529,Keyboard Mechanical,Packing asal-asalan.,1,2023-04-11
user_13917,Buku Catatan,Sudah komplain tapi tidak ada solusi.,2,2023-05-30
user_22412,Skincare Serum,"Servis buruk, tidak profesional.",2,2024-02-11
user_19583,Jam Tangan Digital,Top banget! Bakal order lagi nanti.,5,2024-02-17
user_7690,Lampu Tidur,Ukuran tidak sesuai deskripsi.,1,2023-03-26
user_8200,Flashdisk 64GB,"Servis buruk, tidak profesional.",1,2023-06-14
user_10310,Headset Gaming,Sudah beli berkali-kali di sini dan selalu puas.,4,2024-09-08
user_11155,Sepatu Sneakers,Packing asal-asalan.,2,2024-09-15
ismail69,Mouse Wireless,Barang sampai dengan aman dan cepat.,5,2024-09-27
user_13566,Mouse Wireless,"Barang palsu, bukan original.",1,2024-04-22
user_6200,Flashdisk 64GB,Produk tidak sesuai gambar.,1,2023-09-29
user_24978,Keyboard Mechanical,"Pelayanan cepat, packing aman, produk oke!",5,2023-04-07
l*****8,Finally Found You! BUNDLE 2PCS: HYDRICEING & BRIGHTENING Essence Booster & Calming Serum 100ml and SOY CLEAR Brightening & Dark Spot Serum 20ml,Pesanan sdh diterima dan sesuai juga pengiriman aman gada kerusakan. Makasiih seller sdh amanah,5,2025-06-13 08:23
user_13807,Flashdisk 64GB,"Barang cacat, sangat mengecewakan.",1,2023-08-17
user_11662,Jam Tangan Digital,Ukuran tidak sesuai deskripsi.,2,2023-11-12
user_17632,Keyboard Mechanical,Produk tidak sesuai gambar.,1,2024-06-30
user_10299,Flashdisk 64GB,Baru dipakai sebentar sudah rusak.,1,2024-04-01
banawapratama,Tumbler Stainless,"Sesuai deskripsi, kualitas oke dan tahan lama.",5,2025-02-05
user_5939,Keyboard Mechanical,Kualitas di atas ekspektasi saya!,5,2024-02-04
user_22339,Rak Sepatu,Ukuran tidak sesuai deskripsi.,1,2024-12-18
user_13603,Tas Wanita,"Barang palsu, bukan original.",1,2023-02-05
user_16533,Sepatu Sneakers,Sesuai dengan rating dan review yang saya baca.,4,2023-05-10
user_11065,Powerbank,Barang rusak saat diterima.,1,2024-09-01
unggulmarpaung,Celana Jeans,"Warnanya cantik dan tahan lama, puas banget!",5,2024-10-28
user_19844,Jam Tangan Digital,Barang tidak berfungsi dengan baik.,1,2024-05-12
yolandamahfud,Jaket Hoodie,Barang sampai dengan aman dan cepat.,4,2024-10-22
user_451,Headset Gaming,Sudah beli berkali-kali di sini dan selalu puas.,4,2023-09-28
vwastuti,Powerbank 10000mAh,"Harga terjangkau, kualitas mantap!",5,2024-07-31
k*****a,Gosh Bolzano 560 Sneakers (Back To School),"Styling:kecee
Kenyamanan:nyaman, empuk
Kualitas:bagus bangett",5,2025-06-14 09:42
amimayasari,Sepatu Sneakers,"Sudah belanja beberapa kali, selalu puas.",5,2025-03-23
user_3701,Parfum Wanita,Packing asal-asalan.,1,2024-02-27
n*****5,"Gosh Paperbag 005 (TIDAK DIJUAL PPBG AJA, ORDER HARUS SESUAI QUANTITY PEMBELIAN PRODUK)","Desain:keren
Ukuran:pas
Keaslian:ori

Alhamdulillah selalu puas belanja di toko ini, in syaa ALLAH amanah, terimakasih yah tolong pertahankan, terbungkus rapi dan aman",5,2025-06-11 14:07
trisha.ck,HijabChic Dalena Creme Pink Top - Baju Blouse Motif Bunga Satin Premium Karet Pinggang Slimfit,Bahannya agak.lbh tipis dr model2 yg lama tp halus dan ttp bagus. Tks kak,5,2025-04-30 12:25
user_22382,Kemeja Pria,Barang tidak berfungsi dengan baik.,2,2023-07-28
user_12448,Skincare Serum,Pengiriman sangat lama.,2,2023-05-13
user_8213,Parfum Wanita,Produk tidak sesuai gambar.,2,2024-11-18
user_7728,Mouse Wireless,Sesuai dengan rating dan review yang saya baca.,4,2023-04-02
user_20732,Celana Jeans,Warna tidak sesuai pesanan.,2,2024-11-12
user_7696,Mouse Wireless,Sangat direkomendasikan untuk semua orang.,5,2023-09-03
user_19540,Kaos Polos,Pengiriman sangat lama.,2,2023-06-18
user_8136,Smartphone Android,Kualitas sangat buruk.,1,2024-11-22
mardhiyahsaiful,Kaos Oblong,"Respon penjual cepat, barang dikirim hari itu juga.",4,2024-10-11
user_16305,Skincare Serum,Warna dan bentuk persis seperti di gambar.,4,2024-02-18
user_21501,Sepatu Sneakers,Penjual sangat ramah dan fast respon.,4,2023-06-09
user_6525,Kaos Polos,Rating tinggi tapi kualitas rendah.,1,2023-06-24
user_22900,Kemeja Pria,Pengiriman cepat dan aman.,5,2024-11-16
n92eu76hci,[ ! TERBATAS ! ] SKINTIFIC - Facial Serum BIG SIZE Essence Wajah - 5X Ceramide Barrier Serum 50ml / SymWhite 377 Dark Spot Brightening Serum / niacinamide Brightening serum / Salicylic Acid Anti Acne Serum,Paket saya kurang satu pcs,1,2025-06-12 10:30
user_1774,Powerbank,Worth it banget untuk harga segini.,5,2023-06-24
user_13797,Powerbank,Penjual tidak merespon chat.,1,2024-02-24
user_16515,Lampu Tidur,Barang rusak saat diterima.,1,2024-07-11
user_1710,Jam Tangan Digital,Ukuran pas dan sesuai pesanan.,4,2024-04-14
cmaulana,Jam Tangan Digital,"Pengiriman cepat, packing rapi. Recommended!",5,2024-06-15
user_24865,Jam Tangan Digital,Sangat kecewa dengan produk ini.,1,2024-02-10
zalindra86,Tumbler Stainless,"Packing rapi banget, penjual ramah.",4,2024-07-04
user_1011,Jam Tangan Digital,Packing asal-asalan.,1,2023-10-08
tarihorandarman,Lipstik Matte,"Packing rapi banget, penjual ramah.",5,2025-01-31
user_18170,Lampu Tidur,Barang rusak saat diterima.,1,2023-02-20
user_12797,Headset Gaming,Pengiriman cepat dan aman.,4,2024-10-09
user_9077,Kemeja Pria,Sangat direkomendasikan untuk semua orang.,5,2023-09-29
user_6134,Headset Gaming,Pengiriman sangat lama.,1,2024-03-03
a*****e,[BEST SELLING] BNB Barenbliss Plum Makes Plumping Lip Gloss  Lip Gloss Melembapkan 24 Jam  Efek Plump Alami  Tanpa Rasa Lengket,"Tekstur:cair
Warna:cerah
Aroma:wangi

barenbliss bisa diem gak sih 😭 makin kesini makin gacor produknya. kesekian kalinya gak kuad beli lip produk dari bnb. selalu improve untuk produknya dan kualitas mantap. cantik banget warnanya dibibir. teksturnya juga bikin kulit moist",5,2025-06-15 13:27
rani.oktaviani92,Sepatu slipon ringan triset,"Alhamdulilah  
Produk original sekali  .
Penjual nya ramah dan amanah..
Ada history di balik sepatu ini..
Tp alhamdulialh semua nya aman...",5,2022-04-28 19:55
user_9789,Celana Jeans,"Beli karena review bagus, ternyata zonk.",2,2023-10-25
user_10771,Parfum Wanita,Baru dipakai sebentar sudah rusak.,2,2024-12-29
user_6415,Flashdisk 64GB,"Servis buruk, tidak profesional.",1,2023-09-27
user_9402,Sepatu Sneakers,Terlalu mahal untuk kualitas seperti ini.,2,2023-11-01
user_18837,Keyboard Mechanical,Barang rusak saat diterima.,2,2023-07-23
user_24188,Skincare Serum,Penjual sangat ramah dan fast respon.,5,2023-04-16
user_1006,Celana Jeans,Ukuran tidak sesuai deskripsi.,1,2023-06-02
user_8057,Powerbank,Sangat kecewa dengan produk ini.,1,2024-11-21
user_3712,Flashdisk 64GB,Packing asal-asalan.,2,2023-07-07
umi65,Sandals Pria,"Produk bagus, bahan adem dan sesuai gambar.",5,2024-11-24
a*****u,Cole Boxer Knit Short Solid Pria 104899186,"Pesanannya sudah saya terima dengan baik dan sesuai, bagus banget, saya beli ya barangnya sesuai dengan akad jual beli dlm syariat agama islam, minta halal dan ridho, sukses selalu buat tokonya, terima kasih",5,2025-06-12 11:17
tampubolonuda,Tumbler Stainless,"Sesuai deskripsi, kualitas oke dan tahan lama.",4,2024-07-21
user_1419,Meja Belajar,Rating tinggi tapi kualitas rendah.,2,2024-03-13
user_1750,Buku Catatan,Warna dan bentuk persis seperti di gambar.,4,2023-11-02
pertiwiganep,Mouse Wireless,"Pengiriman cepat, packing rapi. Recommended!",4,2025-04-11
770end,Gosh Lunaria 470 Shoulder Bag,"Kapasitas:pas
Kualitas:ok
Desain:bagus",5,2025-06-08 21:05
xmandala,Powerbank 10000mAh,"Warnanya cantik dan tahan lama, puas banget!",5,2024-10-11
yananaufal298,Sandal Slipper Cewek S.yvs,"Kenyamanan:nyaman ringan
Keaslian:asli
Kualitas:bagus",5,2025-04-11 19:51
user_10241,Buku Catatan,Kualitas sangat buruk.,1,2023-05-23
user_16253,Celana Jeans,Ukuran tidak sesuai deskripsi.,1,2024-03-02
user_6419,Powerbank,Packing asal-asalan.,1,2023-01-03
user_16037,Celana Jeans,Produk kotor dan tidak layak pakai.,1,2024-03-28
l*****3,[ ! TERBATAS ! ] SKINTIFIC -  12% Acid Peeling Solution Glowing Serum 30ml | Eksfoliasi Wajah  Exfoliasi Exfoliating Serum Essence Penghalusan Kulit  Mengangkat Sel Kulit Mati Membersihkan Anti Acne Mencerahkan Jerawat Mengencangkan Kulit Glass Skin,dipakai sakit cekit” panas banget kaya cabe 😭😭😭,1,2025-06-11 20:25
marsudijailani,Celana Jeans,"Packing rapi banget, penjual ramah.",5,2024-08-04
ganjaran34,Sandals Pria,"Warnanya cantik dan tahan lama, puas banget!",5,2025-01-07
mahendramahmud,Kemeja Polos,"Sesuai deskripsi, kualitas oke dan tahan lama.",4,2024-11-13
anashiruddin,Mouse Wireless,"Harga terjangkau, kualitas mantap!",5,2024-12-10
betania51,Headset Bluetooth,Barang sampai dengan aman dan cepat.,5,2024-09-18
user_7989,Parfum Wanita,Ukuran tidak sesuai deskripsi.,1,2023-06-17
user_15366,Mouse Wireless,Produk tidak sesuai gambar.,2,2024-04-25
qjailani,Jam Tangan Digital,"Sudah belanja beberapa kali, selalu puas.",5,2024-12-24
rahayucinthia,Keyboard Mechanical,"Produk bagus, bahan adem dan sesuai gambar.",5,2025-03-22
user_930,Lampu Tidur,Terlalu mahal untuk kualitas seperti ini.,1,2023-01-06
user_15452,Jam Tangan Digital,Kualitas sangat buruk.,1,2023-05-16
nurilfauziahkomalasari,SKINTIFIC -2pcs Paket-Skincare Set | 5X Ceramide Low pH Cleanser 80ml + 5X Ceramide Barrier Moisturizer Gel 30g Pelembab Pemutih Wajah Calming Brightening Serum Acner Glowing Barrier Anti-Aging ExfolLactic Acidiating Brightening,"Tekstur:memuaskan
Cocok untuk:efektif
Keaslian:asli",5,2025-06-09 20:08
candra46,Sandals Pria,"Warnanya cantik dan tahan lama, puas banget!",5,2024-10-01
2niaussvqt,Dompet lipat Sophie Martin Valeriana W2034B5,"Desain:bagus
Kualitas:sangat cocok
Kapasitas:muat banyak barang

Pasti awet klo shope martin",5,2025-05-31 19:23
user_17511,Tas Wanita,Packing rapi dan aman sampai tujuan.,4,2024-12-29
user_4554,Parfum Wanita,Worth it banget untuk harga segini.,5,2023-06-25
9iuf3akdgh,Disney Flip Flops Tsum Tsum 104893691,"Durabilitas:ya
Desain:ya
Kenyamanan:sangat nyaman

Bagus sekali

Thnkyou",5,2025-06-12 18:16
fmandasari,Sandals Pria,"Harga terjangkau, kualitas mantap!",5,2024-08-29
user_13312,Headset Gaming,Produk kotor dan tidak layak pakai.,1,2024-08-07
user_8963,Kaos Polos,Packing asal-asalan.,2,2023-05-31
winarnogading,Keyboard Mechanical,"Respon penjual cepat, barang dikirim hari itu juga.",5,2025-02-14
user_7190,Smartphone Android,Suka banget sama produk ini.,4,2024-11-10
fsuartini,Kemeja Polos,"Sesuai deskripsi, kualitas oke dan tahan lama.",5,2024-06-23
prayogakasiran,Celana Jeans,Produk original dan kualitasnya premium.,5,2025-05-10
user_12517,Keyboard Mechanical,Baru dipakai sebentar sudah rusak.,2,2024-03-09
mustofakacung,Kaos Oblong,"Packing rapi banget, penjual ramah.",5,2024-12-20
user_12623,Jam Tangan Digital,Kualitas sangat buruk.,1,2023-08-15
user_13255,Jam Tangan Digital,Barang datang lebih cepat dari perkiraan.,4,2024-12-12
user_3891,Tas Wanita,Warna dan bentuk persis seperti di gambar.,5,2024-07-23
user_20614,Powerbank,Top banget! Bakal order lagi nanti.,5,2023-08-29
d*****n,URBAN&CO Shopping Bag Tas Belanja Kekinian,Warna:tidak sesuai,1,2025-06-16 09:36
xananasitompul,Jaket Hoodie,Barang sampai dengan aman dan cepat.,5,2024-10-27
user_16584,Kemeja Pria,Barang rusak saat diterima.,1,2024-05-04
irfan54,Jaket Hoodie,"Packing rapi banget, penjual ramah.",5,2024-12-18
gunartobanawi,Powerbank 10000mAh,"Harga terjangkau, kualitas mantap!",5,2025-03-04
user_18788,Headset Gaming,"Servis buruk, tidak profesional.",1,2023-09-18
n92eu76hci,[ ! TERBATAS ! ] SKINTIFIC - Facial Serum BIG SIZE Essence Wajah - 5X Ceramide Barrier Serum 50ml / SymWhite 377 Dark Spot Brightening Serum / niacinamide Brightening serum / Salicylic Acid Anti Acne Serum,Paket saya kurang satu pcs,1,2025-06-12 10:30
user_2660,Meja Belajar,Ukuran pas dan sesuai pesanan.,5,2024-11-25
irawanokta,Mouse Wireless,"Respon penjual cepat, barang dikirim hari itu juga.",5,2024-10-19
user_9528,Rak Sepatu,Warna dan bentuk persis seperti di gambar.,5,2023-01-25
user_9358,Rak Sepatu,Sudah komplain tapi tidak ada solusi.,1,2024-10-05
user_7390,Flashdisk 64GB,Sesuai dengan rating dan review yang saya baca.,4,2023-01-28
hutasoitsaadat,Sandals Pria,Produk original dan kualitasnya premium.,5,2024-07-26
user_4289,Skincare Serum,Ukuran tidak sesuai deskripsi.,1,2023-05-18
user_14923,Meja Belajar,Worth it banget untuk harga segini.,5,2024-08-04
user_4415,Lampu Tidur,Barang original dan berkualitas.,5,2023-02-24
d*****p,Fleurette| Sepatu Sendal Wanita |GAIA,"barang datang dalam keadaan baik, pengemasannya sangat aman dan pengirimannya juga cepat, terimakasih 🙏🏻",5,2025-04-17 18:28
user_19244,Buku Catatan,Sudah beli berkali-kali di sini dan selalu puas.,5,2024-12-11
hamimalestari,Celana Jeans,"Respon penjual cepat, barang dikirim hari itu juga.",5,2025-03-22
vera25novita,SKINTIFIC - 5X Ceramide Barrier Moisturizer Gel 30g | Cream pencerah Wajah Calming Whitening Brightening Dark Spot Pelembab Wajah Pemutih Wajah Facial Moisturizer Day Cream Night Cream Skincare BPOM Niacinamide with Centella Acid Sooth Sunburn,Tekstur:barang yg dtg tidak sesuai,1,2025-06-11 22:19
nurulsuciah.asr,SKIN1004 Madagascar Centella Hyalu-Cica Water-Fit Sun Serum 100ml,"Daya Serap:cepat meresap
Tekstur:cair
Berat:100 ml

Baru pertama kali coba semoga ngaruh di aku yah. Aku beli soalnya rate nya bagus heheh",5,2025-06-02 20:41
user_14226,Celana Jeans,Sangat kecewa dengan produk ini.,1,2023-11-28
larasprasetya,Sepatu Sneakers,"Sesuai deskripsi, kualitas oke dan tahan lama.",5,2024-08-29
user_24445,Lampu Tidur,Harga terjangkau dengan kualitas oke.,5,2024-09-23
user_18037,Kemeja Pria,Penjual tidak merespon chat.,2,2023-03-01
user_16898,Tas Wanita,"Barang cacat, sangat mengecewakan.",1,2024-03-10
psaefullah,Jaket Hoodie,"Pengiriman cepat, packing rapi. Recommended!",5,2024-11-17
user_12439,Smartphone Android,Warna tidak sesuai pesanan.,1,2023-06-05
user_24859,Celana Jeans,Barang tidak berfungsi dengan baik.,2,2023-09-30
lyulianti,Sepatu Sneakers,"Harga terjangkau, kualitas mantap!",5,2025-05-02
user_24804,Tas Wanita,Pengiriman sangat lama.,1,2023-08-19
user_24092,Mouse Wireless,Terlalu mahal untuk kualitas seperti ini.,2,2023-04-04
user_20500,Headset Gaming,Sangat kecewa dengan produk ini.,2,2024-07-29
user_24091,Parfum Wanita,Produk tidak sesuai gambar.,2,2024-09-18
user_11281,Celana Jeans,Kualitas di atas ekspektasi saya!,5,2023-12-20
user_1956,Kursi Lipat,Sesuai dengan rating dan review yang saya baca.,5,2024-12-16
b*****t,URBAN&CO Dope Essentials Sneakers High Sepatu Tinggi Sekolah Kerja Wanita Kekinian,"Barangnya oke,
Tapi liat packingnya kecewa sekali. Cuma kardus ditempel resi tanpa dilapisi plastik ato dipacking dgn rapi. Klo kena ujan kardus basah bisa rusak sepatunya",1,2025-06-14 19:41
user_24665,Makeup Set,Produk kotor dan tidak layak pakai.,1,2023-01-08
mariadiprastuti,Mouse Wireless,"Warnanya cantik dan tahan lama, puas banget!",4,2024-11-18
user_18854,Rak Sepatu,Produk tidak sesuai gambar.,1,2023-07-07
user_5567,Lampu Tidur,Baru dipakai sebentar sudah rusak.,1,2024-11-07
user_17687,Sepatu Sneakers,Suka banget sama produk ini.,5,2023-09-29
user_24014,Flashdisk 64GB,"Beli karena review bagus, ternyata zonk.",2,2023-12-31
user_24379,Kemeja Pria,Rating tinggi tapi kualitas rendah.,2,2023-06-23
user_23660,Rak Sepatu,Tidak direkomendasikan sama sekali.,2,2023-11-21
maman79,Jaket Hoodie,Produk original dan kualitasnya premium.,5,2024-09-11
user_24481,Tas Wanita,Sesuai dengan rating dan review yang saya baca.,4,2024-03-14
user_4517,Lampu Tidur,Tidak direkomendasikan sama sekali.,2,2024-11-16
user_18834,Buku Catatan,Barang rusak saat diterima.,2,2024-08-25
user_20402,Tas Wanita,Produk kotor dan tidak layak pakai.,1,2024-06-30
muni94,Powerbank 10000mAh,"Produk bagus, bahan adem dan sesuai gambar.",4,2024-09-08
user_19942,Mouse Wireless,Sangat kecewa dengan produk ini.,2,2024-05-04
mila29,Keyboard Mechanical,Produk original dan kualitasnya premium.,4,2025-06-13
user_9675,Sepatu Sneakers,"Beli karena review bagus, ternyata zonk.",1,2023-09-26
user_855,Kursi Lipat,Ukuran pas dan sesuai pesanan.,5,2023-02-18
user_3339,Kursi Lipat,Suka banget sama produk ini.,4,2024-06-20
jsirait,Sandals Pria,Barang sampai dengan aman dan cepat.,5,2024-11-08
user_17649,Buku Catatan,Produk kotor dan tidak layak pakai.,1,2024-08-09
user_5526,Kemeja Pria,"Barang cacat, sangat mengecewakan.",2,2024-04-26
user_10191,Keyboard Mechanical,Harga terjangkau dengan kualitas oke.,4,2023-01-04
lkurniawan,Tumbler Stainless,Produk original dan kualitasnya premium.,5,2024-08-08
user_1259,Sepatu Sneakers,Sangat kecewa dengan produk ini.,1,2024-06-26
dwacana,Mouse Wireless,Produk original dan kualitasnya premium.,4,2024-07-18
user_17338,Sepatu Sneakers,Penjual sangat ramah dan fast respon.,4,2024-07-07
user_4143,Kursi Lipat,Harga terjangkau dengan kualitas oke.,4,2023-08-06
user_2612,Kaos Polos,Terlalu mahal untuk kualitas seperti ini.,1,2023-03-31
user_18617,Rak Sepatu,Tidak direkomendasikan sama sekali.,1,2024-08-02
sitiplaystore122,SKINTIFIC - Ultra Cover Powder Foundation 9g |  Two Way Cake Pressed Powder Matte Bedak tabur Padat ori Compact Meratakan warna kulit with Carnosine Ectoin Squalane Silk TWC Powder cushion matte official biru cushion tahan lama blur,"Tekstur:hlus
Warna:pas
Kualitas:oke,tpi sayang bedak ny pecah hancur,jdy rubi bly ny,mna mau kmbaliin sush,ribet",1,2025-06-10 18:22
2309i992,SKINTIFIC -2pcs Paket-Skincare Set | 5X Ceramide Low pH Cleanser Niacinamide Brightening Glowing Moisturizer Gel 3X Acid Acne Calming Oil-control Gel Sensitive Skin,"Pesen 2 , yg dateng 1",1,2025-06-13 23:14
asmanprasasta,Jam Tangan Digital,"Sudah belanja beberapa kali, selalu puas.",5,2024-07-31
pwaluyo,Tumbler Stainless,"Harga terjangkau, kualitas mantap!",4,2025-02-27
user_12846,Kaos Polos,Sangat puas dengan pelayanan toko ini.,5,2023-06-08
user_20811,Sepatu Sneakers,Barang tidak berfungsi dengan baik.,2,2024-08-03
ratnapertiwi,Sandals Pria,"Produk bagus, bahan adem dan sesuai gambar.",5,2025-03-24
user_17116,Kemeja Pria,Sudah beli berkali-kali di sini dan selalu puas.,5,2024-05-05
user_13543,Kaos Polos,Ukuran tidak sesuai deskripsi.,2,2024-04-19
user_8979,Tas Wanita,Sudah komplain tapi tidak ada solusi.,1,2023-01-10
user_5046,Powerbank,Sudah komplain tapi tidak ada solusi.,1,2023-04-08
user_15159,Makeup Set,Produk tidak sesuai gambar.,1,2023-07-16
prabowo55,Celana Jeans,"Sesuai deskripsi, kualitas oke dan tahan lama.",5,2024-07-24
user_15639,Jam Tangan Digital,"Barang palsu, bukan original.",2,2024-12-14
johanhalim,Keyboard Mechanical,"Sesuai deskripsi, kualitas oke dan tahan lama.",5,2024-07-29
tasdiksaputra,Jaket Hoodie,Barang sampai dengan aman dan cepat.,5,2024-11-22
user_16755,Headset Gaming,Penjual sangat ramah dan fast respon.,4,2023-04-22
user_818,Smartphone Android,Sangat kecewa dengan produk ini.,1,2023-11-01
user_18774,Flashdisk 64GB,Barang tidak berfungsi dengan baik.,2,2023-09-22
maulanaelisa,Mouse Wireless,"Harga terjangkau, kualitas mantap!",5,2024-12-23
user_11194,Flashdisk 64GB,Pengiriman sangat lama.,2,2023-01-02
xadriansyah,Jaket Hoodie,Barang sampai dengan aman dan cepat.,4,2024-11-25
user_19512,Celana Jeans,Rating tinggi tapi kualitas rendah.,2,2024-09-14
user_3236,Parfum Wanita,Barang rusak saat diterima.,1,2023-09-11
user_10785,Tas Wanita,Baru dipakai sebentar sudah rusak.,2,2023-06-17
user_8209,Lampu Tidur,Kualitas sangat buruk.,1,2023-06-13
user_4155,Mouse Wireless,Top banget! Bakal order lagi nanti.,5,2024-12-24
user_23160,Sepatu Sneakers,Packing asal-asalan.,2,2024-12-05
haryantidanu,Lipstik Matte,Produk original dan kualitasnya premium.,4,2024-08-10
m*****a,Sandal Slipper Cewek S.yvs,"Kenyamanan:nyaman
Keaslian:terjamin
Kualitas:baik

tq . barang yg dattbagus sesuai dg gambar.. harga nya jauh lebih murah dr hrh bandrol",5,2025-04-29 18:08
user_13716,Tas Wanita,Sangat kecewa dengan produk ini.,1,2024-05-05
user_12472,Parfum Wanita,Top banget! Bakal order lagi nanti.,5,2024-08-17
user_23466,Headset Gaming,Barang rusak saat diterima.,1,2024-09-01
user_15648,Smartphone Android,"Barang palsu, bukan original.",1,2023-08-13
sarisihotang,Tas Ransel,"Respon penjual cepat, barang dikirim hari itu juga.",5,2024-08-28
heryanto70,Headset Bluetooth,"Sesuai deskripsi, kualitas oke dan tahan lama.",4,2024-12-02
user_16813,Parfum Wanita,Warna dan bentuk persis seperti di gambar.,4,2023-07-13
user_7375,Powerbank,Sudah komplain tapi tidak ada solusi.,1,2023-03-25
user_2424,Parfum Wanita,"Barang palsu, bukan original.",1,2023-01-26
user_18060,Kaos Polos,Packing asal-asalan.,1,2024-11-11
hhastuti,Kaos Oblong,terjangkau respon cepat pelayanan ramah sesuai cepat kualitas bagus wangi,4,2025-03-30
user_13210,Jam Tangan Digital,Pengiriman sangat lama.,2,2023-12-02
user_12117,Tas Wanita,Rating tinggi tapi kualitas rendah.,2,2023-03-16
adrdiamarullah,Nevada Basic Soft Denim Celana Pria 103629200,Size 38 tapi kecil bgy kayak size 36😭 gak muat alhasil GK di pakeeee,1,2025-06-12 17:09
harsaya44,Tas Ransel,"Respon penjual cepat, barang dikirim hari itu juga.",5,2024-10-10
darmaji86,Kemeja Polos,"Sesuai deskripsi, kualitas oke dan tahan lama.",4,2025-06-03
user_21534,Rak Sepatu,Top banget! Bakal order lagi nanti.,5,2024-01-14
khalishaae,"( HARGA PROMO)kursi lipat lesehan, kursi lesehan "" OSCAR""","Ukuran:pas sesuai
Kenyamanan:nyaman
Tekstur:lembut tp kurang padat

Pengiriman oke ✅
Packaging oke ✅
Terimakasih telah dikirim dg baik",5,2025-04-24 17:15
user_16093,Makeup Set,"Barang cacat, sangat mengecewakan.",2,2023-09-17
tira54,Sepatu Sneakers,"Packing rapi banget, penjual ramah.",4,2024-08-02
user_15067,Rak Sepatu,Baru dipakai sebentar sudah rusak.,1,2023-05-29
user_7057,Headset Gaming,Penjual sangat ramah dan fast respon.,5,2023-07-29
user_7397,Powerbank,Produk sangat bagus dan sesuai deskripsi!,4,2023-07-12
user_11613,Lampu Tidur,"Servis buruk, tidak profesional.",1,2024-12-18
user_11901,Rak Sepatu,Sangat kecewa dengan produk ini.,1,2023-11-21
user_20919,Meja Belajar,Ukuran tidak sesuai deskripsi.,2,2024-03-09
wawan23,Headset Bluetooth,"Packing rapi banget, penjual ramah.",4,2024-07-26
ramadanrama,Powerbank 10000mAh,"Harga terjangkau, kualitas mantap!",4,2024-08-18
user_11719,Kemeja Pria,Tidak direkomendasikan sama sekali.,1,2024-04-01
user_24435,Buku Catatan,Tidak direkomendasikan sama sekali.,1,2023-09-04
user_23062,Makeup Set,Penjual tidak merespon chat.,1,2023-12-03
user_16392,Makeup Set,Suka banget sama produk ini.,4,2023-03-23
user_8176,Jam Tangan Digital,Sesuai dengan rating dan review yang saya baca.,5,2023-06-29
user_10127,Kaos Polos,Produk kotor dan tidak layak pakai.,1,2023-05-24
wahyudinjelita,Headset Bluetooth,"Respon penjual cepat, barang dikirim hari itu juga.",5,2025-05-25
user_2265,Kaos Polos,Warna tidak sesuai pesanan.,2,2023-11-15
user_19695,Keyboard Mechanical,Rating tinggi tapi kualitas rendah.,1,2024-03-22
naryani,Sepatu Sneakers,"Produk bagus, bahan adem dan sesuai gambar.",5,2025-03-24
user_13436,Jam Tangan Digital,Ukuran tidak sesuai deskripsi.,1,2023-10-09
miratriagustin,BOSTANTEN Dompet Lipat Pria Kulit PU Dengan Berbagai Motif Hitam/Coklat,"Warna:hitam

Bagus bnegt, tapi sayang box nya mleyottt🥲",5,2025-06-12 17:26
risatul26,Fleurette| Sepatu Sendal Wanita |GAIA,"Desain:bagus
Berat:ringan enak utk harian
Kenyamanan:nyaman

Alhamdulillah barang sudah diterima dengan baik, sesuai pesanan barang bagus senang.. terimakasih 😊👍🏼",5,2025-05-13 07:20
puspitahamzah,Celana Jeans,Produk original dan kualitasnya premium.,5,2024-07-16
user_19433,Kursi Lipat,Sesuai dengan rating dan review yang saya baca.,5,2024-03-15
user_17721,Celana Jeans,"Servis buruk, tidak profesional.",2,2023-10-02
darijanmahendra,Mouse Wireless,"Packing rapi banget, penjual ramah.",5,2024-10-23
winda24,Dompet Kulit,"Pengiriman cepat, packing rapi. Recommended!",5,2024-12-20
kayla93,Lipstik Matte,Produk original dan kualitasnya premium.,4,2025-06-05
tirawastuti,Jam Tangan Wanita,cepat produk ori sesuai oke original cepat,5,2025-01-27
user_4955,Mouse Wireless,Ukuran tidak sesuai deskripsi.,2,2023-12-25
user_16075,Meja Belajar,"Mantap, gak nyesel beli di sini.",4,2024-06-11
user_4809,Rak Sepatu,Warna tidak sesuai pesanan.,2,2024-05-12
salsabila89,Dompet Kulit,"Pengiriman cepat, packing rapi. Recommended!",4,2025-01-25
user_14676,Makeup Set,Suka banget sama produk ini.,4,2024-03-10
hartakauwais,Sepatu Sneakers,"Sudah belanja beberapa kali, selalu puas.",4,2025-05-29
user_16505,Jam Tangan Digital,Barang datang lebih cepat dari perkiraan.,4,2024-09-24
user_14947,Powerbank,"Servis buruk, tidak profesional.",1,2024-07-22
user_24331,Keyboard Mechanical,Sudah komplain tapi tidak ada solusi.,2,2023-12-27
user_11225,Parfum Wanita,Pengiriman sangat lama.,1,2023-01-01
l*****e,Gosh Avellino 523 Sandal Mules,"SEMUANYA BAGUS 👍👍👍
RECOMMENDED SELLER!",5,2025-06-03 06:23
user_16765,Rak Sepatu,Top banget! Bakal order lagi nanti.,4,2023-02-28
edi77,Tumbler Stainless,"Sesuai deskripsi, kualitas oke dan tahan lama.",5,2025-04-25
user_14432,Skincare Serum,Penjual tidak merespon chat.,2,2023-06-29
user_1830,Celana Jeans,Produk tidak sesuai gambar.,1,2023-09-08
d*****i,[NEW LAUNCH] BNB barenbliss Locklook Primer Silky Flawless Tinted Primer & Hydra Smooth Poreless Primer Tahan Hingga 16 Jam,Recommended seller,5,2025-06-15 11:59
k*****a,SKINTIFIC - Perfect Stay Velvet Matte Cushion - Refill 11ml,"Tekstur:bagus dan nyaman
Berat:ringan saat dipakai
Kenyamanan:nyaman tentunya

Pengiriman cepat sekali, packing aman, produk sangat bagus, terimakasih seller",5,2025-06-13 08:10
user_22868,Kemeja Pria,Penjual tidak merespon chat.,2,2024-10-11
user_3495,Parfum Wanita,Ukuran pas dan sesuai pesanan.,5,2024-11-03
e*****h,Gosh Calabria 416 Pump Shoes,"sedih bgt boxnya sobek, padahal mau dibuat isi seserahan hehe alhmdulilah klo sepatunya aman cuman emg ada cuttingan yg agak gak beraturan tp semuanya aman sih cuman itu aja",5,2025-06-02 07:18
user_442,Meja Belajar,Warna tidak sesuai pesanan.,2,2023-02-02
user_18565,Makeup Set,Barang datang lebih cepat dari perkiraan.,4,2024-10-05
user_13283,Makeup Set,Sudah komplain tapi tidak ada solusi.,1,2023-12-19
user_7943,Powerbank,Sudah beli berkali-kali di sini dan selalu puas.,4,2024-07-30
user_23653,Powerbank,Suka banget sama produk ini.,5,2023-01-20
user_7360,Rak Sepatu,"Servis buruk, tidak profesional.",2,2023-10-31
user_21907,Smartphone Android,Barang datang lebih cepat dari perkiraan.,5,2024-01-20
user_10960,Kemeja Pria,Packing asal-asalan.,2,2024-04-19
jprastuti,Sepatu Sneakers,Barang sampai dengan aman dan cepat.,5,2025-03-10
user_24279,Lampu Tidur,Terlalu mahal untuk kualitas seperti ini.,2,2023-12-17
user_6062,Lampu Tidur,"Barang palsu, bukan original.",2,2024-09-18
user_14694,Keyboard Mechanical,Baru dipakai sebentar sudah rusak.,1,2023-04-22
pertiwihartana,Mouse Wireless,"Produk bagus, bahan adem dan sesuai gambar.",5,2025-02-04
user_2674,Lampu Tidur,Sangat kecewa dengan produk ini.,2,2023-10-01
akarsananababan,Kemeja Polos,"Sudah belanja beberapa kali, selalu puas.",4,2024-07-02
user_22012,Sepatu Sneakers,"Pelayanan cepat, packing aman, produk oke!",5,2023-02-22
user_581,Powerbank,Sangat kecewa dengan produk ini.,2,2024-01-24
user_6818,Flashdisk 64GB,"Puas banget, terima kasih seller!",5,2023-07-05
dbag.us,Tas ransel Backpack urban factor - Aileron Black - Tas laptop,"Desain:keren
Kapasitas:tas nya luas
Warna:sesuai produk

Tas nya bagus..",5,2025-03-18 16:38
kayun42,Dompet Kulit,Barang sampai dengan aman dan cepat.,5,2024-11-05
user_17903,Kemeja Pria,Barang datang lebih cepat dari perkiraan.,4,2024-04-07
timbul89,Dompet Kulit,"Pengiriman cepat, packing rapi. Recommended!",4,2024-09-07
user_4042,Powerbank,Sudah komplain tapi tidak ada solusi.,2,2023-07-07
user_22520,Headset Gaming,Penjual tidak merespon chat.,2,2023-09-05
user_24676,Makeup Set,Sangat direkomendasikan untuk semua orang.,5,2024-03-06
user_8732,Keyboard Mechanical,Kualitas di atas ekspektasi saya!,4,2023-09-15
user_22973,Mouse Wireless,"Mantap, gak nyesel beli di sini.",5,2024-01-25
user_3087,Makeup Set,Barang tidak berfungsi dengan baik.,2,2024-07-19
user_19128,Makeup Set,Produk kotor dan tidak layak pakai.,2,2024-01-12
user_16583,Kemeja Pria,Top banget! Bakal order lagi nanti.,4,2023-11-06
user_17019,Rak Sepatu,Harga terjangkau dengan kualitas oke.,4,2023-10-26
nrajasa,Jam Tangan Digital,Barang sampai dengan aman dan cepat.,5,2025-06-08
user_10278,Kursi Lipat,"Barang cacat, sangat mengecewakan.",2,2023-07-28
user_7860,Flashdisk 64GB,"Barang palsu, bukan original.",2,2024-03-27
user_8760,Keyboard Mechanical,Rating tinggi tapi kualitas rendah.,2,2024-06-26
rindawanti89,Gosh Ravenna 515 Sandal Wedges,Mantap,5,2025-06-03 19:47
esaefullah,Sepatu Sneakers,"Pengiriman cepat, packing rapi. Recommended!",5,2025-01-07
m*****d,COD / SPREI HOMEMADE MOTIF POLOS KOTAK / PREMIUM QUALITY / CUSTOM UKURAN / COD / MURAH / BAGUS / KADO / TIDAK LUNTUR / DROPSHIP / OPEN RESELLER,"Tekstur:Lembut
Kenyamanan:Nyaman
Kualitas Bahan:Tebal

Pilih warna netral plain khaki. Bagus dan murah. Oia host live di sini cantik2 ganteng2 hahahha. Seller via chat ya ramah lah ya.",5,2025-05-20 11:13
user_24886,Celana Jeans,"Servis buruk, tidak profesional.",2,2024-05-03
user_9170,Meja Belajar,Pengiriman sangat lama.,1,2024-12-22
user_6858,Kemeja Pria,Baru dipakai sebentar sudah rusak.,2,2023-12-21
tikatazikaaulia,Bed Cover Set Pink Amona Mix Baby Pink - 90x200 - 200x200 - Evedaily,"Desain:cuteeee
Ketebalan:oke bgt
Tekstur:lembut

Dapet diskon dan ternyata ga nyesel, karena cute bgt aaaaa suka",5,2025-05-29 20:34
user_12171,Rak Sepatu,Kualitas sangat buruk.,2,2023-11-02
user_6265,Skincare Serum,"Mantap, gak nyesel beli di sini.",4,2024-04-01
user_489,Skincare Serum,"Puas banget, terima kasih seller!",5,2024-10-07
user_22882,Rak Sepatu,Penjual tidak merespon chat.,2,2023-06-05
user_18806,Celana Jeans,Packing asal-asalan.,2,2023-08-25
user_5927,Parfum Wanita,Harga terjangkau dengan kualitas oke.,4,2023-05-12
user_18486,Smartphone Android,Top banget! Bakal order lagi nanti.,4,2023-12-03
user_4644,Headset Gaming,Produk kotor dan tidak layak pakai.,2,2024-01-06
user_14444,Kemeja Pria,Produk kotor dan tidak layak pakai.,1,2023-10-20
user_15125,Skincare Serum,Barang rusak saat diterima.,1,2023-06-15
user_17006,Makeup Set,Ukuran tidak sesuai deskripsi.,1,2024-11-12
user_16225,Lampu Tidur,Sudah komplain tapi tidak ada solusi.,1,2023-01-26
user_15594,Jam Tangan Digital,Terlalu mahal untuk kualitas seperti ini.,1,2023-10-26
l*****i,T9237B5 Tas Selempang Kulit Wanita Hitam Shopie Martin Official Promo Terbaru Original,"Desain yang cantik dan menarik..
Bahan halus kualitas okee..
Produk sesuai deskripsi
Makasih seller",5,2025-06-10 21:25
f*****a,ESQA Mist Universe Setting Spray,"Tekstur:ringan
Daya Serap:cpt menyerap
Cocok untuk:after make up

Barang datang sesuai dengan pesanan…
Pengiriman cepat sesuai batas waktu…
Sudah repeat order dan cocok dipakai, ringan dan nyaman, cepat menyerap…",5,2025-06-12 18:32
user_8042,Parfum Wanita,Tidak direkomendasikan sama sekali.,1,2024-04-21
user_12839,Mouse Wireless,Warna tidak sesuai pesanan.,2,2024-11-29
user_14006,Mouse Wireless,"Barang cacat, sangat mengecewakan.",2,2024-09-08
user_19700,Sepatu Sneakers,Top banget! Bakal order lagi nanti.,4,2024-09-05
pradiptapandu,Kaos Oblong,Produk original dan kualitasnya premium.,4,2024-12-07
pangestu53,Lipstik Matte,"Packing rapi banget, penjual ramah.",5,2025-02-02
user_3801,Kursi Lipat,Tidak direkomendasikan sama sekali.,1,2024-12-05
user_2065,Keyboard Mechanical,Ukuran tidak sesuai deskripsi.,1,2023-04-12
user_21747,Lampu Tidur,Kualitas sangat buruk.,1,2023-05-19
user_5264,Kemeja Pria,"Barang cacat, sangat mengecewakan.",2,2024-02-28
user_17985,Skincare Serum,Suka banget sama produk ini.,5,2023-12-25
r*****i,SKIN1004 Madagascar Centella Toning Toner 30ml,"TOLONG ADMIN PACKING PAKET LEBIH TELITI!!! 
KIRIM SALAH SEMUA!!!",1,2025-06-11 18:55
user_7705,Lampu Tidur,Tidak direkomendasikan sama sekali.,1,2024-02-17
dwirahayu,Jaket Hoodie,"Harga terjangkau, kualitas mantap!",4,2025-02-27
user_9991,Meja Belajar,Pengiriman sangat lama.,2,2024-02-17
siraitraihan,Keyboard Mechanical,"Sesuai deskripsi, kualitas oke dan tahan lama.",5,2024-10-20
user_13399,Meja Belajar,Barang tidak berfungsi dengan baik.,2,2024-01-10
user_24683,Smartphone Android,"Puas banget, terima kasih seller!",5,2023-11-17
sinagagaduh,Kaos Oblong,"Sesuai deskripsi, kualitas oke dan tahan lama.",4,2024-11-19
gandewa52,Dompet Kulit,"Warnanya cantik dan tahan lama, puas banget!",5,2024-09-26
user_9519,Headset Gaming,"Servis buruk, tidak profesional.",1,2024-05-15
mustika83,Dompet Kulit,Barang sampai dengan aman dan cepat.,5,2024-12-09
nadpn,Gosh Avellino 531 Sandal Mules,"Kecewa, seperti barang yang sdh lama dipakai",1,2025-06-14 11:47
wawanpermata,Parfum Unisex,"Respon penjual cepat, barang dikirim hari itu juga.",4,2024-12-22
n92eu76hci,SKINTIFIC - 3X Acid Intensive Acne Spot Set | Salicilyc Acid Spot Serum Salicylic Lactic Lactobionic Acid Excess Sebum Acner Glowing Barrier Brightening Calming Down Reduce Inflammation,Barang nya kurang satu,1,2025-06-12 10:30
daniswarayuniar,Dompet Kulit,"Packing rapi banget, penjual ramah.",4,2024-09-26
user_13753,Buku Catatan,Produk tidak sesuai gambar.,1,2023-08-26
user_4293,Parfum Wanita,Penjual tidak merespon chat.,1,2024-03-30
user_14407,Powerbank,Pengiriman cepat dan aman.,5,2023-11-20
user_12413,Makeup Set,Warna dan bentuk persis seperti di gambar.,4,2023-04-06
user_23823,Kaos Polos,"Beli karena review bagus, ternyata zonk.",1,2023-12-25
user_4291,Parfum Wanita,Sangat direkomendasikan untuk semua orang.,5,2024-09-07
user_17416,Buku Catatan,"Servis buruk, tidak profesional.",1,2024-02-24
user_3468,Meja Belajar,Pengiriman cepat dan aman.,4,2023-02-28
user_15896,Rak Sepatu,"Beli karena review bagus, ternyata zonk.",2,2023-10-01
user_10483,Powerbank,Sudah komplain tapi tidak ada solusi.,2,2024-10-20
ajimin69,Sandals Pria,"Packing rapi banget, penjual ramah.",5,2025-05-18
deni.astutik,SKINTIFIC - Panthenol Gentle Gel Cleanser 120ml * 3pcs Panthenol & Centella Asiatica | Oil Control Clean Calming Down and Clear Facial Wash Sabun Cuci Muka Glowing Barrier Brightening Whitening Blackhead Removal Dark Spot cleansing with Amino Acid Ceramid,Barang kurang,1,2025-06-08 07:16
user_20681,Lampu Tidur,Barang original dan berkualitas.,5,2024-05-14
hartanadabukke,Parfum Unisex,"Harga terjangkau, kualitas mantap!",5,2024-08-17
user_24766,Kaos Polos,Sesuai dengan rating dan review yang saya baca.,4,2024-05-06
user_13117,Headset Gaming,Packing asal-asalan.,1,2023-10-26
tirasetiawan,Parfum Unisex,"Sudah belanja beberapa kali, selalu puas.",5,2024-10-11
user_6194,Kemeja Pria,Baru dipakai sebentar sudah rusak.,1,2023-01-01
mfirgantoro,Sandals Pria,"Packing rapi banget, penjual ramah.",4,2025-03-02
user_7596,Kemeja Pria,Sangat direkomendasikan untuk semua orang.,5,2023-06-24
user_1028,Kursi Lipat,Sangat kecewa dengan produk ini.,1,2024-01-28
user_15249,Headset Gaming,Sangat kecewa dengan produk ini.,1,2024-12-07
kamariadabukke,Powerbank 10000mAh,"Respon penjual cepat, barang dikirim hari itu juga.",4,2025-04-18
user_8981,Jam Tangan Digital,Produk kotor dan tidak layak pakai.,1,2024-03-31
zutami,Keyboard Mechanical,"Respon penjual cepat, barang dikirim hari itu juga.",5,2024-06-29
user_3707,Celana Jeans,Suka banget sama produk ini.,5,2023-11-22
user_1647,Celana Jeans,Suka banget sama produk ini.,4,2024-07-04
user_8346,Kemeja Pria,Sesuai dengan rating dan review yang saya baca.,4,2024-02-21
user_15568,Mouse Wireless,Tidak direkomendasikan sama sekali.,1,2024-12-21
user_142,Headset Gaming,Packing asal-asalan.,1,2023-06-26
kamariamandala,Powerbank 10000mAh,"Pengiriman cepat, packing rapi. Recommended!",5,2024-09-13
user_4080,Parfum Wanita,Barang original dan berkualitas.,4,2024-08-04
thessywinata,Gio Saverino Cello Sepatu Flat Wanita Korea Terbaru,"Desain:unik
Warna:soft
Kenyamanan:sangat nyaman bagus bahannya bagus sekali sukaa",5,2025-06-11 19:17
suryonoraisa,Kaos Oblong,"Pengiriman cepat, packing rapi. Recommended!",5,2025-04-23
user_3303,Buku Catatan,Sesuai dengan rating dan review yang saya baca.,4,2023-10-08
user_24954,Kaos Polos,"Barang cacat, sangat mengecewakan.",1,2023-01-16
user_18823,Kaos Polos,Sudah komplain tapi tidak ada solusi.,1,2024-10-12
user_19378,Smartphone Android,"Barang cacat, sangat mengecewakan.",1,2023-06-26
user_3582,Keyboard Mechanical,Pengiriman sangat lama.,1,2024-09-03
user_8779,Skincare Serum,Pengiriman sangat lama.,1,2024-07-15
user_20589,Kemeja Pria,Packing rapi dan aman sampai tujuan.,5,2024-02-24
user_7748,Meja Belajar,"Pelayanan cepat, packing aman, produk oke!",5,2024-08-01
user_1879,Rak Sepatu,Barang original dan berkualitas.,5,2024-03-03
user_22899,Flashdisk 64GB,Sangat puas dengan pelayanan toko ini.,4,2024-08-11
user_17453,Makeup Set,Packing rapi dan aman sampai tujuan.,5,2024-04-23
user_8921,Makeup Set,Terlalu mahal untuk kualitas seperti ini.,1,2023-05-15
cici05,Keyboard Mechanical,"Warnanya cantik dan tahan lama, puas banget!",5,2024-09-26
user_11324,Jam Tangan Digital,Warna tidak sesuai pesanan.,1,2023-01-24
user_8675,Flashdisk 64GB,Top banget! Bakal order lagi nanti.,5,2024-11-01
user_5510,Jam Tangan Digital,Barang tidak berfungsi dengan baik.,2,2023-02-06
user_4635,Skincare Serum,Ukuran pas dan sesuai pesanan.,5,2024-01-08
maryatialmira,Tas Ransel,"Respon penjual cepat, barang dikirim hari itu juga.",4,2025-03-27
user_21468,Flashdisk 64GB,Pengiriman sangat lama.,1,2023-01-29
user_3862,Meja Belajar,Ukuran tidak sesuai deskripsi.,1,2023-06-07
user_4623,Smartphone Android,Pengiriman cepat dan aman.,5,2023-01-30
user_20784,Buku Catatan,Harga terjangkau dengan kualitas oke.,4,2023-11-29
n*****3,Gosh Amaryllis 430 Hand Bag,"Kapasitas:besar banget cocok buat pergi pergi
Desain:menarik bagus
Ukuran:besarr banget",5,2025-06-05 21:56
user_15976,Makeup Set,Pengiriman sangat lama.,2,2024-11-28
user_987,Flashdisk 64GB,Rating tinggi tapi kualitas rendah.,1,2023-01-08
user_5193,Headset Gaming,"Barang cacat, sangat mengecewakan.",2,2024-10-12
user_2399,Parfum Wanita,Top banget! Bakal order lagi nanti.,4,2024-12-28
user_15886,Makeup Set,"Servis buruk, tidak profesional.",1,2024-04-03
xmaulana,Lipstik Matte,Barang sampai dengan aman dan cepat.,4,2024-08-05
user_2521,Powerbank,Rating tinggi tapi kualitas rendah.,1,2024-06-20
user_1611,Sepatu Sneakers,Produk tidak sesuai gambar.,2,2023-08-18
muniandriani,Jaket Hoodie,"Respon penjual cepat, barang dikirim hari itu juga.",5,2025-03-21
user_1536,Skincare Serum,Sesuai dengan rating dan review yang saya baca.,5,2024-01-16
dabukkeniyaga,Mouse Wireless,"Pengiriman cepat, packing rapi. Recommended!",4,2024-10-10
user_21464,Makeup Set,Packing asal-asalan.,2,2024-08-25
user_8184,Tas Wanita,Rating tinggi tapi kualitas rendah.,1,2024-02-22
user_7783,Lampu Tidur,Warna dan bentuk persis seperti di gambar.,5,2023-07-06
user_15005,Headset Gaming,Kualitas sangat buruk.,2,2024-08-06
user_19205,Kemeja Pria,Barang rusak saat diterima.,2,2023-10-19
user_12256,Jam Tangan Digital,"Servis buruk, tidak profesional.",1,2023-03-19
user_23578,Lampu Tidur,Sudah komplain tapi tidak ada solusi.,2,2023-11-16
user_14808,Rak Sepatu,Suka banget sama produk ini.,5,2024-09-26
user_5589,Flashdisk 64GB,Produk kotor dan tidak layak pakai.,2,2024-06-24
user_8731,Skincare Serum,Barang tidak berfungsi dengan baik.,2,2024-02-13
aswani76,Sandals Pria,"Respon penjual cepat, barang dikirim hari itu juga.",5,2024-10-19
user_3735,Tas Wanita,"Barang cacat, sangat mengecewakan.",2,2023-09-04
user_17473,Tas Wanita,Tidak direkomendasikan sama sekali.,1,2024-12-25
user_5092,Sepatu Sneakers,Harga terjangkau dengan kualitas oke.,5,2023-04-05
jailanimaya,Jaket Hoodie,"Packing rapi banget, penjual ramah.",4,2024-06-25
user_11553,Headset Gaming,Harga terjangkau dengan kualitas oke.,5,2023-10-20
user_9874,Jam Tangan Digital,Sangat kecewa dengan produk ini.,2,2024-08-01
user_16308,Sepatu Sneakers,Packing asal-asalan.,2,2023-08-17
user_15091,Powerbank,Packing asal-asalan.,1,2023-06-12
user_21311,Lampu Tidur,Terlalu mahal untuk kualitas seperti ini.,1,2023-10-09
user_24958,Smartphone Android,Produk kotor dan tidak layak pakai.,1,2024-12-06
user_12635,Kaos Polos,Sesuai dengan rating dan review yang saya baca.,4,2024-09-22
user_2820,Skincare Serum,Sudah komplain tapi tidak ada solusi.,1,2024-03-07
user_19340,Kaos Polos,Ukuran tidak sesuai deskripsi.,2,2024-06-28
user_14047,Celana Jeans,Harga terjangkau dengan kualitas oke.,4,2023-01-13
user_17501,Powerbank,"Mantap, gak nyesel beli di sini.",5,2024-05-31
user_8025,Smartphone Android,Produk tidak sesuai gambar.,1,2024-10-18
aanggriawan,Tumbler Stainless,Barang sampai dengan aman dan cepat.,5,2024-07-28
user_17544,Makeup Set,"Beli karena review bagus, ternyata zonk.",1,2024-10-19
user_16842,Meja Belajar,"Barang cacat, sangat mengecewakan.",1,2024-06-20
user_16556,Celana Jeans,Packing asal-asalan.,2,2024-10-11
tutiwidya01,Gosh Zinnia 361 Backpack,"Desain:lucu
Kualitas:memuaskan

Cantik",5,2025-06-14 21:53
user_12970,Keyboard Mechanical,"Servis buruk, tidak profesional.",1,2024-04-17
eko96,Jam Tangan Digital,"Harga terjangkau, kualitas mantap!",5,2024-12-12
agus52,Kemeja Polos,"Respon penjual cepat, barang dikirim hari itu juga.",5,2025-02-19
user_14362,Skincare Serum,Sudah komplain tapi tidak ada solusi.,2,2024-12-20
karimah53,Jaket Hoodie,"Pengiriman cepat, packing rapi. Recommended!",5,2025-06-13
user_17372,Sepatu Sneakers,Top banget! Bakal order lagi nanti.,4,2024-04-09
user_9804,Celana Jeans,Sudah komplain tapi tidak ada solusi.,1,2023-08-25
bbriellaa,[NEW LAUNCH] BNB barenbliss Moist Mochi Paste Powder Blush 12H Lasting Color pH Changing Cream Blush On Multi Guna dengan Finish Soft Focus Matte Breathable Waterproof Tahan Lama Mudah di-Blend dan Melembapkan untuk Tampilan Sehat Seharian,"Warna:Cantikk bangett warnanyaaa
Tekstur:Mudah diblend & ngga menggeser makeup
Desain:Packaginggnya soo cuteeeeee

Plisss warnanyaa blushonnya cantikk bangett! ungu pinkk segerr gituu!😻🌸 Pakai sedikit aja udah pigmented! Teksturnya kayak lipbalm, clear & udah di coba dipake diatas complexion & bedak, sama sekali ga bikin makeup geserr & hasilnya blush on nya dewy✨💜 WORTH TO BUY BANGETT!!🌟",5,2025-06-15 07:14
user_1951,Meja Belajar,Terlalu mahal untuk kualitas seperti ini.,1,2023-03-28
amelianurdiyanti,Celana Jeans,"Produk bagus, bahan adem dan sesuai gambar.",5,2024-08-25
rievaldolensun,Bed Cover Gray Neva90x200 - 200x200 - Evedaily,Cepat sobek,2,2025-05-20 10:41
user_6094,Sepatu Sneakers,"Barang cacat, sangat mengecewakan.",1,2024-07-20
mustofaaris,Tas Ransel,"Sesuai deskripsi, kualitas oke dan tahan lama.",5,2024-07-28
user_9749,Celana Jeans,"Barang palsu, bukan original.",1,2024-10-15
user_6210,Kaos Polos,Pengiriman cepat dan aman.,4,2024-08-23
user_24833,Jam Tangan Digital,"Barang palsu, bukan original.",1,2024-06-23
user_5396,Makeup Set,Pengiriman sangat lama.,1,2023-05-24
user_2385,Rak Sepatu,Sudah beli berkali-kali di sini dan selalu puas.,4,2024-12-07
jagapatimaheswara,Sandals Pria,"Produk bagus, bahan adem dan sesuai gambar.",5,2025-03-04
user_16966,Parfum Wanita,Warna tidak sesuai pesanan.,1,2024-08-07
user_4339,Skincare Serum,Ukuran tidak sesuai deskripsi.,1,2023-04-23
user_14838,Flashdisk 64GB,Sangat kecewa dengan produk ini.,1,2023-04-19
user_3176,Powerbank,Baru dipakai sebentar sudah rusak.,1,2023-06-16
user_13729,Kursi Lipat,Warna dan bentuk persis seperti di gambar.,5,2023-04-28
user_20885,Celana Jeans,Penjual sangat ramah dan fast respon.,5,2023-05-17
user_9938,Flashdisk 64GB,Sangat kecewa dengan produk ini.,2,2023-08-19
user_20325,Kemeja Pria,Penjual tidak merespon chat.,1,2023-11-16
user_3006,Lampu Tidur,Tidak direkomendasikan sama sekali.,1,2023-11-19
user_20206,Powerbank,Ukuran tidak sesuai deskripsi.,1,2024-12-14
user_20034,Flashdisk 64GB,Ukuran pas dan sesuai pesanan.,5,2023-08-08
user_3910,Mouse Wireless,Sangat direkomendasikan untuk semua orang.,5,2023-12-22
user_12426,Kaos Polos,Pengiriman cepat dan aman.,5,2024-09-05
maheswaramursinin,Jam Tangan Digital,"Sudah belanja beberapa kali, selalu puas.",5,2024-11-08
glaksmiwati,Jaket Hoodie,"Harga terjangkau, kualitas mantap!",4,2024-09-05
siti06,Mouse Wireless,"Harga terjangkau, kualitas mantap!",5,2025-05-07
purnawatidipa,Parfum Unisex,Produk original dan kualitasnya premium.,4,2024-11-15
galur04,Kaos Oblong,Produk original dan kualitasnya premium.,5,2025-02-23
darmanabudiyanto,Jam Tangan Digital,Produk original dan kualitasnya premium.,4,2024-09-28
user_13270,Kemeja Pria,"Beli karena review bagus, ternyata zonk.",1,2024-09-08
hasandamanik,Jaket Hoodie,"Sudah belanja beberapa kali, selalu puas.",4,2025-04-12
user_19464,Makeup Set,Penjual sangat ramah dan fast respon.,4,2024-12-17
user_5380,Lampu Tidur,Barang rusak saat diterima.,1,2023-04-21
user_661,Buku Catatan,Top banget! Bakal order lagi nanti.,4,2023-05-13
martana75,Tas Ransel,"Warnanya cantik dan tahan lama, puas banget!",5,2025-02-22
user_15808,Skincare Serum,Kualitas di atas ekspektasi saya!,4,2024-04-23
u*****1,"WARDAH Nature Daily Aloe Multifunction Gel - Melembabkan dan Menenangkan - Multifungsi untuk Badan, Wajah, Kuku, dan Rambut","Tekstur:gel
Daya Serap:sangat bagus, cepat meresap
Keaslian:asli

Alhamdulillah paket wardah sdh sampai dengan selamat.",5,2025-06-13 10:20
user_20471,Rak Sepatu,"Barang palsu, bukan original.",2,2023-06-15
user_11031,Sepatu Sneakers,"Beli karena review bagus, ternyata zonk.",1,2024-01-11
user_23007,Keyboard Mechanical,Rating tinggi tapi kualitas rendah.,2,2024-03-08
jihane817,SKINTIFIC - Ultra Cover Powder Foundation 9g |  Two Way Cake Pressed Powder Matte Bedak tabur Padat ori Compact Meratakan warna kulit with Carnosine Ectoin Squalane Silk TWC Powder cushion matte official biru cushion tahan lama blur,"Tekstur:mudah di balnce
Warna:terang kok cocok sm kulit putih kuuu
Kualitas:De best tahan ga ngcrak",5,2025-06-06 23:29
user_5195,Parfum Wanita,Sangat puas dengan pelayanan toko ini.,5,2023-01-08
user_20248,Flashdisk 64GB,"Pelayanan cepat, packing aman, produk oke!",5,2023-07-01
windahalim,Kemeja Polos,"Pengiriman cepat, packing rapi. Recommended!",5,2024-09-29
user_10797,Kemeja Pria,"Barang palsu, bukan original.",2,2024-12-31
koktaviani,Jaket Hoodie,"Respon penjual cepat, barang dikirim hari itu juga.",4,2025-03-10
user_12760,Makeup Set,"Mantap, gak nyesel beli di sini.",4,2024-03-26
sr.diman,Cermin Stiker Dinding Oval Lojong Kaca Akrilik Wall Mirror Sticker,"Gimana nih min jual barang yg jelek lecet dan patah, yg benar aja min ngirim barang tu yg bagus gak cacat",1,2025-06-03 14:44
user_13676,Buku Catatan,Barang rusak saat diterima.,1,2023-04-05
pangestu38,Kaos Oblong,Produk original dan kualitasnya premium.,5,2024-10-31
user_18925,Mouse Wireless,"Barang cacat, sangat mengecewakan.",2,2024-01-16
user_13612,Jam Tangan Digital,Warna dan bentuk persis seperti di gambar.,4,2023-02-25
user_13208,Jam Tangan Digital,Baru dipakai sebentar sudah rusak.,1,2024-05-25
user_21102,Keyboard Mechanical,Pengiriman cepat dan aman.,5,2023-01-17
gandi48,Jaket Hoodie,"Warnanya cantik dan tahan lama, puas banget!",4,2024-11-27
user_23904,Skincare Serum,Sangat kecewa dengan produk ini.,1,2024-10-01
user_9545,Kemeja Pria,Pengiriman sangat lama.,1,2024-02-17
user_21470,Buku Catatan,Rating tinggi tapi kualitas rendah.,1,2023-09-30
user_16235,Kursi Lipat,Produk tidak sesuai gambar.,2,2023-04-06
prayitna72,Headset Bluetooth,"Harga terjangkau, kualitas mantap!",4,2025-03-13
user_10608,Mouse Wireless,Barang rusak saat diterima.,2,2024-12-20
user_21858,Flashdisk 64GB,"Barang cacat, sangat mengecewakan.",2,2023-10-24
user_2846,Lampu Tidur,Barang datang lebih cepat dari perkiraan.,5,2023-10-15
a*****2,ESQA Wonder Crush Serum Liquid Blush On,"Tekstur:belum coba
Warna:pink
Kegunaan:blush on

pengiriman cepat, packing sangat aman, seller fast respon.. mantap☝🏻",5,2025-06-12 16:39
ajimat92,Kaos Oblong,Produk original dan kualitasnya premium.,5,2024-07-05
user_22355,Buku Catatan,Warna tidak sesuai pesanan.,1,2023-09-02
nadpn,Gosh Avellino 531 Sandal Mules,"Kecewa, seperti barang yang sdh lama dipakai",1,2025-06-14 11:47
uyainahsetya,Tas Ransel,Produk original dan kualitasnya premium.,5,2024-12-05
user_22154,Meja Belajar,Warna dan bentuk persis seperti di gambar.,4,2024-05-21
user_10287,Parfum Wanita,Sangat kecewa dengan produk ini.,1,2023-04-09
csuwarno,Dompet Kulit,"Sesuai deskripsi, kualitas oke dan tahan lama.",4,2025-03-09
user_15755,Tas Wanita,Produk kotor dan tidak layak pakai.,1,2023-06-14
vpermadi,Dompet Kulit,Barang sampai dengan aman dan cepat.,5,2024-07-30
user_12743,Celana Jeans,Sangat kecewa dengan produk ini.,1,2024-02-01
safitrimarsudi,Sandals Pria,"Pengiriman cepat, packing rapi. Recommended!",5,2024-10-15
user_3548,Celana Jeans,"Mantap, gak nyesel beli di sini.",5,2023-04-15
zulkarnainheru,Mouse Wireless,"Pengiriman cepat, packing rapi. Recommended!",5,2024-10-11
bahuwiryamustofa,Parfum Unisex,"Harga terjangkau, kualitas mantap!",5,2024-06-21
user_7580,Flashdisk 64GB,Pengiriman sangat lama.,1,2024-12-26
user_21648,Buku Catatan,Rating tinggi tapi kualitas rendah.,1,2023-03-18
user_17751,Mouse Wireless,Packing asal-asalan.,1,2024-10-13
user_8938,Kaos Polos,Sudah komplain tapi tidak ada solusi.,1,2024-07-22
murtinababan,Tas Ransel,"Sesuai deskripsi, kualitas oke dan tahan lama.",4,2025-06-07
user_19401,Celana Jeans,Harga terjangkau dengan kualitas oke.,5,2024-01-21
suryatmigilda,Kaos Oblong,Barang sampai dengan aman dan cepat.,5,2024-10-15
user_2473,Lampu Tidur,"Pelayanan cepat, packing aman, produk oke!",4,2024-07-11
user_24266,Meja Belajar,"Beli karena review bagus, ternyata zonk.",2,2023-01-21
user_6320,Skincare Serum,Rating tinggi tapi kualitas rendah.,1,2024-11-15
d*****i,SOPHIE MARTIN OFFICIAL Tas Besar Wanita T9794B5 Nylon,Amanah,5,2025-06-11 16:06
user_10135,Mouse Wireless,Barang rusak saat diterima.,1,2023-11-05
a*****a,"HERBABLEND DAILY HEALTH - 250ML | Multivitamin Daya Tahan Tubuh, Imunitas, B Kompleks, Susah Makan Sayur & Buah","Rasa:belum dicoba
Kadaluarsa:masih panjang",5,2025-06-12 21:32
user_15407,Sepatu Sneakers,"Pelayanan cepat, packing aman, produk oke!",5,2024-09-13
user_21887,Kursi Lipat,Warna tidak sesuai pesanan.,1,2023-05-15
user_5497,Kemeja Pria,Penjual tidak merespon chat.,2,2023-01-30
c*****l,H&M Wanita Printed T-Shirt,"well ga expect kalo setipis itu bahannya, tp memang nyaman, thanks",4,2025-06-13 14:28
user_9105,Makeup Set,Barang rusak saat diterima.,1,2024-05-19
user_10867,Mouse Wireless,Barang original dan berkualitas.,4,2024-07-02
user_4274,Buku Catatan,Warna tidak sesuai pesanan.,1,2023-05-16
caketlatupono,Headset Bluetooth,"Packing rapi banget, penjual ramah.",5,2025-01-10
user_16229,Smartphone Android,"Servis buruk, tidak profesional.",2,2023-09-11
vino69,Kemeja Polos,"Harga terjangkau, kualitas mantap!",4,2024-11-30
user_8765,Mouse Wireless,Produk kotor dan tidak layak pakai.,2,2024-04-14
user_14759,Kaos Polos,Kualitas sangat buruk.,2,2024-09-23
user_23869,Jam Tangan Digital,Sangat direkomendasikan untuk semua orang.,5,2023-09-29
user_15452,Sepatu Sneakers,Suka banget sama produk ini.,5,2024-07-20
user_3407,Rak Sepatu,Ukuran tidak sesuai deskripsi.,2,2024-11-17
hbudiman,Keyboard Mechanical,"Respon penjual cepat, barang dikirim hari itu juga.",4,2024-07-27
user_17071,Sepatu Sneakers,Barang tidak berfungsi dengan baik.,2,2023-02-12
user_18604,Lampu Tidur,Kualitas sangat buruk.,1,2023-12-15
user_12956,Celana Jeans,"Barang palsu, bukan original.",1,2024-11-02
tina40,Sandals Pria,"Warnanya cantik dan tahan lama, puas banget!",4,2024-10-22
user_2480,Jam Tangan Digital,Kualitas di atas ekspektasi saya!,4,2023-01-13
user_20458,Powerbank,Produk kotor dan tidak layak pakai.,1,2023-02-22
user_12844,Kursi Lipat,Penjual tidak merespon chat.,1,2024-09-03
user_5544,Skincare Serum,Produk tidak sesuai gambar.,1,2023-02-08
user_13095,Parfum Wanita,Produk kotor dan tidak layak pakai.,1,2023-07-30
user_24132,Kemeja Pria,Sangat direkomendasikan untuk semua orang.,4,2024-12-14
user_12606,Powerbank,Packing asal-asalan.,1,2024-10-31
pertiwighani,Sandals Pria,Produk original dan kualitasnya premium.,5,2025-04-30
tmansur,Lipstik Matte,"Sudah belanja beberapa kali, selalu puas.",4,2024-11-07
user_21650,Flashdisk 64GB,Penjual tidak merespon chat.,2,2023-12-27
user_12208,Meja Belajar,Worth it banget untuk harga segini.,4,2023-07-15
user_11392,Flashdisk 64GB,Sudah beli berkali-kali di sini dan selalu puas.,4,2023-08-15
user_19193,Kursi Lipat,Produk tidak sesuai gambar.,1,2024-07-10
plestari,Tumbler Stainless,"Pengiriman cepat, packing rapi. Recommended!",5,2025-01-02
cpalastri,Keyboard Mechanical,"Sudah belanja beberapa kali, selalu puas.",5,2024-12-31
asmiantowidodo,Jam Tangan Digital,"Packing rapi banget, penjual ramah.",4,2025-05-18
user_9693,Flashdisk 64GB,Ukuran tidak sesuai deskripsi.,2,2024-11-01
user_22098,Sepatu Sneakers,Terlalu mahal untuk kualitas seperti ini.,1,2024-05-08
mangunsongmulya,Lipstik Matte,"Pengiriman cepat, packing rapi. Recommended!",5,2025-01-21
user_9640,Parfum Wanita,Pengiriman sangat lama.,2,2023-12-07
user_1690,Headset Gaming,Kualitas sangat buruk.,2,2023-04-11
chelseamaulana,Keyboard Mechanical,"Packing rapi banget, penjual ramah.",4,2025-06-10
user_6303,Lampu Tidur,Sudah komplain tapi tidak ada solusi.,1,2024-08-16
user_1831,Buku Catatan,Sudah beli berkali-kali di sini dan selalu puas.,5,2024-12-23
user_14734,Jam Tangan Digital,Sudah komplain tapi tidak ada solusi.,2,2023-07-03
user_17848,Rak Sepatu,Ukuran tidak sesuai deskripsi.,1,2024-06-10
user_19617,Kursi Lipat,Barang tidak berfungsi dengan baik.,1,2024-06-21
user_3403,Keyboard Mechanical,Rating tinggi tapi kualitas rendah.,1,2024-12-27
user_1938,Kursi Lipat,Pengiriman sangat lama.,1,2024-10-02
alika40,Kemeja Polos,"Warnanya cantik dan tahan lama, puas banget!",5,2024-08-31
user_13312,Headset Gaming,"Beli karena review bagus, ternyata zonk.",2,2023-01-01
user_18588,Jam Tangan Digital,Terlalu mahal untuk kualitas seperti ini.,1,2024-07-30
user_20401,Powerbank,Produk sangat bagus dan sesuai deskripsi!,4,2024-02-16
user_22039,Kursi Lipat,Rating tinggi tapi kualitas rendah.,2,2023-02-14
n*****y,Gosh Zinnia 434 Backpack,"Desain:biasa
Kapasitas:biasa
Pas untuk Acara:untuk school, jalan² juga oke

kok GOSH semakin kesini kwalitasnya kurang..
g seperti dulu Krn saya pengguna gosh dari zaman saya masih SMP, dan sekarang turun ke anak saya
minta tolong kwalitasnya dijaga

untuk jas akirim paket sudah terkoyak dan sepertinya sudah dibuka paketnya",2,2025-06-10 11:41
r*****d,HijabChic Dirar Mauve Boy Koko - Baju Koko Anak Laki Laki Lengan Pendek Nyaman Lembut Anti Kusut,"Kebesaran di anak umur 2 thn , selebihnya sangat bngusss ukuran M",5,2025-03-21 19:27
user_3797,Smartphone Android,Sudah komplain tapi tidak ada solusi.,2,2023-11-24
user_11179,Makeup Set,Sudah beli berkali-kali di sini dan selalu puas.,5,2024-05-17
pwijayanti,Kemeja Polos,"Packing rapi banget, penjual ramah.",4,2025-02-10
user_15998,Smartphone Android,Kualitas sangat buruk.,2,2024-08-09
user_1923,Headset Gaming,Barang datang lebih cepat dari perkiraan.,4,2023-05-16
0hgzja30c3,Pompa Angin Ban Motor Sepeda Mobil Balon / Mini Pump Manual Hidrolic Portable,"Desain:pesanan saya ada yg rusak
Warna:kuning
Ukuran:kecil",1,2025-06-03 08:51
user_4711,Skincare Serum,"Barang cacat, sangat mengecewakan.",1,2023-01-17
user_7067,Celana Jeans,Baru dipakai sebentar sudah rusak.,2,2024-03-04
user_2142,Tas Wanita,Packing asal-asalan.,2,2024-09-24
user_9560,Powerbank,Penjual sangat ramah dan fast respon.,5,2024-09-25
user_15371,Makeup Set,Sangat kecewa dengan produk ini.,1,2024-08-23
user_18507,Smartphone Android,Sangat kecewa dengan produk ini.,1,2023-08-14
dbudiman,Kaos Oblong,"Pengiriman cepat, packing rapi. Recommended!",4,2025-05-18
user_6848,Skincare Serum,Sesuai dengan rating dan review yang saya baca.,4,2024-03-10
user_21146,Parfum Wanita,Kualitas sangat buruk.,1,2023-09-04
uw_09tntpj,[BEST SELLING] BNB barenbliss Gold Makes Gorgeous & Silver Makes Stunning Lip Balm  Lip Balm Glossy  Pelembab Bibir  Anti Bibir Kering,"Warna:lembut dan sesuai dengan gambar
Berat:sangat ringan saat di pakai
Aroma:wangi nya lembut dan tidak menyengat",5,2025-06-14 20:40
user_14872,Smartphone Android,Produk kotor dan tidak layak pakai.,1,2023-03-04
selametkarman454,Dispenser Lakban Besar / Tape Cutter Holder / Tempat Pemotong Isolasi,Kekuatan Rekat:ti sesaui pesanan,1,2025-06-11 17:53
user_1560,Meja Belajar,Worth it banget untuk harga segini.,5,2023-11-03
user_7209,Lampu Tidur,Sangat kecewa dengan produk ini.,1,2024-04-18
user_4074,Smartphone Android,Packing asal-asalan.,1,2023-06-12
user_18830,Meja Belajar,Produk kotor dan tidak layak pakai.,1,2023-08-11
user_17790,Kaos Polos,Ukuran pas dan sesuai pesanan.,4,2024-04-26
user_17057,Smartphone Android,Sudah komplain tapi tidak ada solusi.,1,2024-01-31
user_23723,Kursi Lipat,Produk tidak sesuai gambar.,2,2023-04-12
rizkawullan,Gosh Asti 450 Comfort Shoes,"Desain:gemesss
Kenyamanan:empuk
Kualitas:good quality

Basic tapi lucuk, simple tapi iconic, bagusssssssssss",5,2025-06-09 17:36
flamingo.graphicdesign,URBAN&CO Essentials Flat Shoes Wanita Sepatu Slip On FlatShoes Perempuan - Mura,Harusnya dikasih dus tambahan sih diluar nya. Kya gini coba remuk redam. Yg mau unboxing uda ga berselera,5,2025-06-13 07:38
umay63,Powerbank 10000mAh,Produk original dan kualitasnya premium.,5,2024-10-09
user_11017,Buku Catatan,Rating tinggi tapi kualitas rendah.,2,2023-07-13
okta56,Keyboard Mechanical,"Packing rapi banget, penjual ramah.",5,2024-12-30
user_3754,Kaos Polos,Rating tinggi tapi kualitas rendah.,2,2024-09-14
padmasariheru,Dompet Kulit,"Sudah belanja beberapa kali, selalu puas.",5,2024-12-24
user_14498,Celana Jeans,Ukuran tidak sesuai deskripsi.,2,2023-12-01
carla77,Tumbler Stainless,"Harga terjangkau, kualitas mantap!",5,2024-07-26
user_8736,Jam Tangan Digital,Kualitas sangat buruk.,1,2023-03-31
ypadmasari,Mouse Wireless,"Warnanya cantik dan tahan lama, puas banget!",5,2024-07-21
emasgunawan,Jaket Hoodie,Produk original dan kualitasnya premium.,4,2025-04-20
user_7856,Buku Catatan,Penjual tidak merespon chat.,2,2023-01-14
n*****i,Sandal Rumah Miniso,"Saran Tampilan:baik
Sepadan dengan Harga:baik
Styling:baik

alhamdulillah paketan telah datang sesuai dengan ekspektasi gue maaf barusan rivew sekarang",5,2024-07-18 13:40
user_12861,Sepatu Sneakers,"Barang cacat, sangat mengecewakan.",1,2024-09-28
anainggolan,Tumbler Stainless,"Packing rapi banget, penjual ramah.",5,2024-10-05
user_10783,Meja Belajar,Sudah beli berkali-kali di sini dan selalu puas.,4,2023-06-19
user_18495,Keyboard Mechanical,"Puas banget, terima kasih seller!",5,2023-05-30
ana46,Powerbank 10000mAh,"Harga terjangkau, kualitas mantap!",4,2024-07-17
ghalim,Tumbler Stainless,"Sudah belanja beberapa kali, selalu puas.",5,2024-11-10
user_4083,Skincare Serum,Produk tidak sesuai gambar.,1,2024-12-10
ratna93,Celana Jeans,Barang sampai dengan aman dan cepat.,5,2024-07-15
user_21680,Headset Gaming,Barang tidak berfungsi dengan baik.,1,2024-01-07
zenazhaf,"Judydoll Lip Cushion Matte Lipcream - 2gr (Lipstick Super Nyaman, Tahan 12 Jam, Hasil Ringan, Transferproof, Dengan Velvet Matte Finish)",Cpt hilang,1,2025-06-12 15:34
yhidayanto,Headset Bluetooth,"Harga terjangkau, kualitas mantap!",5,2025-03-26
user_7775,Sepatu Sneakers,Sangat kecewa dengan produk ini.,1,2023-12-25
user_11689,Makeup Set,Barang tidak berfungsi dengan baik.,1,2023-09-16
ajiono08,Keyboard Mechanical,"Produk bagus, bahan adem dan sesuai gambar.",5,2025-03-07
user_10658,Makeup Set,Ukuran tidak sesuai deskripsi.,1,2023-08-13
user_16588,Flashdisk 64GB,Sangat kecewa dengan produk ini.,2,2023-05-06
user_7499,Tas Wanita,"Pelayanan cepat, packing aman, produk oke!",5,2024-02-14
user_12819,Sepatu Sneakers,Barang rusak saat diterima.,1,2023-07-10
user_14499,Celana Jeans,"Beli karena review bagus, ternyata zonk.",1,2023-06-12
user_11794,Headset Gaming,Warna tidak sesuai pesanan.,2,2023-02-08
user_14672,Rak Sepatu,"Barang cacat, sangat mengecewakan.",2,2024-09-17
user_8904,Sepatu Sneakers,Tidak direkomendasikan sama sekali.,1,2024-05-29
user_9349,Kursi Lipat,Produk kotor dan tidak layak pakai.,2,2024-01-05
inamayasari,Sepatu Sneakers,"Sudah belanja beberapa kali, selalu puas.",4,2024-09-09
fitriathamrin,Jam Tangan Digital,Barang sampai dengan aman dan cepat.,5,2024-07-13
laras03,Tumbler Stainless,"Sudah belanja beberapa kali, selalu puas.",5,2024-08-04
user_13923,Keyboard Mechanical,Sudah komplain tapi tidak ada solusi.,2,2024-01-02
user_18244,Parfum Wanita,Ukuran pas dan sesuai pesanan.,4,2024-04-07
nadineharyanto,Keyboard Mechanical,"Pengiriman cepat, packing rapi. Recommended!",5,2025-03-01
rajatacarub,Jam Tangan Digital,"Warnanya cantik dan tahan lama, puas banget!",4,2024-09-30
wmaryadi,Keyboard Mechanical,"Harga terjangkau, kualitas mantap!",5,2024-12-30
user_2558,Kemeja Pria,Kualitas sangat buruk.,1,2023-07-05
user_10762,Headset Gaming,Barang rusak saat diterima.,2,2024-11-19
user_5138,Mouse Wireless,Harga terjangkau dengan kualitas oke.,5,2024-08-10
user_6842,Parfum Wanita,Warna dan bentuk persis seperti di gambar.,5,2024-06-24
user_4455,Rak Sepatu,Rating tinggi tapi kualitas rendah.,2,2024-10-20
user_12332,Makeup Set,Worth it banget untuk harga segini.,4,2024-04-14
user_9873,Kemeja Pria,Pengiriman sangat lama.,1,2024-08-19
user_14944,Flashdisk 64GB,"Puas banget, terima kasih seller!",4,2024-04-07
jarwadipuspasari,Jam Tangan Digital,"Produk bagus, bahan adem dan sesuai gambar.",5,2025-04-22
user_19962,Rak Sepatu,Kualitas sangat buruk.,1,2023-01-11
user_24740,Rak Sepatu,Tidak direkomendasikan sama sekali.,2,2023-09-21
user_14655,Celana Jeans,Barang rusak saat diterima.,2,2023-01-14
user_9982,Smartphone Android,Warna dan bentuk persis seperti di gambar.,4,2024-07-06
user_16256,Tas Wanita,Produk sangat bagus dan sesuai deskripsi!,5,2023-09-09
user_564,Smartphone Android,Produk sangat bagus dan sesuai deskripsi!,5,2024-07-07
user_10736,Tas Wanita,Pengiriman sangat lama.,2,2024-04-11
kemalusamah,Dompet Kulit,"Produk bagus, bahan adem dan sesuai gambar.",4,2025-04-13
r*****3,Lampu Meja Baca Tidur Belajar LED USB Mini Portable Bulb Lamp Traverl,"Desain:menarik
Kecerahan:pas
Paket:oke

Pengiriman sangat cepat, kualitas barang bagus, barang sesuai, kurir ramah, penjual ramah mantebs",5,2025-06-03 05:54
user_24279,Keyboard Mechanical,Produk tidak sesuai gambar.,2,2023-11-08
user_2802,Powerbank,Packing asal-asalan.,1,2024-07-05
siska.sabrinah16,SKIN1004 Madagascar Centella Toning Toner 210ml,Semoga cocok aamiin,5,2025-06-04 08:19
syahrinihidayat,Tumbler Stainless,Barang sampai dengan aman dan cepat.,5,2024-06-20
user_7622,Jam Tangan Digital,Sangat kecewa dengan produk ini.,1,2023-11-13
user_23574,Flashdisk 64GB,Barang rusak saat diterima.,1,2023-11-15
abyasabudiyanto,Powerbank 10000mAh,"Respon penjual cepat, barang dikirim hari itu juga.",5,2024-12-27
user_8483,Parfum Wanita,Pengiriman sangat lama.,1,2023-07-03
user_17478,Celana Jeans,Baru dipakai sebentar sudah rusak.,1,2023-12-12
rossivirgavani,Gosh Asti 448 Sandal Comfort,"Bagussss puwwwolllllllllllll ,dpt harga diskon",5,2025-06-09 18:59
user_21124,Buku Catatan,"Pelayanan cepat, packing aman, produk oke!",5,2024-11-14
user_4216,Mouse Wireless,Packing asal-asalan.,1,2023-12-15
user_4573,Powerbank,Warna tidak sesuai pesanan.,2,2024-02-22
user_8898,Parfum Wanita,Rating tinggi tapi kualitas rendah.,1,2024-02-09
user_12996,Smartphone Android,"Servis buruk, tidak profesional.",2,2024-07-13
user_11047,Skincare Serum,"Barang cacat, sangat mengecewakan.",2,2023-10-09
veronikamelwani,SKINTIFIC - Retinol 2pcs Set | Retinol Skin Renewal Serum 20ml + Moisturizer 30g Retinal Retinoid Acne Care Memudarkan Garis Halus Memudarkan Kerutan Menghaluskan Tekstur Kulit Anti Aging Menyamarkan Garis Halus Meratakan Warna Kulit,kondisi krim retinol moist kosong kagak ad isi pas dibuka....mengecewakan,1,2025-06-09 20:02
user_17841,Rak Sepatu,Sudah komplain tapi tidak ada solusi.,1,2024-05-25
user_7045,Buku Catatan,Tidak direkomendasikan sama sekali.,2,2023-08-05
user_24702,Sepatu Sneakers,"Beli karena review bagus, ternyata zonk.",2,2024-03-18
user_20593,Mouse Wireless,Rating tinggi tapi kualitas rendah.,2,2023-08-23
user_564,Makeup Set,Terlalu mahal untuk kualitas seperti ini.,2,2024-03-23
user_963,Skincare Serum,Sudah beli berkali-kali di sini dan selalu puas.,5,2023-05-31
user_14724,Kemeja Pria,"Servis buruk, tidak profesional.",1,2023-08-30
user_23385,Mouse Wireless,Tidak direkomendasikan sama sekali.,1,2023-11-16
user_14951,Parfum Wanita,Pengiriman sangat lama.,1,2024-12-31
user_11758,Parfum Wanita,Penjual tidak merespon chat.,1,2024-09-24
user_10446,Rak Sepatu,"Servis buruk, tidak profesional.",1,2023-02-07
jamalfirgantoro,Parfum Unisex,"Packing rapi banget, penjual ramah.",5,2024-07-01
user_19798,Kursi Lipat,Terlalu mahal untuk kualitas seperti ini.,1,2023-11-16
user_22171,Sepatu Sneakers,Tidak direkomendasikan sama sekali.,1,2024-02-01
user_1506,Buku Catatan,Sangat kecewa dengan produk ini.,1,2023-11-14
user_19547,Kemeja Pria,Kualitas sangat buruk.,2,2023-11-19
user_7243,Headset Gaming,Baru dipakai sebentar sudah rusak.,2,2023-12-27
user_6684,Skincare Serum,Sangat kecewa dengan produk ini.,1,2024-07-18
riniapriliaskyyy,(BARU!) Judydoll Serum Lip Glaze - 4ml (Lip Treatment Serum Gloss Dengan Collagen Untuk Melembabkan & Melembutkan Bibir Kering Dalam 7 Hari),Warna:glossi merah pecci Kemudahan Penggunaan:cukup bgus Aroma:biasa2 saja,2,2025-06-11 20:45
user_7213,Buku Catatan,Barang rusak saat diterima.,1,2024-11-27
user_1417,Flashdisk 64GB,Kualitas di atas ekspektasi saya!,5,2023-08-29
user_23819,Parfum Wanita,"Mantap, gak nyesel beli di sini.",4,2023-08-04
user_24301,Powerbank,Barang tidak berfungsi dengan baik.,1,2024-05-31
gfarida,Mouse Wireless,"Respon penjual cepat, barang dikirim hari itu juga.",5,2024-08-08
user_12694,Kaos Polos,Pengiriman sangat lama.,2,2024-05-27
user_18794,Headset Gaming,Sudah beli berkali-kali di sini dan selalu puas.,4,2023-09-05
user_2079,Celana Jeans,"Servis buruk, tidak profesional.",2,2023-05-21
user_12598,Rak Sepatu,"Barang palsu, bukan original.",2,2024-01-13
user_11825,Kursi Lipat,Pengiriman cepat dan aman.,4,2023-07-18
user_312,Kursi Lipat,Kualitas di atas ekspektasi saya!,4,2024-07-12
user_10503,Flashdisk 64GB,Penjual tidak merespon chat.,1,2024-05-21
user_22009,Kursi Lipat,Barang original dan berkualitas.,4,2023-10-29
olga75,Mouse Wireless,Barang sampai dengan aman dan cepat.,5,2025-05-31
user_22309,Kemeja Pria,Sangat kecewa dengan produk ini.,2,2023-10-15
user_24820,Makeup Set,Sudah beli berkali-kali di sini dan selalu puas.,5,2024-07-10
user_16533,Kaos Polos,"Beli karena review bagus, ternyata zonk.",2,2023-07-24
cemetiwijayanti,Jam Tangan Digital,"Warnanya cantik dan tahan lama, puas banget!",4,2025-01-26
user_10168,Keyboard Mechanical,Warna dan bentuk persis seperti di gambar.,4,2024-11-13
user_1472,Powerbank,Sangat kecewa dengan produk ini.,1,2023-05-24
vitamaulidia,Oneda Neva Tas Bahu Wanita Tas Tote Wanita Woman Bag Tote Bag Shoulder Bag Wanita #A66707,"Bahan:baguuus banget
Tekstur:lembut
Desain:keren",5,2025-06-12 20:35
user_7913,Buku Catatan,"Barang palsu, bukan original.",2,2024-05-30
titin93,Kemeja Polos,"Packing rapi banget, penjual ramah.",5,2024-06-18
user_5610,Flashdisk 64GB,Kualitas sangat buruk.,1,2023-10-17
s*****_,SKIN1004 Madagascar Centella Light Cleansing Oil 30ml,"Tekstur:watery kental
Cocok untuk:semua tipe kulit, bisa hapus makeup
Aroma:wangi nya enak

Bagus buat semua muka",5,2025-06-04 12:55
user_24602,Celana Jeans,Produk sangat bagus dan sesuai deskripsi!,4,2024-01-25
she_beauty_skin,SKIN1004 [Poremizing Basic 4] Clear Toner 210ml+Fresh Ampoule 100ml+Deep Cleansing Foam 125ml+Light Gel Cream 75ml,"Tekstur:Cair
Daya Serap:cepat menyerap ke kulit
Kadaluarsa:masih sangat lama

Dipacking selalu rapi
Dapat harga 340rban
Pengiriman cepat

Tx Seller, Shopee n SPX",5,2025-06-11 14:24
user_3037,Rak Sepatu,Warna dan bentuk persis seperti di gambar.,5,2023-01-30
user_21711,Makeup Set,Top banget! Bakal order lagi nanti.,4,2023-04-12
yasmin.azizah,[BEST SELLING] BNB barenbliss Peach Makes Perfect Lip Tint Korea Lip Gloss (24H Moisturizing) Lip Tint yang Ringan Tahan hingga 12 Jam Moisturizing & Nourishing,"Lip tint favoritku. Melembabkan bibir, warnanya bagus banget untuk base ombre. Sudah repurchase berkali-kali",5,2025-06-14 16:50
karma42,Dompet Kulit,"Respon penjual cepat, barang dikirim hari itu juga.",5,2024-12-24
user_21205,Keyboard Mechanical,Tidak direkomendasikan sama sekali.,1,2024-07-08
user_17365,Parfum Wanita,Kualitas di atas ekspektasi saya!,5,2023-09-02
user_1009,Kemeja Pria,Barang tidak berfungsi dengan baik.,2,2024-03-18
user_22321,Meja Belajar,Penjual tidak merespon chat.,1,2023-04-08
gantarpurnawati,Headset Bluetooth,Produk original dan kualitasnya premium.,5,2024-11-06
yuniarcornelia,Parfum Unisex,"Harga terjangkau, kualitas mantap!",4,2025-02-11
user_14365,Makeup Set,Sesuai dengan rating dan review yang saya baca.,4,2024-03-07
maida98,Lipstik Matte,"Produk bagus, bahan adem dan sesuai gambar.",5,2024-09-13
user_24941,Kemeja Pria,Sangat puas dengan pelayanan toko ini.,5,2023-09-25
jessica88,Dompet Kulit,"Sudah belanja beberapa kali, selalu puas.",4,2024-12-21
user_8933,Lampu Tidur,"Puas banget, terima kasih seller!",4,2024-07-23
user_24458,Sepatu Sneakers,"Barang palsu, bukan original.",2,2023-12-31
user_14880,Rak Sepatu,Terlalu mahal untuk kualitas seperti ini.,1,2023-09-20
karen04,Celana Jeans,"Produk bagus, bahan adem dan sesuai gambar.",4,2024-12-19
user_11015,Powerbank,"Barang cacat, sangat mengecewakan.",2,2023-06-14
user_11414,Skincare Serum,Packing asal-asalan.,2,2023-05-30
user_17216,Headset Gaming,Packing asal-asalan.,2,2023-01-01
jelita22,Tas Ransel,Barang sampai dengan aman dan cepat.,5,2024-12-04
user_7962,Powerbank,Ukuran tidak sesuai deskripsi.,1,2024-04-18
banawawaluyo,Jam Tangan Wanita,produk ori respon cepat terjangkau kualitas bagus murah sesuai,4,2025-03-11
kenarijanuar,Sepatu Sneakers,Barang sampai dengan aman dan cepat.,5,2025-03-22
user_22600,Kemeja Pria,Produk tidak sesuai gambar.,2,2023-05-31
user_1140,Lampu Tidur,Sudah komplain tapi tidak ada solusi.,1,2024-05-20
user_9213,Skincare Serum,Terlalu mahal untuk kualitas seperti ini.,1,2023-12-14
user_23396,Kaos Polos,Produk tidak sesuai gambar.,2,2024-03-05
user_5134,Tas Wanita,"Barang palsu, bukan original.",2,2024-12-10
user_3905,Kaos Polos,Packing rapi dan aman sampai tujuan.,4,2023-06-03
t*****i,SKIN1004 Madagascar Centella Hyalu-Cica Blue Serum 50ml,"Tekstur:cair agak kental
Daya Serap:cepat
Efek:kulit lembap

Barang sampai dengan selamat. Packing aman dikasih free kardus dan bubblewrap. Pengemasan cuma setengah hari. Varian barang sesuai pesanan. 
Makasih seller.",5,2025-06-03 02:48
user_22806,Rak Sepatu,Pengiriman cepat dan aman.,5,2024-01-03
user_13883,Powerbank,Barang tidak berfungsi dengan baik.,1,2024-10-23
user_7669,Buku Catatan,Produk sangat bagus dan sesuai deskripsi!,4,2023-01-06
user_4221,Flashdisk 64GB,Sangat puas dengan pelayanan toko ini.,5,2024-01-11
user_3299,Mouse Wireless,"Beli karena review bagus, ternyata zonk.",2,2023-11-04
cici12,Sandals Pria,"Harga terjangkau, kualitas mantap!",4,2025-06-10
user_17937,Lampu Tidur,Terlalu mahal untuk kualitas seperti ini.,2,2023-04-03
user_6895,Powerbank,Packing asal-asalan.,2,2023-12-30
user_12745,Meja Belajar,Tidak direkomendasikan sama sekali.,2,2023-06-20
user_10407,Rak Sepatu,Worth it banget untuk harga segini.,4,2023-12-12
zprabowo,Sepatu Sneakers,"Sesuai deskripsi, kualitas oke dan tahan lama.",5,2025-02-05
user_24055,Kaos Polos,Barang rusak saat diterima.,1,2024-01-24
user_4072,Lampu Tidur,Tidak direkomendasikan sama sekali.,2,2024-02-18
e*****g,[MUST HAVE] BNB barenbliss Cherry Makes Cheerful Lip Velvet Korea Lipcream (24H Moisturizing)  Lipcream Hasil Akhir Velvet Untuk Melembabkan Bibir Terhidrasi hingga tahan 24 Jam,"cantik warnanya cocok buat sehari hari natural gitu, gak bikin gatel juga",5,2025-06-15 12:37
shaniasalahudin,Dompet Kulit,"Sudah belanja beberapa kali, selalu puas.",4,2025-05-03
zpurwanti,Lipstik Matte,"Produk bagus, bahan adem dan sesuai gambar.",5,2024-10-05
hutagalungjagapati,Tas Ransel,"Produk bagus, bahan adem dan sesuai gambar.",5,2024-07-29
jaemanhabibi,Tas Ransel,"Respon penjual cepat, barang dikirim hari itu juga.",5,2025-01-08
user_7419,Kaos Polos,Warna dan bentuk persis seperti di gambar.,5,2024-08-25
aditya46,Tas Ransel,"Packing rapi banget, penjual ramah.",4,2024-07-25
user_8006,Celana Jeans,Warna tidak sesuai pesanan.,1,2023-02-25
user_1587,Flashdisk 64GB,Suka banget sama produk ini.,5,2024-05-04
gatra24,Mouse Wireless,"Packing rapi banget, penjual ramah.",5,2025-05-22
kbudiman,Sandals Pria,"Packing rapi banget, penjual ramah.",5,2024-08-18
user_16016,Sepatu Sneakers,Barang tidak berfungsi dengan baik.,1,2024-03-07
user_17183,Makeup Set,"Mantap, gak nyesel beli di sini.",5,2023-09-11
bella_nova,SKINTIFIC - Perfect Stay Velvet Matte Cushion (Denim Limited Edition)  Fondasi Compact Oil-Control Waterproof Sweatproof Matte Finish Poreless Blue Cushion Foundation Flawless BB&CC Cream Makeup High-Coverage Bedak Skin Tint,mantap,5,2025-05-28 18:39
user_16584,Skincare Serum,Kualitas sangat buruk.,2,2024-11-23
user_8311,Kursi Lipat,Sangat kecewa dengan produk ini.,2,2023-05-30
user_12689,Rak Sepatu,Penjual tidak merespon chat.,1,2023-04-14
user_2571,Tas Wanita,Warna tidak sesuai pesanan.,2,2023-11-25
latuponovicky,Sepatu Sneakers,Produk original dan kualitasnya premium.,5,2025-02-12
user_12343,Rak Sepatu,Packing rapi dan aman sampai tujuan.,5,2024-06-28
dhandayani,Mouse Wireless,"Warnanya cantik dan tahan lama, puas banget!",5,2025-01-05
user_9746,Tas Wanita,Warna tidak sesuai pesanan.,1,2024-03-20
user_17849,Meja Belajar,Barang rusak saat diterima.,2,2024-12-03
d*****1,Connexion Straight Denim Kemeja Lengan Panjang Wanita 121835551,"Kenyamanan:sangat nyaman
Kualitas:bagus banget
Styling:simple tapi bisa buat apa aja

Alhamdulillah paket sampai dgn selamat gak ada kekurangan apapun... Asli cakep poll... Bahannya jatuh gak gampangg kusut... Enak bngt gak terlalu tebal gak tipis juga.. Bahannya adem...",5,2025-06-13 12:16
user_21611,Headset Gaming,Produk kotor dan tidak layak pakai.,2,2024-10-09
f*****s,URBAN&CO Berdine Essentials Sandal Jelly Teplek Sendal Casual Wanita Kekinian,"Warna:gold
Kenyamanan:lumayan
Kualitas:biasa

maaf penilaian bintang 2, karna size kanan dan kiri berbeda, satu 36 satu lg 37, karna free jd gpp diterima aja. mohon cross check lebih teliti lg, walaupun buy 2 get 1 tetap saja harus di cek lg",2,2025-06-14 15:09
user_658,Rak Sepatu,"Barang cacat, sangat mengecewakan.",2,2024-02-12
user_2394,Lampu Tidur,Barang rusak saat diterima.,2,2024-08-17
user_11577,Keyboard Mechanical,Ukuran tidak sesuai deskripsi.,2,2023-12-30
user_4079,Keyboard Mechanical,Produk sangat bagus dan sesuai deskripsi!,4,2023-09-02
user_19060,Tas Wanita,Harga terjangkau dengan kualitas oke.,4,2024-10-22
user_23155,Tas Wanita,"Mantap, gak nyesel beli di sini.",4,2023-12-03
user_5642,Smartphone Android,"Mantap, gak nyesel beli di sini.",4,2023-06-13
user_24448,Jam Tangan Digital,Penjual tidak merespon chat.,1,2024-09-16
uwacana,Keyboard Mechanical,"Packing rapi banget, penjual ramah.",5,2025-05-15
user_4603,Kemeja Pria,"Pelayanan cepat, packing aman, produk oke!",4,2023-12-12
sakura82,Tas Ransel,"Respon penjual cepat, barang dikirim hari itu juga.",5,2025-03-16
user_19734,Lampu Tidur,Sudah beli berkali-kali di sini dan selalu puas.,5,2024-11-13
ikeyuhanaa,Fleurette| Sepatu Sendal Wanita |CLEO,"Sudah sampai barang nya. Bagus tapi agak keras bawahnya dan berat
Cocok untuk main",5,2025-05-29 06:27
harto17,Tas Ransel,Produk original dan kualitasnya premium.,4,2025-06-06
user_16567,Flashdisk 64GB,"Barang palsu, bukan original.",1,2024-03-07
user_7219,Powerbank,Ukuran tidak sesuai deskripsi.,1,2023-05-30
user_17302,Jam Tangan Digital,Produk kotor dan tidak layak pakai.,1,2023-04-20
user_5020,Makeup Set,Tidak direkomendasikan sama sekali.,1,2024-03-07
user_16631,Meja Belajar,Produk kotor dan tidak layak pakai.,1,2023-03-27
user_18985,Makeup Set,Sudah beli berkali-kali di sini dan selalu puas.,4,2023-12-08
user_10329,Rak Sepatu,Warna dan bentuk persis seperti di gambar.,5,2023-06-27
user_5037,Smartphone Android,Worth it banget untuk harga segini.,5,2023-07-22
bwidodo,Kemeja Polos,Barang sampai dengan aman dan cepat.,4,2024-09-06
hardiansyahviolet,Celana Jeans,"Respon penjual cepat, barang dikirim hari itu juga.",4,2025-01-30
jindra67,Tas Ransel,Barang sampai dengan aman dan cepat.,5,2025-02-20
user_8483,Parfum Wanita,Pengiriman sangat lama.,2,2024-02-18
user_3552,Smartphone Android,Sangat kecewa dengan produk ini.,2,2023-12-23
zmahendra,Kemeja Polos,"Produk bagus, bahan adem dan sesuai gambar.",5,2024-09-25
user_3588,Parfum Wanita,Barang rusak saat diterima.,1,2024-12-15
user_6549,Keyboard Mechanical,Barang rusak saat diterima.,1,2024-03-02
user_22785,Kaos Polos,Pengiriman sangat lama.,2,2023-05-19
user_11662,Flashdisk 64GB,Kualitas di atas ekspektasi saya!,4,2024-06-19
user_21907,Powerbank,Penjual tidak merespon chat.,1,2023-11-24
user_4555,Smartphone Android,"Servis buruk, tidak profesional.",1,2024-02-12
user_24330,Kemeja Pria,Sudah komplain tapi tidak ada solusi.,2,2023-08-26
user_16265,Kaos Polos,Penjual sangat ramah dan fast respon.,5,2024-11-25
user_13990,Flashdisk 64GB,Sangat kecewa dengan produk ini.,2,2023-03-31
user_20792,Meja Belajar,Warna dan bentuk persis seperti di gambar.,4,2024-02-25
novitasarisamsul,Jam Tangan Digital,"Sesuai deskripsi, kualitas oke dan tahan lama.",5,2025-04-24
user_7144,Sepatu Sneakers,Warna dan bentuk persis seperti di gambar.,4,2024-04-26
user_629,Lampu Tidur,Produk kotor dan tidak layak pakai.,1,2023-06-29
user_14251,Lampu Tidur,Rating tinggi tapi kualitas rendah.,2,2024-04-22
user_11372,Keyboard Mechanical,Produk tidak sesuai gambar.,2,2023-03-29
lantar32,Tumbler Stainless,"Warnanya cantik dan tahan lama, puas banget!",5,2025-04-29
user_19732,Kemeja Pria,Barang tidak berfungsi dengan baik.,1,2024-05-02
zaenabhutasoit,Jam Tangan Digital,"Respon penjual cepat, barang dikirim hari itu juga.",4,2024-09-07
user_6477,Meja Belajar,"Barang palsu, bukan original.",2,2024-09-18
user_15830,Sepatu Sneakers,Sangat puas dengan pelayanan toko ini.,5,2023-02-25
estiawan25,Parfum Unisex,Produk original dan kualitasnya premium.,4,2024-08-11
adika63,Tumbler Stainless,Barang sampai dengan aman dan cepat.,4,2024-06-23
user_10773,Kemeja Pria,Sangat puas dengan pelayanan toko ini.,4,2023-12-31
user_19364,Sepatu Sneakers,Pengiriman sangat lama.,1,2024-04-13
user_6412,Celana Jeans,"Puas banget, terima kasih seller!",5,2023-01-19
user_11077,Meja Belajar,Baru dipakai sebentar sudah rusak.,2,2024-12-21
ira38,Sandals Pria,"Sudah belanja beberapa kali, selalu puas.",5,2025-01-09
user_24991,Jam Tangan Digital,Warna tidak sesuai pesanan.,1,2024-11-04
latif40,Mouse Wireless,"Pengiriman cepat, packing rapi. Recommended!",5,2025-02-05
user_14013,Lampu Tidur,Suka banget sama produk ini.,5,2024-03-19
user_13417,Flashdisk 64GB,Packing rapi dan aman sampai tujuan.,5,2023-01-30
user_16723,Smartphone Android,"Puas banget, terima kasih seller!",5,2023-03-13
user_14366,Flashdisk 64GB,"Servis buruk, tidak profesional.",2,2023-01-07
opuspasari,Tumbler Stainless,"Sesuai deskripsi, kualitas oke dan tahan lama.",5,2025-06-08
user_24809,Sepatu Sneakers,Sangat direkomendasikan untuk semua orang.,4,2024-07-25
user_18994,Celana Jeans,Baru dipakai sebentar sudah rusak.,2,2024-08-20
vanesamayasari,Tumbler Stainless,"Harga terjangkau, kualitas mantap!",4,2025-04-22
user_7836,Jam Tangan Digital,Sangat direkomendasikan untuk semua orang.,5,2024-03-30
user_148,Smartphone Android,Penjual sangat ramah dan fast respon.,4,2023-04-20
msetiawan,Parfum Unisex,Produk original dan kualitasnya premium.,5,2025-06-03
anggabayadongoran,Sepatu Sneakers,"Respon penjual cepat, barang dikirim hari itu juga.",5,2024-07-23
user_7490,Flashdisk 64GB,"Barang cacat, sangat mengecewakan.",2,2023-04-05
saptonocecep,Kaos Oblong,"Packing rapi banget, penjual ramah.",5,2025-03-14
n4jm4h_f4h1t4,Fleurette| Sepatu Sendal Wanita |LUISA,"Desain:modelnya simpel tapi cantik
Kenyamanan:sangat nyaman dipakai karena bener-bener empuk

Aaaa ini cantik banget sandalnya, sukaaaa pollll,   empuk buangettt, beneran ih ini simpel tapi elegan, dapat disc lumayan banyak juga, meskipun pengiriman overload karena mau hari raya it's okay terbayarkan sama sandal nya pas dateng, terimakasih",5,2025-03-25 10:38
user_15679,Meja Belajar,Sudah beli berkali-kali di sini dan selalu puas.,4,2023-01-01
user_19200,Flashdisk 64GB,Pengiriman sangat lama.,2,2023-07-13
user_8431,Rak Sepatu,Barang tidak berfungsi dengan baik.,1,2023-10-28
user_23700,Lampu Tidur,"Barang cacat, sangat mengecewakan.",2,2024-08-17
aiyraquinnsha,Finally Found You! OATSTANDING BHA + LHA Acne Serum - Serum untuk Merawat Kulit dan Melawan Bakteri Jerawat 20ml,"Kondisi Barang:rusak
Aroma:bau
Efek:gd hasil",1,2025-06-13 05:49
user_10614,Rak Sepatu,Barang tidak berfungsi dengan baik.,2,2024-10-07
user_7328,Flashdisk 64GB,Kualitas di atas ekspektasi saya!,4,2024-05-02
user_6367,Smartphone Android,Sudah komplain tapi tidak ada solusi.,1,2024-12-03
user_1032,Powerbank,Tidak direkomendasikan sama sekali.,1,2024-02-02
user_11802,Makeup Set,Sangat kecewa dengan produk ini.,1,2024-09-19
rlatupono,Celana Jeans,Produk original dan kualitasnya premium.,5,2025-01-18
user_5614,Powerbank,Barang tidak berfungsi dengan baik.,2,2023-07-06
mulyonokusumo,Jam Tangan Digital,Barang sampai dengan aman dan cepat.,4,2025-05-04
user_12763,Tas Wanita,Kualitas sangat buruk.,2,2024-06-03
user_7846,Parfum Wanita,"Pelayanan cepat, packing aman, produk oke!",4,2024-10-13
user_9460,Kemeja Pria,Ukuran pas dan sesuai pesanan.,4,2023-02-14
user_21758,Keyboard Mechanical,Sesuai dengan rating dan review yang saya baca.,5,2023-03-30
user_3040,Kaos Polos,Rating tinggi tapi kualitas rendah.,1,2024-06-04
user_6693,Smartphone Android,Tidak direkomendasikan sama sekali.,2,2023-05-21
user_985,Kursi Lipat,Rating tinggi tapi kualitas rendah.,2,2024-06-24
daliono81,Kemeja Polos,"Harga terjangkau, kualitas mantap!",4,2024-07-01
user_9001,Headset Gaming,Top banget! Bakal order lagi nanti.,4,2024-10-23
user_21075,Parfum Wanita,"Barang palsu, bukan original.",2,2024-07-08
zhariyah,Jam Tangan Digital,"Sesuai deskripsi, kualitas oke dan tahan lama.",5,2024-11-10
user_4225,Parfum Wanita,Barang datang lebih cepat dari perkiraan.,5,2024-08-13
anindah01,Gosh Zinnia 449 Backpack,"Desain:Elegan
Keaslian:Ori official
Kualitas:bagus banget bahan tebal

Bagus banget, desainnya elegan simple.. nggak nyesel.. bahan tebal, agak berat soalnya ada besi nya di bagian depan.
Pengiriman cepet banget cuma 1 hari doang",5,2025-06-08 20:21
user_14541,Headset Gaming,Sudah beli berkali-kali di sini dan selalu puas.,4,2024-04-16
uchitapratama,Sandals Pria,"Harga terjangkau, kualitas mantap!",5,2025-04-20
citrasuartini,Dompet Kulit,"Pengiriman cepat, packing rapi. Recommended!",5,2025-05-19
user_17648,Parfum Wanita,Sudah komplain tapi tidak ada solusi.,1,2024-02-07
user_7838,Celana Jeans,Top banget! Bakal order lagi nanti.,5,2024-09-07
pfarida,Kaos Oblong,"Harga terjangkau, kualitas mantap!",5,2024-12-01
ejailani,Sepatu Sneakers,"Sesuai deskripsi, kualitas oke dan tahan lama.",5,2024-11-24
user_11710,Buku Catatan,Packing asal-asalan.,1,2024-04-16
user_15213,Meja Belajar,Barang rusak saat diterima.,1,2024-12-15
user_2089,Parfum Wanita,Tidak direkomendasikan sama sekali.,2,2024-08-20
user_9519,Kaos Polos,"Barang cacat, sangat mengecewakan.",2,2024-08-15
user_9390,Sepatu Sneakers,Sudah beli berkali-kali di sini dan selalu puas.,5,2023-08-31
user_15389,Lampu Tidur,"Barang palsu, bukan original.",2,2024-09-24
user_23482,Headset Gaming,Harga terjangkau dengan kualitas oke.,4,2023-11-08
user_11966,Parfum Wanita,Pengiriman sangat lama.,1,2023-06-11
hinataa123,SKINTIFIC - Panthenol Gentle Gel Cleanser 120ml * 3pcs Panthenol & Centella Asiatica | Oil Control Clean Calming Down and Clear Facial Wash Sabun Cuci Muka Glowing Barrier Brightening Whitening Blackhead Removal Dark Spot cleansing with Amino Acid Ceramid,pengiriman lama,1,2025-06-09 18:01
user_16028,Flashdisk 64GB,Terlalu mahal untuk kualitas seperti ini.,1,2023-12-27
user_12248,Sepatu Sneakers,Tidak direkomendasikan sama sekali.,1,2023-05-12
user_16281,Tas Wanita,Rating tinggi tapi kualitas rendah.,2,2023-10-18
user_10711,Flashdisk 64GB,Produk sangat bagus dan sesuai deskripsi!,4,2023-11-07
user_2955,Tas Wanita,Barang rusak saat diterima.,2,2024-01-01
user_5761,Makeup Set,Barang tidak berfungsi dengan baik.,2,2023-01-01
user_4967,Powerbank,Produk tidak sesuai gambar.,1,2024-03-22
gwahyudin,Kemeja Polos,"Warnanya cantik dan tahan lama, puas banget!",5,2025-04-06
user_8882,Flashdisk 64GB,Pengiriman sangat lama.,1,2024-08-21
galurlazuardi,Tumbler Stainless,"Warnanya cantik dan tahan lama, puas banget!",5,2024-10-11
user_8461,Headset Gaming,Sudah beli berkali-kali di sini dan selalu puas.,5,2023-12-29
user_23291,Tas Wanita,Sudah komplain tapi tidak ada solusi.,1,2024-02-08
user_21344,Kursi Lipat,Penjual sangat ramah dan fast respon.,4,2024-11-06
padma83,Kemeja Polos,"Sudah belanja beberapa kali, selalu puas.",4,2024-11-23
user_13643,Makeup Set,Penjual tidak merespon chat.,1,2024-04-07
v*****p,Gosh Asti 428 Comfort Sandal,"Sepadan dengan Harga:oke
Pas untuk Acara:santai
Kenyamanan:pas

oke, nyaman di pkai pas santai. pengen nya hitam tp udah sold tinggal pink, cantik juga ko",5,2025-06-05 15:49
b*****9,H&M Wanita Wide jersey trousers 1123648_1,"ternyata item blink2 kayak celana dangdut ><
di foto cuma celana keabuan",1,2025-06-13 12:12
user_3765,Powerbank,Rating tinggi tapi kualitas rendah.,1,2023-05-12
user_23660,Flashdisk 64GB,Kualitas sangat buruk.,1,2023-04-03
user_10173,Lampu Tidur,Terlalu mahal untuk kualitas seperti ini.,1,2023-01-22
dusamah,Keyboard Mechanical,"Harga terjangkau, kualitas mantap!",5,2024-07-16
user_14264,Buku Catatan,Sudah komplain tapi tidak ada solusi.,1,2023-06-28
karmanzulkarnain,Jaket Hoodie,"Harga terjangkau, kualitas mantap!",4,2025-06-06
nmelani,Powerbank 10000mAh,"Sesuai deskripsi, kualitas oke dan tahan lama.",5,2025-03-30
user_20551,Keyboard Mechanical,Produk kotor dan tidak layak pakai.,1,2023-10-15
user_21888,Mouse Wireless,Packing asal-asalan.,1,2023-05-26
user_12395,Headset Gaming,Produk tidak sesuai gambar.,1,2024-08-20
user_351,Tas Wanita,Sudah beli berkali-kali di sini dan selalu puas.,4,2024-07-15
user_14811,Mouse Wireless,"Servis buruk, tidak profesional.",1,2023-06-15
mahdipuspita,Kaos Oblong,"Harga terjangkau, kualitas mantap!",5,2024-10-13
user_3257,Tas Wanita,Barang original dan berkualitas.,4,2024-05-18
user_24552,Keyboard Mechanical,Barang rusak saat diterima.,1,2024-05-17
user_19894,Mouse Wireless,"Mantap, gak nyesel beli di sini.",5,2023-02-18
user_17697,Rak Sepatu,Sudah komplain tapi tidak ada solusi.,2,2023-11-16
maderasmiati,[10PCS!!!] SKINTIFIC- Full Series Skincare Set | 5X ceramide Serum Moisturizer Gel Toner Sunscreen Cleanser Mousse Facial Wash Day Night Cream Acner Glowing Barrier Calm Down Brightening Whitening Spot retinol Paket Set,"Di live bilang gratis 10prodak, kok yg dateng paket normal",1,2025-06-11 13:10
user_15600,Smartphone Android,Barang original dan berkualitas.,5,2023-06-17
widodocindy,Lipstik Matte,Produk original dan kualitasnya premium.,5,2024-10-23
user_6536,Sepatu Sneakers,Harga terjangkau dengan kualitas oke.,5,2024-05-07
user_20285,Makeup Set,Barang rusak saat diterima.,1,2023-05-03
user_2610,Kemeja Pria,"Puas banget, terima kasih seller!",4,2023-01-20
suartinimichelle,Kemeja Polos,"Respon penjual cepat, barang dikirim hari itu juga.",5,2024-12-25
user_12043,Skincare Serum,Produk tidak sesuai gambar.,2,2024-06-24
user_368,Keyboard Mechanical,Baru dipakai sebentar sudah rusak.,1,2024-11-27
user_9141,Meja Belajar,Barang tidak berfungsi dengan baik.,1,2023-03-13
kmansur,Tumbler Stainless,"Harga terjangkau, kualitas mantap!",5,2025-03-16
user_7501,Meja Belajar,Worth it banget untuk harga segini.,4,2024-08-02
damaniknugraha,Sandals Pria,"Sesuai deskripsi, kualitas oke dan tahan lama.",5,2025-06-01
user_18784,Rak Sepatu,Ukuran pas dan sesuai pesanan.,4,2024-09-26
user_22876,Smartphone Android,Barang tidak berfungsi dengan baik.,1,2023-10-29
user_6382,Powerbank,Packing rapi dan aman sampai tujuan.,5,2023-10-23
veronikamelwani,SKINTIFIC - Retinol 2pcs Set | Retinol Skin Renewal Serum 20ml + Moisturizer 30g Retinal Retinoid Acne Care Memudarkan Garis Halus Memudarkan Kerutan Menghaluskan Tekstur Kulit Anti Aging Menyamarkan Garis Halus Meratakan Warna Kulit,kondisi krim retinol moist kosong kagak ad isi pas dibuka....mengecewakan,1,2025-06-09 20:02
user_1314,Keyboard Mechanical,Barang tidak berfungsi dengan baik.,2,2023-01-21
user_3802,Flashdisk 64GB,Sudah beli berkali-kali di sini dan selalu puas.,5,2023-09-26
user_4320,Kemeja Pria,Kualitas sangat buruk.,2,2024-08-20
user_13198,Buku Catatan,"Beli karena review bagus, ternyata zonk.",1,2023-08-30
user_18734,Jam Tangan Digital,Baru dipakai sebentar sudah rusak.,1,2024-04-01
user_15762,Mouse Wireless,Pengiriman sangat lama.,1,2023-03-02
user_17851,Meja Belajar,Sangat puas dengan pelayanan toko ini.,5,2023-10-24
user_3011,Mouse Wireless,Penjual tidak merespon chat.,2,2024-10-24
user_6882,Parfum Wanita,"Servis buruk, tidak profesional.",2,2023-07-16
user_23047,Powerbank,Sudah beli berkali-kali di sini dan selalu puas.,5,2023-05-31
user_16486,Lampu Tidur,Sesuai dengan rating dan review yang saya baca.,5,2023-05-09
user_8254,Headset Gaming,Packing asal-asalan.,2,2023-06-06
dinyyanti29,HijabChic Rhett Pale Pink Top - Kemeja Stripe Oversized Katun Premium Motif Bunga Mewah,Bahan nya biasa saja dengan harga segitu.. bagusan dilive daripada aslinya...ada kotor jg di bagian kerah..dan kusut packingan lipat bajunya,2,2025-05-29 22:00
user_5992,Parfum Wanita,Barang tidak berfungsi dengan baik.,1,2023-08-05
user_11621,Skincare Serum,Barang tidak berfungsi dengan baik.,2,2023-07-21
user_8853,Headset Gaming,"Servis buruk, tidak profesional.",1,2024-05-27
user_5746,Lampu Tidur,Sangat kecewa dengan produk ini.,2,2023-09-16
wnashiruddin,Kaos Oblong,Barang sampai dengan aman dan cepat.,4,2024-07-02
user_9696,Parfum Wanita,Sangat kecewa dengan produk ini.,1,2023-02-18
user_15249,Jam Tangan Digital,Kualitas sangat buruk.,1,2023-12-27
user_899,Jam Tangan Digital,Ukuran tidak sesuai deskripsi.,1,2024-07-20
p*****a,Ikat Rambut Wanita Simple Motif / Kuncir Rambut Hitam Simpel Hair Bun Korea,"Warna:hitam ada mainanannya
Ukuran:pas dan sesuai
Kenyamanan:nyaman dan aman saat dipakai

Karet rambutnya bagus semuga awet ya dengan harga murah..",4,2025-06-12 18:19
qputra,Jam Tangan Digital,"Harga terjangkau, kualitas mantap!",5,2024-11-06
user_23088,Powerbank,Packing asal-asalan.,1,2024-05-03
dwiyantie033,URBAN&CO Essentials Flat Shoes Wanita Sepatu FlatShoes Slip On Cewek - Haruna,"Desain:sesuai ekspektasi
Kenyamanan:semoga nyaman
Tekstur:lembut

u/kenang2 wali kelas",5,2025-06-16 09:27
user_20161,Smartphone Android,"Mantap, gak nyesel beli di sini.",4,2024-09-19
gunartoani,Jam Tangan Digital,"Respon penjual cepat, barang dikirim hari itu juga.",5,2024-06-15
mmaulana,Tas Ransel,"Harga terjangkau, kualitas mantap!",5,2025-01-26
user_6235,Powerbank,Sangat kecewa dengan produk ini.,1,2023-09-06
graeshita,SKIN1004  Madagascar Centella Poremizing Tinted Suncream 50ml,"Kemasan:mudah dibawa kemana mana
Profil Kecantikan:tinted sunscreen

Suka banget sama teksturnya, gak terlalu thick, dan ini blendable, finishnya ada tone up tapi natural banget, pori pori juga tampak samar. Bakal jadi tinted sunscreen fav buat tim satset yg males make up",5,2025-06-03 06:18
user_23888,Kursi Lipat,Ukuran pas dan sesuai pesanan.,4,2024-08-08
user_11867,Keyboard Mechanical,Produk tidak sesuai gambar.,1,2024-03-12
adikasitumorang,Tas Ransel,"Respon penjual cepat, barang dikirim hari itu juga.",5,2024-12-20
user_21317,Meja Belajar,Produk kotor dan tidak layak pakai.,1,2024-10-08
user_15301,Mouse Wireless,"Beli karena review bagus, ternyata zonk.",2,2023-04-08
zfarida,Sandals Pria,Barang sampai dengan aman dan cepat.,5,2025-01-19
user_9641,Buku Catatan,Ukuran tidak sesuai deskripsi.,2,2024-05-01
user_7055,Makeup Set,Sudah komplain tapi tidak ada solusi.,2,2023-04-22
user_10300,Makeup Set,Produk tidak sesuai gambar.,1,2023-06-06
user_13692,Parfum Wanita,"Beli karena review bagus, ternyata zonk.",1,2024-05-17
user_18427,Kursi Lipat,Barang rusak saat diterima.,1,2023-03-16
user_1208,Makeup Set,Packing asal-asalan.,2,2024-12-05
hardibudiyanto,Kemeja Polos,"Packing rapi banget, penjual ramah.",4,2024-08-06
user_8602,Tas Wanita,Penjual sangat ramah dan fast respon.,5,2024-10-11
user_9346,Headset Gaming,Terlalu mahal untuk kualitas seperti ini.,2,2023-02-09
9hqijovwi2,SKINTIFIC- 5PCS Skincare Set | 5X ceramide Serum Moisturizer Gel Toner Sunscreen Cleanser Mousse Facial Wash Day Night Cream Acner Glowing Barrier Calm Down Brightening Whitening Spot retinol Paket Set,sunscreen nya gak ada isi nya👎,2,2025-06-14 07:31
maryatisoleh,Powerbank 10000mAh,"Packing rapi banget, penjual ramah.",4,2024-09-05
user_18191,Flashdisk 64GB,Produk tidak sesuai gambar.,2,2023-02-13
velonus,SKIN1004 Madagascar Centella Poremizing Fresh Ampoule 30ml,"Tekstur:halus
Cocok untuk:cocok
Keaslian:ok",5,2025-06-03 10:55
user_20119,Flashdisk 64GB,"Beli karena review bagus, ternyata zonk.",2,2024-10-16
fsaragih,Lipstik Matte,Barang sampai dengan aman dan cepat.,5,2025-05-12
user_6353,Rak Sepatu,Sudah komplain tapi tidak ada solusi.,2,2024-06-26
user_2132,Sepatu Sneakers,Worth it banget untuk harga segini.,4,2023-12-14
user_9535,Lampu Tidur,Sangat kecewa dengan produk ini.,1,2023-05-23
septiindriyani_1,SKIN1004 Madagascar Centella Ampoule Foam 125ml,"Tekstur:lembut
Cocok untuk:kulit berminyak dan sensitif jerawat
Kenyamanan:lembut tanpa meninggalkan sebum.

Kulit mukaku termasuk kulit sensitif yang gampang banget berjerawat. Selama ini nggak berani pakai facial foam. Udah coba berkali kali tapi selalu kecewa. Untung aku menemukan produk skin 1004.  Produk ini cocok banget dikulitku. Kulitku makin sehat, dan sekarang aku repeat order lagi karena produk ini memang sebagus itu.",5,2025-06-11 23:05
radit40,Sandals Pria,Produk original dan kualitasnya premium.,5,2024-11-03
prastutidewi,Kemeja Polos,"Sesuai deskripsi, kualitas oke dan tahan lama.",5,2024-11-08
user_3804,Powerbank,"Barang cacat, sangat mengecewakan.",1,2024-06-18
anastasiazulkarnain,Keyboard Mechanical,"Warnanya cantik dan tahan lama, puas banget!",5,2025-05-20
user_2129,Kursi Lipat,Sudah komplain tapi tidak ada solusi.,2,2024-03-10
user_12079,Flashdisk 64GB,Kualitas sangat buruk.,1,2023-07-09
user_18718,Buku Catatan,Kualitas sangat buruk.,1,2023-11-18
user_2282,Lampu Tidur,Pengiriman sangat lama.,2,2024-12-02
user_1988,Powerbank,Warna dan bentuk persis seperti di gambar.,5,2023-11-16
user_21877,Meja Belajar,Produk kotor dan tidak layak pakai.,1,2024-09-04
wwinarno,Sandals Pria,"Produk bagus, bahan adem dan sesuai gambar.",5,2025-02-04
user_5954,Powerbank,Packing rapi dan aman sampai tujuan.,4,2023-11-21
user_15736,Mouse Wireless,"Mantap, gak nyesel beli di sini.",4,2024-07-08
user_8252,Jam Tangan Digital,"Barang palsu, bukan original.",2,2024-10-11
nakiiyy,Boneka Miniso,"Desain:baguss
Tekstur:lembut

ini real pict banget, ada tag nya juga jadi enak kalo buat ngadoin orang, ada plastik nya juga jadi aman oi ga kotor, boneka lucuu bingit juga🥳",5,2025-03-26 10:54
user_1731,Parfum Wanita,"Barang cacat, sangat mengecewakan.",1,2024-08-18
user_11324,Buku Catatan,Rating tinggi tapi kualitas rendah.,1,2024-10-17
adhiarja99,Kemeja Polos,"Sudah belanja beberapa kali, selalu puas.",4,2025-06-11
user_17140,Lampu Tidur,Ukuran tidak sesuai deskripsi.,1,2024-06-08
user_9883,Kursi Lipat,Pengiriman sangat lama.,2,2024-01-28
user_4794,Meja Belajar,"Beli karena review bagus, ternyata zonk.",1,2023-11-07
maryadijaswadi,Kemeja Polos,"Respon penjual cepat, barang dikirim hari itu juga.",5,2025-06-08
user_10853,Kemeja Pria,Produk tidak sesuai gambar.,2,2024-10-27
karjasitorus,Parfum Unisex,"Sesuai deskripsi, kualitas oke dan tahan lama.",5,2024-12-09
user_10738,Parfum Wanita,Warna tidak sesuai pesanan.,2,2024-11-10
user_15586,Makeup Set,"Beli karena review bagus, ternyata zonk.",1,2023-09-19
user_21577,Buku Catatan,Sudah beli berkali-kali di sini dan selalu puas.,4,2023-03-07
user_6666,Sepatu Sneakers,Suka banget sama produk ini.,4,2023-05-13
nurul48,Tas Ransel,"Packing rapi banget, penjual ramah.",4,2024-10-24
user_9826,Powerbank,Sangat puas dengan pelayanan toko ini.,5,2024-06-18
user_24429,Headset Gaming,Penjual tidak merespon chat.,1,2024-12-27
user_3993,Celana Jeans,"Beli karena review bagus, ternyata zonk.",1,2023-10-06
dian33,Celana Jeans,"Packing rapi banget, penjual ramah.",5,2025-04-13
user_12573,Keyboard Mechanical,Produk tidak sesuai gambar.,2,2023-05-30
qsiregar,Celana Jeans,Barang sampai dengan aman dan cepat.,5,2025-03-25
user_665,Makeup Set,Warna tidak sesuai pesanan.,2,2023-03-27
user_7727,Tas Wanita,Sangat direkomendasikan untuk semua orang.,5,2024-07-11
user_20650,Meja Belajar,"Servis buruk, tidak profesional.",2,2023-02-10
nugrohoganep,Sandals Pria,"Sudah belanja beberapa kali, selalu puas.",5,2025-05-27
mangunsongmartaka,Tumbler Stainless,Barang sampai dengan aman dan cepat.,5,2025-05-02
a*****5,Tas Selempang Pria  urban factor - RHYS Sling Bag Kasual Unisex,"Desain:lega banget

Oke",5,2025-03-04 04:02
utamibella,Powerbank 10000mAh,"Harga terjangkau, kualitas mantap!",5,2024-06-27
haryantiedi,Sepatu Sneakers,"Harga terjangkau, kualitas mantap!",4,2025-03-12
user_23391,Sepatu Sneakers,"Beli karena review bagus, ternyata zonk.",2,2023-03-04
linnapucino,HijabChic Syahira Pink Nude Dress - Dress Brukat Tulle Kondangan Elegan Best Seller,"Cantikkk..halusss..
Knpa aku setuju klo ini warnanya mocca yaa. Hihihi",5,2025-05-20 09:45
user_20121,Smartphone Android,"Beli karena review bagus, ternyata zonk.",1,2023-03-04
user_19595,Lampu Tidur,"Servis buruk, tidak profesional.",1,2023-12-17
user_22699,Lampu Tidur,Kualitas sangat buruk.,1,2024-09-04
cnatsir,Powerbank 10000mAh,"Sesuai deskripsi, kualitas oke dan tahan lama.",5,2025-04-02
user_23343,Skincare Serum,Ukuran tidak sesuai deskripsi.,2,2024-10-29
user_12011,Buku Catatan,"Barang cacat, sangat mengecewakan.",1,2023-02-10
user_20221,Lampu Tidur,Sangat direkomendasikan untuk semua orang.,4,2023-02-14
marutaratuk,Sandal Anak Miniso,"Warna:abu
Tampilan:sesuai dgn gambar

kukira kecil taunya kbesaran di anak aku 😁 tp gpp bisa buat lama...",5,2024-04-02 21:58
w*****h,[BEST SELLING] BNB barenbliss Lily Makes Luminous Glow Tint Lip tint melembapkan berkilau berwarna alami dan tahan lama 12 jam,"Tekstur:cair
Warna:merah nude
Cocok untuk:bibir kering

baguss.. sesuai pesananku,wangii bngt glow tint nyaa,+ admin nya ramahh polll,luppluppp💗",5,2025-06-14 19:52
user_20410,Skincare Serum,Pengiriman cepat dan aman.,5,2023-01-12
user_1980,Powerbank,"Servis buruk, tidak profesional.",1,2024-01-26
user_17032,Mouse Wireless,"Servis buruk, tidak profesional.",2,2023-01-17
user_282,Tas Wanita,"Servis buruk, tidak profesional.",2,2024-12-20
hj0b_5yecs,H&M Wanita Sweatshirt shorts 1128595_8,ternyata bukan putih bersih tapi agak ke cream,2,2025-06-14 09:30
user_5183,Meja Belajar,Barang tidak berfungsi dengan baik.,2,2023-01-25
qhidayat,Sepatu Sneakers,"Packing rapi banget, penjual ramah.",5,2024-10-01
user_9314,Keyboard Mechanical,"Beli karena review bagus, ternyata zonk.",2,2023-07-13
n*****_,"Judydoll Watery Iron Liptint Gloss - 9gr (Next Level Liptin Lip Gloss, Tahan Lama 12 Jam, Transferproof & Hasil Glossy Dengan Lip Massager)","Tekstur:cair ringan
Warna:bagus
Aroma:harum

Liptint yg ringan bagus awet dan tetep stainnya ga ilang2 bikin bibir lembab",5,2025-06-12 21:30
user_16340,Headset Gaming,"Servis buruk, tidak profesional.",2,2023-12-09
vnurdiyanti,Kaos Oblong,Produk original dan kualitasnya premium.,4,2024-12-30
user_11206,Kursi Lipat,Sudah komplain tapi tidak ada solusi.,2,2023-06-11
i*****n,BOSTANTEN Dompet Lipat Pria Kulit PU Dengan Berbagai Motif Hitam/Coklat,"Desain:bafus
Tekstur:lembut
Warna:hitam",5,2025-06-12 19:39
user_13028,Celana Jeans,Harga terjangkau dengan kualitas oke.,4,2024-08-02
user_13051,Keyboard Mechanical,"Puas banget, terima kasih seller!",4,2024-04-25
user_9048,Lampu Tidur,Sangat direkomendasikan untuk semua orang.,4,2024-08-31
jefrihassanah,Keyboard Mechanical,"Produk bagus, bahan adem dan sesuai gambar.",4,2024-09-03
meliaoktalarasati,HijabChic Marina Denim Skirt - Rok Jeans Muslim Span Ban Pinggang,"Bahan:jeans
Desain:bagus rapi
Kenyamanan:nyamaan adem

BB 69kg milih yg XL karena sadar perut habis lahiran ..
tapi pas d coba xl nya trnyta gede .",5,2025-03-14 11:16
r*****i,SKIN1004 Madagascar Centella Ampoule 30ml,"SEKELAS PRODUK TERKENAL KIRIM BISA SALAH.. 
UDAH TERLALU PERCAYA SAMA PRODUK2 TERKENAL SAMPAI GA PERNAH REKAM.. PERCUMA JUGA KOMPLAIN .. 
 BARU PERTAMA KALI BELI KOK SALAH KIRIM SEMUA.. 

TLONG ADMIN NYA UNTUK NYIAPIN BARANG DITELITI....",1,2025-06-11 18:55
user_21488,Skincare Serum,Barang rusak saat diterima.,1,2023-09-19
user_13859,Lampu Tidur,Tidak direkomendasikan sama sekali.,2,2023-01-28
simbolonkarsana,Lipstik Matte,Produk original dan kualitasnya premium.,5,2024-11-29
user_16330,Sepatu Sneakers,Barang original dan berkualitas.,5,2023-01-16
kuswandariprayogo,Dompet Kulit,"Respon penjual cepat, barang dikirim hari itu juga.",4,2024-06-29
user_15830,Tas Wanita,Packing asal-asalan.,1,2024-05-24
user_11896,Meja Belajar,Packing asal-asalan.,2,2023-02-07
user_18796,Keyboard Mechanical,Produk kotor dan tidak layak pakai.,1,2024-09-10
user_973,Lampu Tidur,Sudah komplain tapi tidak ada solusi.,1,2024-05-12
diya25haerirahman,Tas ransel Laptop urban factor - Sky Scrapper | Backpack  Pria Vintage Kasual,"Desain:bagus
Ukuran:sesuai
Warna:sesuai pilihan

Terbaik",5,2025-02-26 15:51
user_12280,Jam Tangan Digital,Sangat direkomendasikan untuk semua orang.,4,2024-02-27
user_20785,Tas Wanita,Sudah beli berkali-kali di sini dan selalu puas.,5,2024-11-24
user_4948,Mouse Wireless,Kualitas sangat buruk.,1,2024-06-19
user_15888,Mouse Wireless,"Barang cacat, sangat mengecewakan.",2,2024-03-02
user_22410,Tas Wanita,Pengiriman cepat dan aman.,4,2024-03-17
user_17156,Celana Jeans,"Beli karena review bagus, ternyata zonk.",2,2023-02-07
user_3186,Parfum Wanita,Packing asal-asalan.,1,2024-05-04
gsiregar,Celana Jeans,"Sesuai deskripsi, kualitas oke dan tahan lama.",4,2025-04-20
nadpn,Gosh Avellino 531 Sandal Mules,"Kecewa, seperti barang yang sdh lama dipakai",1,2025-06-14 11:47
user_3595,Kursi Lipat,Warna tidak sesuai pesanan.,1,2023-03-14
user_22729,Lampu Tidur,Rating tinggi tapi kualitas rendah.,2,2024-09-05
user_12844,Headset Gaming,Pengiriman sangat lama.,2,2023-11-09
iraharyanto,Kaos Oblong,"Sesuai deskripsi, kualitas oke dan tahan lama.",5,2025-01-14
umiiswahyudi,Powerbank 10000mAh,"Warnanya cantik dan tahan lama, puas banget!",4,2025-01-24
user_13573,Keyboard Mechanical,Warna tidak sesuai pesanan.,2,2024-09-10
nofar023,Gosh Lunaria 377 Shoulder Bag,"Kapasitas:Toko tidak amanah
Kualitas:bagus

Saya pesan tas dengan paperbag, yang di kirimnya cuman tas aja, paperbag nya tidak ada",1,2025-06-01 19:19
user_13527,Headset Gaming,Sangat kecewa dengan produk ini.,2,2023-11-14
user_18237,Makeup Set,Sangat puas dengan pelayanan toko ini.,4,2023-12-21
user_9134,Flashdisk 64GB,Ukuran pas dan sesuai pesanan.,5,2024-03-18
user_2858,Celana Jeans,Sangat kecewa dengan produk ini.,2,2023-05-05
user_7882,Powerbank,Sudah komplain tapi tidak ada solusi.,2,2024-02-04
uzwahsnh,Gosh Lunaria 470 Shoulder Bag,"Kapasitas:cukup luas
Desain:menarik dengan detail yang apik
Kualitas:terjamin dan memuaskan",5,2025-06-11 17:27
user_13915,Makeup Set,Warna tidak sesuai pesanan.,2,2024-11-21
user_19773,Mouse Wireless,"Servis buruk, tidak profesional.",2,2024-11-04
user_18523,Headset Gaming,"Barang palsu, bukan original.",2,2023-07-15
user_17357,Kursi Lipat,"Pelayanan cepat, packing aman, produk oke!",5,2023-06-04
gandinasyiah,Jaket Hoodie,Barang sampai dengan aman dan cepat.,5,2024-10-25
candrakanta18,Kaos Oblong,"Harga terjangkau, kualitas mantap!",4,2024-09-22
user_18983,Mouse Wireless,"Mantap, gak nyesel beli di sini.",5,2023-05-13
mariniyouyou,BLACKMORES MULTIVITAMINS PLUS MINERALS BPOM KALBE - 60 TAB,"Cocok untuk:dewasa
Kadaluarsa:lama
Keaslian:ori",5,2025-06-12 18:10
user_4701,Parfum Wanita,Sangat kecewa dengan produk ini.,1,2023-05-12
user_15855,Meja Belajar,Penjual sangat ramah dan fast respon.,4,2024-01-07
user_22052,Smartphone Android,"Barang palsu, bukan original.",2,2024-09-30
r*****h,SKIN1004 Madagascar Centella Poremizing Light Gel Cream 75ml,"Tekstur:lembut dan mudah diaplikasikan
Keaslian:oriii

Suka banget sama skin1004, bohong yang banyak habis ini !!!!! ♡___♡",5,2025-06-11 16:47
user_10793,Parfum Wanita,Baru dipakai sebentar sudah rusak.,1,2023-04-12
user_17598,Mouse Wireless,Tidak direkomendasikan sama sekali.,2,2024-09-30
user_20517,Kaos Polos,"Servis buruk, tidak profesional.",1,2023-09-15
user_4888,Kursi Lipat,Sesuai dengan rating dan review yang saya baca.,4,2024-01-13
user_24174,Mouse Wireless,"Barang palsu, bukan original.",2,2024-04-12
gawatisalahudin,Sandals Pria,"Sesuai deskripsi, kualitas oke dan tahan lama.",4,2024-08-28
user_19126,Smartphone Android,"Barang cacat, sangat mengecewakan.",2,2024-01-22
user_14814,Keyboard Mechanical,Pengiriman sangat lama.,2,2023-12-13
jamal03,Lipstik Matte,"Produk bagus, bahan adem dan sesuai gambar.",5,2025-01-13
user_17004,Keyboard Mechanical,"Servis buruk, tidak profesional.",1,2024-10-20
user_18547,Tas Wanita,Kualitas di atas ekspektasi saya!,4,2024-12-02
yessi89,Sepatu Sneakers,"Warnanya cantik dan tahan lama, puas banget!",5,2025-01-15
user_9664,Lampu Tidur,Warna dan bentuk persis seperti di gambar.,4,2024-01-14
user_17899,Parfum Wanita,Kualitas di atas ekspektasi saya!,5,2024-02-25
user_3299,Jam Tangan Digital,Packing asal-asalan.,2,2024-07-07
user_267,Tas Wanita,Kualitas sangat buruk.,1,2024-05-26
r*****i,SKIN1004 Madagascar Centella Ampoule 30ml,"SEKELAS PRODUK TERKENAL KIRIM BISA SALAH.. 
UDAH TERLALU PERCAYA SAMA PRODUK2 TERKENAL SAMPAI GA PERNAH REKAM.. PERCUMA JUGA KOMPLAIN .. 
 BARU PERTAMA KALI BELI KOK SALAH KIRIM SEMUA.. 

TLONG ADMIN NYA UNTUK NYIAPIN BARANG DITELITI....",1,2025-06-11 18:55
user_3901,Rak Sepatu,Baru dipakai sebentar sudah rusak.,1,2024-07-23
user_17525,Buku Catatan,Produk tidak sesuai gambar.,1,2023-10-16
user_1470,Makeup Set,Worth it banget untuk harga segini.,5,2023-01-26
user_24315,Flashdisk 64GB,Tidak direkomendasikan sama sekali.,1,2023-09-16
user_6025,Smartphone Android,Pengiriman sangat lama.,1,2023-10-28
user_20772,Kaos Polos,Tidak direkomendasikan sama sekali.,1,2023-11-26
user_20383,Tas Wanita,Pengiriman cepat dan aman.,5,2023-06-15
qhariyah,Lipstik Matte,"Sudah belanja beberapa kali, selalu puas.",4,2025-05-17
user_176,Jam Tangan Digital,Baru dipakai sebentar sudah rusak.,1,2023-10-12
farhunnisa11,Tumbler Stainless,"Harga terjangkau, kualitas mantap!",5,2024-08-28
fifiiiii13,Gosh Amaryllis 305 Hand Bag,"Desain:GA DIKIRIM PAPERBAGNYA
Kualitas:GA DIKIRIM PAPERBAGNYA
Kapasitas:GA DIKIRIM PAPERBAGNYA",1,2025-06-13 01:22
sadinafirgantoro,Sepatu Sneakers,"Produk bagus, bahan adem dan sesuai gambar.",5,2024-11-09
ffirmansyah,Lipstik Matte,"Warnanya cantik dan tahan lama, puas banget!",4,2024-08-25
user_5812,Kemeja Pria,Penjual tidak merespon chat.,2,2024-02-28
user_20727,Buku Catatan,Warna tidak sesuai pesanan.,1,2024-02-23
user_22718,Parfum Wanita,Barang datang lebih cepat dari perkiraan.,5,2023-09-29
user_2931,Kursi Lipat,Produk tidak sesuai gambar.,2,2023-01-27
user_5380,Meja Belajar,Pengiriman sangat lama.,1,2024-07-27
situmoranglamar,Powerbank 10000mAh,"Packing rapi banget, penjual ramah.",5,2025-06-06
jabalsiregar,Sandals Pria,Produk original dan kualitasnya premium.,5,2025-04-13
user_5940,Mouse Wireless,Top banget! Bakal order lagi nanti.,5,2024-03-31
user_16921,Mouse Wireless,Ukuran tidak sesuai deskripsi.,1,2023-06-09
user_5382,Buku Catatan,"Servis buruk, tidak profesional.",1,2024-05-01
user_18084,Kemeja Pria,Kualitas sangat buruk.,1,2023-09-08
user_22539,Powerbank,Baru dipakai sebentar sudah rusak.,1,2024-11-17
rajataasirwada,Celana Jeans,Produk original dan kualitasnya premium.,5,2024-11-11
vpudjiastuti,Headset Bluetooth,"Respon penjual cepat, barang dikirim hari itu juga.",5,2024-11-12
user_4670,Parfum Wanita,Baru dipakai sebentar sudah rusak.,2,2024-07-01
user_11074,Headset Gaming,Tidak direkomendasikan sama sekali.,1,2024-01-31
smitasinadia,Gosh Lunaria 369 Sling Bag,Bagus,5,2025-06-02 15:19
user_23324,Skincare Serum,Produk tidak sesuai gambar.,2,2023-10-02
user_610,Kursi Lipat,Pengiriman sangat lama.,2,2024-03-15
user_16579,Buku Catatan,Kualitas sangat buruk.,1,2023-03-20
user_14738,Headset Gaming,Sudah beli berkali-kali di sini dan selalu puas.,4,2023-06-14
user_747,Headset Gaming,"Barang palsu, bukan original.",2,2023-11-25
user_8420,Meja Belajar,"Beli karena review bagus, ternyata zonk.",2,2024-02-19
user_5205,Mouse Wireless,"Barang cacat, sangat mengecewakan.",2,2023-05-26
user_13699,Smartphone Android,"Beli karena review bagus, ternyata zonk.",2,2023-07-07
ellafitria12345,Gosh Lunaria 459 Shoulder Bag,Thx u kak😍,5,2025-06-07 15:43
pradanakemal,Parfum Unisex,"Pengiriman cepat, packing rapi. Recommended!",5,2025-05-25
user_12904,Headset Gaming,Tidak direkomendasikan sama sekali.,1,2023-10-27
user_2536,Buku Catatan,Sudah komplain tapi tidak ada solusi.,2,2023-03-19
user_5458,Kaos Polos,Suka banget sama produk ini.,4,2024-03-22
user_23252,Skincare Serum,Penjual tidak merespon chat.,2,2023-01-13
user_10992,Kaos Polos,"Pelayanan cepat, packing aman, produk oke!",4,2023-11-25
user_12902,Headset Gaming,"Puas banget, terima kasih seller!",4,2023-07-31
samiahanggriawan,Parfum Unisex,"Produk bagus, bahan adem dan sesuai gambar.",5,2024-12-28
user_22351,Buku Catatan,"Barang cacat, sangat mengecewakan.",2,2024-10-11
user_8814,Kaos Polos,"Servis buruk, tidak profesional.",2,2024-12-09
user_20745,Buku Catatan,Sesuai dengan rating dan review yang saya baca.,5,2024-04-29
user_24433,Buku Catatan,Warna tidak sesuai pesanan.,1,2024-11-18
user_17725,Lampu Tidur,Barang tidak berfungsi dengan baik.,2,2024-02-18
hgunawan,Celana Jeans,Barang sampai dengan aman dan cepat.,5,2024-10-02
user_12744,Celana Jeans,Terlalu mahal untuk kualitas seperti ini.,1,2024-04-15
user_10494,Buku Catatan,Produk tidak sesuai gambar.,1,2023-09-16
user_14260,Headset Gaming,"Beli karena review bagus, ternyata zonk.",1,2024-01-01
user_16891,Jam Tangan Digital,Penjual sangat ramah dan fast respon.,5,2023-05-14
user_17080,Kemeja Pria,Packing asal-asalan.,2,2024-09-29
user_9516,Mouse Wireless,Sudah beli berkali-kali di sini dan selalu puas.,4,2024-10-29
cahyo18,Jam Tangan Digital,"Respon penjual cepat, barang dikirim hari itu juga.",5,2024-07-20
pulungan2108,Sepatu anak-anak ringan (19-24),Mantap,1,2021-05-05 15:44
salmanun1,H&M Pria Relaxed Fit T-shirt,"Bahan:biasa aja
Tekstur:lembut, tipis
Kenyamanan:nyaman",5,2025-06-14 01:26
user_7365,Buku Catatan,Sesuai dengan rating dan review yang saya baca.,4,2024-12-26
user_20601,Kursi Lipat,Terlalu mahal untuk kualitas seperti ini.,1,2024-01-11
user_13121,Parfum Wanita,Terlalu mahal untuk kualitas seperti ini.,1,2023-02-13
user_16277,Smartphone Android,Pengiriman sangat lama.,1,2024-02-15
user_3855,Celana Jeans,Produk kotor dan tidak layak pakai.,1,2024-07-10
user_22230,Flashdisk 64GB,Produk kotor dan tidak layak pakai.,1,2023-11-05
user_16144,Kursi Lipat,Packing asal-asalan.,1,2024-04-04
user_17529,Tas Wanita,"Barang palsu, bukan original.",2,2023-12-08
user_1270,Sepatu Sneakers,Sudah beli berkali-kali di sini dan selalu puas.,5,2024-04-26
c*****i,[​ ! TERBATAS ! ] SKINTIFIC - All Day Light Sunscreen Mist SPF 50 PA++++ 120ml | Sunscreen Spray UV Mist Tone Up Sun Shield Sunscreen Sunblock Whitening Glowing BPOM Barrier Brightening Whitening Mencerahkan Wajah Melindungi Kulit dari Sinar UVA UVB,"Tekstur:cairan spary
Aroma:soft tidak menyengat dan segar
Keaslian:ori

Mudah dipakai dan untuk retouch",5,2025-06-02 12:46
user_24363,Parfum Wanita,Harga terjangkau dengan kualitas oke.,4,2023-07-26
user_104,Headset Gaming,"Pelayanan cepat, packing aman, produk oke!",4,2023-11-09
user_7603,Headset Gaming,Tidak direkomendasikan sama sekali.,1,2024-07-08
user_12397,Rak Sepatu,Packing asal-asalan.,1,2024-05-03
user_144,Keyboard Mechanical,Penjual sangat ramah dan fast respon.,4,2024-12-18
user_22187,Tas Wanita,"Beli karena review bagus, ternyata zonk.",2,2023-04-17
user_16406,Mouse Wireless,Sudah beli berkali-kali di sini dan selalu puas.,5,2024-03-28
user_22777,Parfum Wanita,"Servis buruk, tidak profesional.",2,2023-07-25
user_13424,Makeup Set,"Mantap, gak nyesel beli di sini.",5,2024-03-29
permataedi,Mouse Wireless,"Warnanya cantik dan tahan lama, puas banget!",5,2024-07-03
user_2855,Makeup Set,Pengiriman cepat dan aman.,5,2023-03-26
zrajasa,Powerbank 10000mAh,Produk original dan kualitasnya premium.,5,2024-08-09
user_493,Kemeja Pria,"Mantap, gak nyesel beli di sini.",5,2023-05-29
user_22140,Flashdisk 64GB,"Mantap, gak nyesel beli di sini.",5,2023-07-11
asmianto50,Keyboard Mechanical,"Pengiriman cepat, packing rapi. Recommended!",5,2024-08-13
d*****9,SKIN1004 Madagascar Centella Ampoule 100ml,"Tekstur:cepat meresap
Daya Serap:baik
Cocok untuk:aman

Bismillah semoga cocok, terimakasih",5,2025-06-12 06:11
user_12586,Lampu Tidur,Rating tinggi tapi kualitas rendah.,2,2024-05-03
user_11936,Powerbank,Tidak direkomendasikan sama sekali.,1,2023-05-07
user_14192,Smartphone Android,Terlalu mahal untuk kualitas seperti ini.,2,2024-05-30
gwibowo,Dompet Kulit,"Packing rapi banget, penjual ramah.",5,2024-07-13
user_21411,Smartphone Android,Terlalu mahal untuk kualitas seperti ini.,1,2023-12-28
user_15568,Flashdisk 64GB,Produk tidak sesuai gambar.,2,2023-02-03
user_7087,Makeup Set,Sudah komplain tapi tidak ada solusi.,1,2023-11-02
user_1307,Keyboard Mechanical,Warna tidak sesuai pesanan.,1,2023-05-09
user_22579,Celana Jeans,Ukuran tidak sesuai deskripsi.,1,2023-07-19
user_3133,Meja Belajar,Pengiriman sangat lama.,2,2024-08-11
user_6158,Kursi Lipat,"Barang cacat, sangat mengecewakan.",2,2024-09-10
user_3133,Powerbank,Tidak direkomendasikan sama sekali.,2,2023-08-14
caturanggahastuti,Tumbler Stainless,"Warnanya cantik dan tahan lama, puas banget!",5,2024-07-04
endrapertiwi,Kaos Oblong,"Sudah belanja beberapa kali, selalu puas.",5,2024-10-03
user_5358,Mouse Wireless,Barang rusak saat diterima.,2,2023-10-25
user_13723,Celana Jeans,Pengiriman sangat lama.,2,2023-01-30
user_22191,Mouse Wireless,Sudah beli berkali-kali di sini dan selalu puas.,5,2023-05-05
user_7986,Lampu Tidur,Packing rapi dan aman sampai tujuan.,5,2023-02-02
user_3090,Celana Jeans,Warna tidak sesuai pesanan.,2,2023-06-06
dmaryadi,Headset Bluetooth,Barang sampai dengan aman dan cepat.,4,2024-10-17
user_7369,Powerbank,Barang rusak saat diterima.,2,2023-08-02
user_7812,Sepatu Sneakers,Penjual tidak merespon chat.,2,2023-12-09
m*****9,HijabChic Melissa Creme Pink Tunic - Tunik Katun Premium Lembut Motif Bunga Cantik Layer Kerut Busui,"Desain:Lumayan
Kenyamanan:Kurang nyaman
Bahan:Tidak menyerap keringat

Bahan yang dipakai tidak 100% katun, dominan ke polyester, sehingga memakainya terasa gerah karena tidak menyerap keringat.
Kainnya juga tipis jadi lumayan menerawang.
Kalau badannya kecil cocok pakai model baju seperti ini, kelihatan imut-imut. Kalau badan gemuk jadi dua kali lipat kelihatan tambah gemuk.
Untuk pelayanan penjual, bagus fast respon.
Yang disayangkan, di deskripsi ditulis bahan katun, ternyata lebih banyak polyesternya.
Menyesal beli karena jadi gak kepake.",2,2025-06-14 18:22
user_11724,Keyboard Mechanical,Packing asal-asalan.,1,2024-07-03
user_14055,Flashdisk 64GB,Packing rapi dan aman sampai tujuan.,4,2024-02-21
user_1193,Meja Belajar,Baru dipakai sebentar sudah rusak.,1,2024-02-26
user_5839,Lampu Tidur,Produk kotor dan tidak layak pakai.,1,2023-03-28
user_12028,Makeup Set,Pengiriman sangat lama.,1,2023-10-05
user_21710,Buku Catatan,Warna tidak sesuai pesanan.,2,2024-04-12
nthamrin,Lipstik Matte,Produk original dan kualitasnya premium.,5,2024-11-28
xwaskita,Jam Tangan Digital,"Sudah belanja beberapa kali, selalu puas.",5,2025-05-18
user_4049,Kemeja Pria,Kualitas di atas ekspektasi saya!,5,2024-05-09
pranowopurwadi,Sandals Pria,"Sesuai deskripsi, kualitas oke dan tahan lama.",5,2024-06-26
user_17800,Jam Tangan Digital,Worth it banget untuk harga segini.,4,2023-02-21
frajata,Sandals Pria,"Packing rapi banget, penjual ramah.",5,2024-11-18
suryatmigalang,Celana Jeans,"Warnanya cantik dan tahan lama, puas banget!",5,2025-05-27
user_21528,Makeup Set,Packing asal-asalan.,2,2023-08-25
lelypurba961,URBAN&CO Essentials Sepatu FlatShoes Slip on Flat Shoes Wanita - Belvia,Salah ambil size 😁jadi kekecilan deh.. Harusnya ambil size 36 biar pas😄,5,2025-06-15 11:08
user_5028,Makeup Set,Barang datang lebih cepat dari perkiraan.,4,2024-02-22
user_11587,Mouse Wireless,"Beli karena review bagus, ternyata zonk.",2,2024-05-03
gnugroho,Keyboard Mechanical,"Packing rapi banget, penjual ramah.",4,2024-11-25
user_13436,Celana Jeans,Sesuai dengan rating dan review yang saya baca.,5,2023-04-19
user_15201,Skincare Serum,Sangat kecewa dengan produk ini.,2,2023-12-10
user_17656,Skincare Serum,Top banget! Bakal order lagi nanti.,5,2024-10-02
suwais,Kemeja Polos,"Sesuai deskripsi, kualitas oke dan tahan lama.",5,2025-03-23
langgeng04,Lipstik Matte,"Sudah belanja beberapa kali, selalu puas.",5,2025-04-04
user_8069,Smartphone Android,Sangat kecewa dengan produk ini.,1,2023-09-01
user_3634,Powerbank,Packing asal-asalan.,2,2024-01-16
user_1700,Jam Tangan Digital,Sudah komplain tapi tidak ada solusi.,1,2023-12-21
evelynaureliaa,SKINTIFIC Mist All Series | All Day Light Sunscreen Mist SPF50 PA++++ 50ml / Outdoor Sunscreen Spray SPF50+ PA++++ 250ml / Instant Glowing First Serum Spray 100ml /  Setting Spray 80ml Lock The Look 16h /  Cooling Spray Pad 160ml,Pesan 2 macam yang datanng 1 macam,1,2025-06-12 19:36
user_18417,Powerbank,Baru dipakai sebentar sudah rusak.,1,2024-08-14
rsudiati,Jam Tangan Digital,"Packing rapi banget, penjual ramah.",4,2025-06-07
lilyfazza05,Tambahan Rumbai / Rempel - Karet Anti Geser - Sprei - Bedcover - Evedaily,"Desain:motif keren menarik
Tekstur:tekstur halus
Warna:bagus sesuai gambar",5,2025-05-22 21:34
mulyantosinaga,Mouse Wireless,"Warnanya cantik dan tahan lama, puas banget!",4,2025-01-12
m*****5,SKIN1004 Madagascar Centella Hyalu-Cica Water-Fit Sun Serum SPF50 PA++++,"Tekstur:cream
Cocok untuk:dikulit saya cocok yg kombinasi
Berat:tidak berat

Buat lembab dan nyaman dipakai",5,2025-06-03 11:22
user_18820,Keyboard Mechanical,"Servis buruk, tidak profesional.",1,2023-04-08
setiawankarsana,Sandals Pria,"Warnanya cantik dan tahan lama, puas banget!",4,2025-06-08
salahudinutama,Sepatu Sneakers,"Packing rapi banget, penjual ramah.",4,2024-06-16
limanlaksmiwati,Parfum Unisex,"Sesuai deskripsi, kualitas oke dan tahan lama.",5,2025-02-25
user_17066,Kursi Lipat,Pengiriman sangat lama.,2,2024-02-19
user_15893,Skincare Serum,Produk tidak sesuai gambar.,2,2024-01-02
user_16113,Powerbank,Sangat direkomendasikan untuk semua orang.,5,2023-02-04
hegahernaka,Promo Bed Cover Full Set Sprei Audrey Garden Mix Olive - Bunga - Hijau - 90x200 - 200x200 - Evedaily,"Desain:menarik
Ukuran:pas
Tekstur:baik

Pengiriman cepat, sesuai dgn ekspektasi, baguuus..",5,2025-05-16 19:46
user_6902,Celana Jeans,Terlalu mahal untuk kualitas seperti ini.,2,2023-06-26
user_24640,Headset Gaming,"Barang cacat, sangat mengecewakan.",1,2024-10-10
user_16863,Smartphone Android,Warna tidak sesuai pesanan.,1,2024-02-20
user_13885,Jam Tangan Digital,Ukuran tidak sesuai deskripsi.,2,2024-12-26
user_3478,Celana Jeans,Barang rusak saat diterima.,2,2024-06-15
user_6757,Lampu Tidur,Sesuai dengan rating dan review yang saya baca.,5,2024-07-12
user_12644,Keyboard Mechanical,Rating tinggi tapi kualitas rendah.,2,2024-10-13
user_24758,Skincare Serum,Sangat direkomendasikan untuk semua orang.,5,2023-02-22
user_24062,Skincare Serum,Warna dan bentuk persis seperti di gambar.,4,2023-12-27
b*****1,[100gr] Racun Petrokum Tikus Mati Kering Tanpa Bau Super Ampuh Pest Control Pembasmi Hama Trap 100 gr Umpan Rat Mouse Poison - OX,"Aroma:terapi
Paket:baik
Fungsi:racun tikus

Alhamdulillah paket datang sesuai estimasi, barang diterima dalam keadaan baik dapat digunakan sebagaimana mestinya, kualitas sepadan dengan harga, terima kasih.",5,2025-06-02 19:22
msihombing,Dompet Kulit,"Sudah belanja beberapa kali, selalu puas.",5,2024-09-04
user_21755,Smartphone Android,Baru dipakai sebentar sudah rusak.,1,2024-07-08
user_12060,Makeup Set,"Barang cacat, sangat mengecewakan.",2,2024-06-15
karta90,Sandals Pria,"Respon penjual cepat, barang dikirim hari itu juga.",4,2025-03-02
parman98,Lipstik Matte,"Sesuai deskripsi, kualitas oke dan tahan lama.",4,2024-09-21
user_22903,Jam Tangan Digital,Penjual tidak merespon chat.,1,2024-07-22
fifiiiii13,Gosh Amaryllis 305 Hand Bag,"Desain:GA DIKIRIM PAPERBAGNYA
Kualitas:GA DIKIRIM PAPERBAGNYA
Kapasitas:GA DIKIRIM PAPERBAGNYA",1,2025-06-13 01:22
purnawatimartani,Lipstik Matte,"Respon penjual cepat, barang dikirim hari itu juga.",4,2024-08-27
user_18824,Lampu Tidur,Sangat kecewa dengan produk ini.,1,2024-03-18
user_2776,Smartphone Android,Sangat kecewa dengan produk ini.,1,2024-07-21
user_23042,Powerbank,"Servis buruk, tidak profesional.",1,2023-09-27
user_2876,Keyboard Mechanical,Barang original dan berkualitas.,5,2023-05-10
user_19207,Powerbank,Harga terjangkau dengan kualitas oke.,4,2023-11-06
annisamaulidina03,Gosh Alessandria 498 Pump Shoes,"Styling:cantik
Kenyamanan:nyaman saat digunakan
Kualitas:tidak licin

cantik pol sepatunya",5,2025-06-08 19:14
user_878,Kemeja Pria,Packing asal-asalan.,2,2023-02-23
user_20914,Tas Wanita,"Puas banget, terima kasih seller!",4,2024-11-05
user_9045,Makeup Set,Pengiriman sangat lama.,1,2024-08-26
saptonodevi,Headset Bluetooth,"Sesuai deskripsi, kualitas oke dan tahan lama.",5,2024-11-26
user_15391,Kaos Polos,Sangat kecewa dengan produk ini.,1,2024-05-28
user_21967,Meja Belajar,Sangat kecewa dengan produk ini.,2,2024-11-29
user_18828,Flashdisk 64GB,Warna tidak sesuai pesanan.,1,2023-06-24
user_8862,Lampu Tidur,Suka banget sama produk ini.,5,2023-01-07
user_11218,Kursi Lipat,Baru dipakai sebentar sudah rusak.,1,2024-04-22
user_13620,Kaos Polos,Sesuai dengan rating dan review yang saya baca.,5,2024-02-10
user_23071,Skincare Serum,Kualitas sangat buruk.,1,2024-10-19
haeria72,Gosh Amaryllis 421 Hand Bag,Alhamdulillah terimakasih paket udah sampai dengan selamat tuk semua biar bintang yang bicara. Barangnya bagus Cuman sayangnya bukan kotak boknya cuman di kotakin pake gardus biasa 🙏🙏,5,2025-06-11 18:47
user_8384,Buku Catatan,"Servis buruk, tidak profesional.",1,2024-11-04
user_652,Smartphone Android,Sangat direkomendasikan untuk semua orang.,5,2024-05-12
user_3340,Mouse Wireless,Sangat kecewa dengan produk ini.,1,2024-07-27
user_9583,Flashdisk 64GB,"Barang cacat, sangat mengecewakan.",2,2023-11-05
user_7693,Skincare Serum,Barang rusak saat diterima.,1,2023-06-14
user_5661,Meja Belajar,Penjual tidak merespon chat.,1,2023-10-29
user_386,Flashdisk 64GB,Pengiriman cepat dan aman.,4,2023-11-09
cahyantousada,Lipstik Matte,Barang sampai dengan aman dan cepat.,5,2025-01-02
user_6838,Buku Catatan,Penjual tidak merespon chat.,2,2023-10-10
user_1374,Skincare Serum,Kualitas sangat buruk.,2,2023-06-17
user_12636,Meja Belajar,Tidak direkomendasikan sama sekali.,1,2023-11-15
user_14827,Celana Jeans,Barang rusak saat diterima.,1,2023-02-21
user_7733,Kemeja Pria,Barang datang lebih cepat dari perkiraan.,5,2024-01-25
spratiwi,Celana Jeans,"Pengiriman cepat, packing rapi. Recommended!",5,2024-06-20
user_15520,Flashdisk 64GB,Ukuran tidak sesuai deskripsi.,2,2023-07-13
user_3134,Keyboard Mechanical,Warna dan bentuk persis seperti di gambar.,5,2023-02-24
user_13180,Kursi Lipat,Worth it banget untuk harga segini.,5,2023-02-08
user_14127,Lampu Tidur,Top banget! Bakal order lagi nanti.,5,2023-12-29
elmamandala,Dompet Kulit,"Pengiriman cepat, packing rapi. Recommended!",5,2025-03-15
user_1455,Flashdisk 64GB,Penjual tidak merespon chat.,1,2023-10-14
user_22642,Smartphone Android,Packing asal-asalan.,1,2024-10-17
user_9387,Mouse Wireless,"Beli karena review bagus, ternyata zonk.",1,2023-09-08
user_23318,Headset Gaming,Ukuran tidak sesuai deskripsi.,1,2023-02-13
user_22128,Kursi Lipat,Rating tinggi tapi kualitas rendah.,1,2024-01-20
user_14021,Lampu Tidur,"Barang cacat, sangat mengecewakan.",2,2024-08-25
user_22396,Meja Belajar,"Barang palsu, bukan original.",1,2024-04-25
user_1615,Lampu Tidur,Warna dan bentuk persis seperti di gambar.,5,2023-08-02
user_13105,Flashdisk 64GB,Pengiriman sangat lama.,1,2023-04-24
user_13,Powerbank,Barang tidak berfungsi dengan baik.,1,2023-03-21
user_3717,Headset Gaming,Ukuran tidak sesuai deskripsi.,2,2024-03-12
hyolanda,Jaket Hoodie,"Warnanya cantik dan tahan lama, puas banget!",5,2024-10-09
lenika29,Sepatu slipon ringan triset,"terima kasih paketnya sudah sampai dengan selamat, sesuai dengan pict 😁 barang ori",5,2021-05-04 09:29
zelayawastuti,Headset Bluetooth,"Produk bagus, bahan adem dan sesuai gambar.",5,2025-03-26
user_21322,Lampu Tidur,Barang rusak saat diterima.,1,2024-08-20
user_18518,Tas Wanita,Ukuran tidak sesuai deskripsi.,2,2024-11-04
respati29,Keyboard Mechanical,"Pengiriman cepat, packing rapi. Recommended!",5,2024-09-22
daru88,Celana Jeans,"Respon penjual cepat, barang dikirim hari itu juga.",5,2025-04-25
user_23898,Parfum Wanita,Barang tidak berfungsi dengan baik.,1,2023-09-29
malikasetiawan,Celana Jeans,"Sudah belanja beberapa kali, selalu puas.",5,2025-05-02
caketjailani,Jam Tangan Digital,"Sudah belanja beberapa kali, selalu puas.",5,2025-04-06
user_12579,Lampu Tidur,Baru dipakai sebentar sudah rusak.,1,2024-11-23
user_15509,Rak Sepatu,Sangat direkomendasikan untuk semua orang.,5,2023-03-14
user_12540,Rak Sepatu,"Barang cacat, sangat mengecewakan.",2,2023-03-14
bakiadimulyani,Lipstik Matte,Barang sampai dengan aman dan cepat.,5,2024-11-30
user_3741,Keyboard Mechanical,Sangat kecewa dengan produk ini.,1,2023-02-26
user_10224,Skincare Serum,Pengiriman sangat lama.,1,2024-03-17
user_23507,Keyboard Mechanical,Sudah komplain tapi tidak ada solusi.,2,2023-07-17
user_21055,Lampu Tidur,"Beli karena review bagus, ternyata zonk.",2,2024-04-06
wwacana,Sepatu Sneakers,"Pengiriman cepat, packing rapi. Recommended!",4,2024-12-14
putuseni0112,SKINTIFIC - 5X Ceramide Low pH Cleanser 80ml |  Skin Barrier Facial Wash Cleanser Face Wash Sabun Cuci Muka Acner Glowing Barrier Anti-Aging Brightening Whitening Calming Peeling Dark Spot cleanser with Ceramide Amino acid Hyaluronic a,"Tekstur:sangat lembut dan nyaman
Keaslian:prodyk asli sesuai dgn pabrikan
Kenyamanan:bahan sangat lembut dan nyaman dipakai

Cocok u tuk membersihkan kulit wajah",5,2025-06-13 09:50
user_14483,Smartphone Android,Tidak direkomendasikan sama sekali.,2,2023-01-30
user_9673,Sepatu Sneakers,Harga terjangkau dengan kualitas oke.,4,2024-11-21
user_8723,Jam Tangan Digital,Produk sangat bagus dan sesuai deskripsi!,4,2023-02-06
user_14999,Skincare Serum,Pengiriman sangat lama.,1,2023-06-30
user_8226,Kaos Polos,Baru dipakai sebentar sudah rusak.,1,2023-10-27
eva20,Headset Bluetooth,"Packing rapi banget, penjual ramah.",5,2025-04-21
user_24746,Kemeja Pria,Sangat kecewa dengan produk ini.,1,2023-02-09
user_16020,Meja Belajar,Tidak direkomendasikan sama sekali.,1,2023-10-30
silviatamba,Headset Bluetooth,Produk original dan kualitasnya premium.,5,2024-06-18
user_10596,Lampu Tidur,Warna dan bentuk persis seperti di gambar.,5,2024-04-17
fathonah15,Dompet Kulit,Barang sampai dengan aman dan cepat.,4,2024-08-28
user_1610,Celana Jeans,Baru dipakai sebentar sudah rusak.,1,2023-10-01
user_11354,Makeup Set,Produk sangat bagus dan sesuai deskripsi!,4,2024-10-15
vnajmudin,Headset Bluetooth,"Respon penjual cepat, barang dikirim hari itu juga.",5,2025-05-23
ltarihoran,Kemeja Polos,"Sudah belanja beberapa kali, selalu puas.",5,2024-11-21
user_12849,Lampu Tidur,Pengiriman sangat lama.,1,2023-05-15
user_9341,Rak Sepatu,Worth it banget untuk harga segini.,5,2023-02-20
user_1896,Buku Catatan,Pengiriman sangat lama.,2,2023-08-10
user_7832,Powerbank,Sangat kecewa dengan produk ini.,2,2024-06-07
user_20901,Lampu Tidur,Penjual sangat ramah dan fast respon.,5,2024-07-12
user_14849,Rak Sepatu,Produk kotor dan tidak layak pakai.,1,2023-12-26
user_19339,Tas Wanita,Sudah beli berkali-kali di sini dan selalu puas.,4,2023-02-24
user_5622,Parfum Wanita,Warna tidak sesuai pesanan.,1,2024-08-19
user_9054,Powerbank,"Pelayanan cepat, packing aman, produk oke!",5,2023-01-04
user_15987,Kaos Polos,Penjual tidak merespon chat.,2,2024-01-18
user_24281,Buku Catatan,Packing asal-asalan.,1,2024-06-26
user_21252,Kursi Lipat,Sudah komplain tapi tidak ada solusi.,2,2023-03-28
dasa98,Powerbank 10000mAh,"Warnanya cantik dan tahan lama, puas banget!",5,2025-04-25
violethutagalung,Sepatu Sneakers,"Warnanya cantik dan tahan lama, puas banget!",5,2025-05-28
user_19322,Skincare Serum,Packing rapi dan aman sampai tujuan.,5,2024-02-09
daliminprastuti,Sandals Pria,"Produk bagus, bahan adem dan sesuai gambar.",5,2024-07-13
user_14803,Mouse Wireless,Barang tidak berfungsi dengan baik.,1,2024-07-12
user_2253,Tas Wanita,"Barang cacat, sangat mengecewakan.",1,2024-04-03
user_22145,Kemeja Pria,Barang rusak saat diterima.,2,2023-10-14
user_3435,Lampu Tidur,Ukuran pas dan sesuai pesanan.,5,2024-05-14
user_1480,Parfum Wanita,Top banget! Bakal order lagi nanti.,5,2024-05-21
user_2527,Lampu Tidur,Baru dipakai sebentar sudah rusak.,1,2024-04-04
user_4962,Flashdisk 64GB,Ukuran pas dan sesuai pesanan.,5,2023-03-27
estiawan38,Tumbler Stainless,"Harga terjangkau, kualitas mantap!",5,2024-11-06
pwasita,Headset Bluetooth,"Sudah belanja beberapa kali, selalu puas.",5,2025-06-11
user_10606,Powerbank,"Servis buruk, tidak profesional.",1,2023-04-03
user_6625,Kursi Lipat,Sangat kecewa dengan produk ini.,1,2024-08-07
user_13326,Meja Belajar,Penjual tidak merespon chat.,2,2024-01-14
user_22989,Flashdisk 64GB,Packing rapi dan aman sampai tujuan.,4,2024-09-26
user_22743,Rak Sepatu,Kualitas sangat buruk.,1,2023-12-09
user_19064,Meja Belajar,Sangat direkomendasikan untuk semua orang.,5,2023-06-29
user_24791,Keyboard Mechanical,Baru dipakai sebentar sudah rusak.,2,2023-08-21
user_14134,Kaos Polos,Warna tidak sesuai pesanan.,1,2023-02-14
user_18202,Keyboard Mechanical,"Mantap, gak nyesel beli di sini.",4,2023-03-18
padmasaridrajat,Tumbler Stainless,Barang sampai dengan aman dan cepat.,5,2024-11-17
user_11282,Powerbank,Warna tidak sesuai pesanan.,2,2024-04-17
user_15126,Mouse Wireless,Barang rusak saat diterima.,1,2023-04-27
riyantidariati,Sepatu Sneakers,"Sesuai deskripsi, kualitas oke dan tahan lama.",5,2024-10-27
user_23720,Kemeja Pria,Pengiriman sangat lama.,2,2023-06-23
user_22169,Lampu Tidur,Rating tinggi tapi kualitas rendah.,2,2024-11-02
user_8893,Kemeja Pria,"Barang cacat, sangat mengecewakan.",2,2023-05-26
user_18162,Mouse Wireless,Sangat kecewa dengan produk ini.,2,2023-09-07
user_24796,Celana Jeans,"Beli karena review bagus, ternyata zonk.",2,2024-06-07
user_8306,Sepatu Sneakers,Barang rusak saat diterima.,1,2024-04-20
user_20212,Kemeja Pria,Penjual tidak merespon chat.,1,2023-12-20
user_19548,Mouse Wireless,"Beli karena review bagus, ternyata zonk.",1,2023-09-09
user_2395,Keyboard Mechanical,Top banget! Bakal order lagi nanti.,5,2023-07-01
gdabukke,Kemeja Polos,"Harga terjangkau, kualitas mantap!",4,2025-02-17
user_17242,Makeup Set,Rating tinggi tapi kualitas rendah.,1,2024-02-13
user_12357,Buku Catatan,"Mantap, gak nyesel beli di sini.",5,2023-07-16
budiyantoalambana,Tas Ransel,Produk original dan kualitasnya premium.,5,2025-05-30
user_21775,Tas Wanita,"Barang cacat, sangat mengecewakan.",1,2023-11-08
user_10181,Celana Jeans,"Barang cacat, sangat mengecewakan.",2,2024-12-17
user_8920,Buku Catatan,Sudah komplain tapi tidak ada solusi.,2,2024-12-27
simbolonzahra,Dompet Kulit,"Respon penjual cepat, barang dikirim hari itu juga.",4,2024-10-24
megantaraana,Sepatu Sneakers,Produk original dan kualitasnya premium.,5,2025-02-04
user_22928,Kemeja Pria,"Servis buruk, tidak profesional.",1,2023-01-23
user_24866,Powerbank,Ukuran tidak sesuai deskripsi.,1,2023-11-07
celinecantik449,[New Launch] SKINTIFlC - Invisiblur All Day Loose Powder | Bedak Tabur Setting Powder Foundation Bedak padat 16H Oil Control Perfect Blur Flawless Skin Sweat-proof Water-proof focallure,"Packingan buruk
Exp terlalu dekat!!
Pengiriman lambat",1,2025-06-12 20:06
user_7230,Parfum Wanita,Worth it banget untuk harga segini.,5,2023-08-10
user_9076,Jam Tangan Digital,"Barang palsu, bukan original.",1,2023-01-19
rpudjiastuti,Dompet Kulit,"Sesuai deskripsi, kualitas oke dan tahan lama.",5,2025-01-10
user_14398,Headset Gaming,Top banget! Bakal order lagi nanti.,5,2024-12-12
user_21556,Buku Catatan,"Barang palsu, bukan original.",2,2024-09-03
user_2081,Headset Gaming,"Puas banget, terima kasih seller!",5,2024-05-16
user_15580,Kursi Lipat,Worth it banget untuk harga segini.,5,2023-02-25
user_11729,Meja Belajar,Sangat kecewa dengan produk ini.,2,2024-09-07
fifiiiii13,Gosh Amaryllis 305 Hand Bag,"Desain:GA DIKIRIM PAPERBAGNYA
Kualitas:GA DIKIRIM PAPERBAGNYA
Kapasitas:GA DIKIRIM PAPERBAGNYA",1,2025-06-13 01:22
hanakimmye,Bed Cover Set Serenity Marble Mix Biru Waardaah - 90x200 - 200x200 - Evedaily,"Tekstur:sangat lembut dan nyaman
Kenyamanan:terasa sejuk saat di pakai
Desain:motif yang lucu dan menarik

Bagus motif nya sukaaa.. Terimakasih",5,2025-05-26 14:41
user_2921,Lampu Tidur,Penjual tidak merespon chat.,2,2023-01-21
wfirgantoro,Celana Jeans,"Sesuai deskripsi, kualitas oke dan tahan lama.",5,2024-07-09
djanuar,Powerbank 10000mAh,"Pengiriman cepat, packing rapi. Recommended!",4,2024-11-23
user_11246,Mouse Wireless,Warna tidak sesuai pesanan.,2,2023-08-20
user_16209,Powerbank,Produk tidak sesuai gambar.,1,2023-08-13
user_24894,Celana Jeans,Baru dipakai sebentar sudah rusak.,2,2023-12-05
user_17670,Headset Gaming,"Barang cacat, sangat mengecewakan.",2,2024-03-23
jnasyiah,Kaos Oblong,"Sudah belanja beberapa kali, selalu puas.",4,2025-01-06
tini.fitria10,SKINTIFIC - 377 Dark Spot 2pcs Set | Moisture Gel 30g + Serum 20ml | Niacinamide Brightening Tranexamic Acid Lightening Acne Glowing Barrier Anti-Aging Brightening Whitening Blackhead Removal Peeling Paket-Skincare,"Tekstur:balum tau
Daya Serap:belum dicoba
Keaslian:kurang tau

Pengiriman sangat cepat...harga terjangmau..pengemasan rapi...
Semoga cocok untuk menghilangkan flek dan kusam wajah",5,2025-05-27 20:44
veromegantara,Dompet Kulit,"Respon penjual cepat, barang dikirim hari itu juga.",5,2025-04-13
user_16228,Buku Catatan,Baru dipakai sebentar sudah rusak.,2,2024-08-17
user_14529,Kemeja Pria,Sudah beli berkali-kali di sini dan selalu puas.,5,2024-03-20
user_12830,Lampu Tidur,"Barang palsu, bukan original.",2,2024-08-08
user_18360,Tas Wanita,Barang rusak saat diterima.,2,2024-03-21
inapitupulu,Tumbler Stainless,"Packing rapi banget, penjual ramah.",5,2025-05-23
user_560,Mouse Wireless,Sudah beli berkali-kali di sini dan selalu puas.,5,2024-06-11
user_24102,Powerbank,Tidak direkomendasikan sama sekali.,1,2023-01-21
sitorusifa,Celana Jeans,"Sesuai deskripsi, kualitas oke dan tahan lama.",4,2024-08-12
user_187,Powerbank,Barang original dan berkualitas.,5,2024-06-13
user_19736,Kursi Lipat,Baru dipakai sebentar sudah rusak.,1,2024-03-31
user_12588,Rak Sepatu,Ukuran tidak sesuai deskripsi.,1,2024-05-08
user_24642,Powerbank,Kualitas sangat buruk.,2,2023-09-05
user_16209,Mouse Wireless,Tidak direkomendasikan sama sekali.,1,2024-01-21
user_17690,Tas Wanita,Barang original dan berkualitas.,4,2023-06-22
user_16426,Makeup Set,"Barang cacat, sangat mengecewakan.",2,2023-05-06
dodomangunsong,Jam Tangan Digital,"Warnanya cantik dan tahan lama, puas banget!",4,2024-12-15
wwijayanti,Celana Jeans,"Harga terjangkau, kualitas mantap!",5,2025-04-04
user_14187,Mouse Wireless,Penjual sangat ramah dan fast respon.,5,2023-01-16
prasetyapudjiastuti,Celana Jeans,"Respon penjual cepat, barang dikirim hari itu juga.",5,2025-05-30
halimautama,Jam Tangan Digital,Barang sampai dengan aman dan cepat.,5,2025-02-03
user_8749,Rak Sepatu,Rating tinggi tapi kualitas rendah.,2,2024-11-04
firgantorobakda,Sepatu Sneakers,"Pengiriman cepat, packing rapi. Recommended!",5,2024-07-21
user_7240,Mouse Wireless,Sudah beli berkali-kali di sini dan selalu puas.,4,2023-12-06
erik22,Celana Jeans,"Sesuai deskripsi, kualitas oke dan tahan lama.",5,2024-11-27
user_5502,Flashdisk 64GB,"Servis buruk, tidak profesional.",2,2024-10-05
user_19242,Headset Gaming,Pengiriman cepat dan aman.,5,2023-11-23
user_21431,Kursi Lipat,"Servis buruk, tidak profesional.",1,2024-12-25
user_20997,Lampu Tidur,Sangat kecewa dengan produk ini.,1,2024-05-17
user_23803,Flashdisk 64GB,Warna tidak sesuai pesanan.,1,2023-01-20
user_19923,Powerbank,Suka banget sama produk ini.,5,2023-01-27
aurora06,Keyboard Mechanical,"Sesuai deskripsi, kualitas oke dan tahan lama.",5,2024-08-13
user_1990,Skincare Serum,"Barang palsu, bukan original.",2,2024-05-25
user_2394,Smartphone Android,Barang tidak berfungsi dengan baik.,2,2023-10-08
jono67,Powerbank 10000mAh,"Packing rapi banget, penjual ramah.",5,2025-01-06
user_8480,Kaos Polos,"Pelayanan cepat, packing aman, produk oke!",4,2023-02-09
user_8876,Lampu Tidur,Pengiriman cepat dan aman.,5,2024-10-24
user_6779,Kaos Polos,"Barang cacat, sangat mengecewakan.",2,2023-05-06
karimahnuraini,Jam Tangan Digital,"Pengiriman cepat, packing rapi. Recommended!",4,2024-11-27
iragading,Nevada Phy002 Sandal Slipper Wanita 113962947,Mampir yuk di toko kami menjual busana muslim modern,5,2025-06-12 05:51
user_22583,Lampu Tidur,Produk sangat bagus dan sesuai deskripsi!,4,2024-04-19
user_15513,Headset Gaming,Produk kotor dan tidak layak pakai.,1,2023-06-25
hakimhamzah,Headset Bluetooth,Produk original dan kualitasnya premium.,5,2024-07-16
user_20971,Meja Belajar,Pengiriman sangat lama.,1,2024-06-29
user_18349,Skincare Serum,"Barang palsu, bukan original.",2,2023-12-18
user_3916,Kursi Lipat,Barang tidak berfungsi dengan baik.,1,2023-01-29
user_10806,Tas Wanita,Barang datang lebih cepat dari perkiraan.,5,2023-09-14
user_22996,Celana Jeans,Warna tidak sesuai pesanan.,1,2024-02-29
candra12,Tas Ransel,"Sudah belanja beberapa kali, selalu puas.",4,2025-01-16
irmayolanda,Parfum Unisex,"Sudah belanja beberapa kali, selalu puas.",4,2025-01-03
user_8899,Flashdisk 64GB,Baru dipakai sebentar sudah rusak.,1,2024-05-29
user_15222,Celana Jeans,Terlalu mahal untuk kualitas seperti ini.,2,2024-04-21
user_18322,Kursi Lipat,Pengiriman cepat dan aman.,5,2024-08-26
user_464,Meja Belajar,Kualitas sangat buruk.,1,2023-04-05
user_1823,Celana Jeans,"Barang palsu, bukan original.",1,2024-06-18
oadriansyah,Celana Jeans,"Produk bagus, bahan adem dan sesuai gambar.",5,2024-07-14
user_2259,Celana Jeans,Baru dipakai sebentar sudah rusak.,1,2023-03-03
astrid5857,URBAN&CO Woman Sepatu Wanita Hak TInggi Wedges - Charlote,"Durabilitas:kualitasnya bagus
Kenyamanan:nyaman
Desain:menarik

Harus up 1 nomor di atas dari ukuran kaki",5,2025-06-13 12:31
user_14364,Buku Catatan,Sangat kecewa dengan produk ini.,1,2024-06-19
user_17194,Makeup Set,Barang tidak berfungsi dengan baik.,2,2023-02-08
jprasasta,Kaos Oblong,"Packing rapi banget, penjual ramah.",4,2025-06-13
user_23896,Powerbank,Kualitas sangat buruk.,2,2023-09-19
setiawanpaiman,Headset Bluetooth,oke produk ori kualitas bagus oke worth it wangi,4,2025-04-28
user_868,Rak Sepatu,Terlalu mahal untuk kualitas seperti ini.,1,2024-07-17
user_8435,Jam Tangan Digital,Tidak direkomendasikan sama sekali.,1,2023-08-07
user_9116,Headset Gaming,Rating tinggi tapi kualitas rendah.,1,2024-05-31
ositumorang,Parfum Unisex,"Sudah belanja beberapa kali, selalu puas.",4,2025-06-06
user_23427,Parfum Wanita,Pengiriman cepat dan aman.,4,2023-05-25
user_23078,Lampu Tidur,Produk kotor dan tidak layak pakai.,1,2023-12-20
user_21718,Lampu Tidur,Penjual tidak merespon chat.,1,2024-08-28
user_5089,Headset Gaming,Warna dan bentuk persis seperti di gambar.,5,2023-08-15
galakbudiyanto,Tumbler Stainless,"Packing rapi banget, penjual ramah.",4,2024-10-16
user_23724,Kaos Polos,Kualitas sangat buruk.,1,2024-09-17
user_13872,Makeup Set,Sudah komplain tapi tidak ada solusi.,2,2024-02-18
budimanmartani,Dompet Kulit,"Warnanya cantik dan tahan lama, puas banget!",5,2024-09-20
user_1983,Tas Wanita,Pengiriman sangat lama.,1,2023-09-21
user_11996,Skincare Serum,Rating tinggi tapi kualitas rendah.,2,2023-05-03
user_24178,Kaos Polos,Produk tidak sesuai gambar.,1,2024-09-13
user_17165,Mouse Wireless,Terlalu mahal untuk kualitas seperti ini.,2,2024-08-21
malik92,Dompet Kulit,Barang sampai dengan aman dan cepat.,5,2025-05-06
rajasakiandra,Headset Bluetooth,Produk original dan kualitasnya premium.,5,2024-08-04
user_24773,Makeup Set,Packing asal-asalan.,2,2023-11-03
user_3138,Buku Catatan,Terlalu mahal untuk kualitas seperti ini.,2,2024-01-27
user_18365,Sepatu Sneakers,Ukuran tidak sesuai deskripsi.,2,2024-05-20
user_19850,Buku Catatan,Sangat kecewa dengan produk ini.,1,2024-08-24
user_5066,Kemeja Pria,Sesuai dengan rating dan review yang saya baca.,5,2024-11-03
user_10533,Meja Belajar,Penjual tidak merespon chat.,1,2023-11-21
user_5218,Powerbank,Produk kotor dan tidak layak pakai.,2,2024-09-28
sihombingfebi,Dompet Kulit,"Pengiriman cepat, packing rapi. Recommended!",5,2025-06-06
user_4414,Mouse Wireless,Barang rusak saat diterima.,2,2023-12-26
s*****1,Oneda Tracy Tas Selempang Wanita Slempang Cewek #S2001,"bagus banget packing aman juga, ndak nyesel beli oneda akhirnyaa🥹sukak😍",5,2025-06-11 19:35
user_2531,Makeup Set,Ukuran tidak sesuai deskripsi.,1,2023-12-20
user_2972,Smartphone Android,Barang rusak saat diterima.,2,2024-06-04
user_19992,Celana Jeans,Penjual sangat ramah dan fast respon.,4,2024-11-22
natalia86,Keyboard Mechanical,Barang sampai dengan aman dan cepat.,5,2024-08-10
user_11469,Mouse Wireless,Packing asal-asalan.,1,2024-06-26
user_13122,Jam Tangan Digital,Warna dan bentuk persis seperti di gambar.,5,2024-04-06
n*****y,Gosh Zinnia 434 Backpack,"Desain:biasa
Kapasitas:biasa
Pas untuk Acara:untuk school, jalan² juga oke

kok GOSH semakin kesini kwalitasnya kurang..
g seperti dulu Krn saya pengguna gosh dari zaman saya masih SMP, dan sekarang turun ke anak saya
minta tolong kwalitasnya dijaga

untuk jas akirim paket sudah terkoyak dan sepertinya sudah dibuka paketnya",2,2025-06-10 11:41
liliutami,Powerbank 10000mAh,"Respon penjual cepat, barang dikirim hari itu juga.",5,2024-09-10
user_4028,Buku Catatan,Terlalu mahal untuk kualitas seperti ini.,1,2024-03-28
user_11484,Sepatu Sneakers,"Beli karena review bagus, ternyata zonk.",2,2023-05-04
user_17931,Celana Jeans,Kualitas sangat buruk.,1,2024-11-23
user_24318,Meja Belajar,Barang rusak saat diterima.,2,2023-09-13
xnatsir,Tas Ransel,"Produk bagus, bahan adem dan sesuai gambar.",5,2024-08-18
khayla2003almira,Sandal Jepit Anak LED Nevada Disney,Realpict anak ku suka sukses selalu buat tokonya,5,2024-03-14 12:06
jtfjpr,Sandal Wedges Anak LED Nevada Disney,"Warna:biru
Tampilan:perfect

owner jujur
barang memuaskan😍😍😍",5,2024-04-09 03:40
user_4811,Kaos Polos,Terlalu mahal untuk kualitas seperti ini.,1,2024-04-10
user_5170,Celana Jeans,Kualitas sangat buruk.,2,2023-10-08
user_7123,Smartphone Android,Packing rapi dan aman sampai tujuan.,4,2023-04-07
user_771,Headset Gaming,Produk kotor dan tidak layak pakai.,1,2024-07-01
dyolanda,Celana Jeans,"Warnanya cantik dan tahan lama, puas banget!",5,2024-08-02
user_21198,Sepatu Sneakers,"Servis buruk, tidak profesional.",2,2023-03-01
raden55,Celana Jeans,"Produk bagus, bahan adem dan sesuai gambar.",5,2024-12-12
user_11975,Tas Wanita,Terlalu mahal untuk kualitas seperti ini.,1,2023-11-07
karimahrahmawati,Dompet Kulit,"Produk bagus, bahan adem dan sesuai gambar.",5,2025-04-15
rangga52,Parfum Unisex,"Produk bagus, bahan adem dan sesuai gambar.",4,2025-01-18
namagataswir,Sandals Pria,"Sudah belanja beberapa kali, selalu puas.",5,2024-12-17
fifinlusianti,URBAN&CO Nioko Basic Loafers Flatshoes Sepatu Kerja Slip On Wanita Kekinian,Buat kado orang kardus kok penyok 😡 tidak diwrapping,1,2025-06-14 19:18
dhisnygiovannypramuditha,"( HARGA PROMO )kursi lipat lesehan, kursi Lesehan "" OSCAR""ini","Desain:mirip yg di gambar
Ukuran:kecil banget ini mah buat anak kecil

Busa nya tipis banget, sama aja kayak duduk di lantai gak berasa ada alasnya",2,2025-04-29 19:11
user_5347,Buku Catatan,Packing asal-asalan.,1,2024-03-31
user_6641,Sepatu Sneakers,Penjual tidak merespon chat.,1,2024-05-20
user_24797,Meja Belajar,Penjual tidak merespon chat.,1,2024-12-08
haryantidamar,Kemeja Polos,Produk original dan kualitasnya premium.,4,2024-10-26
imamprakasa,Parfum Unisex,"Sesuai deskripsi, kualitas oke dan tahan lama.",4,2025-06-09
user_4598,Buku Catatan,Penjual sangat ramah dan fast respon.,4,2023-02-19
user_5226,Celana Jeans,Produk tidak sesuai gambar.,1,2023-11-28
endahhardiansyah,Headset Bluetooth,"Pengiriman cepat, packing rapi. Recommended!",5,2024-11-02
aanharnanto,Sepatu slip ringan dewasa (36-40),"Ga jadi tukar kak...
Recommended seller, Good produk, Quick respon, Fast delivery & Thank You.",5,2021-12-08 09:52
user_11524,Keyboard Mechanical,"Beli karena review bagus, ternyata zonk.",2,2023-02-18
jnapitupulu,Lipstik Matte,Barang sampai dengan aman dan cepat.,4,2025-04-30
aslijan13,Tas Ransel,"Sesuai deskripsi, kualitas oke dan tahan lama.",4,2024-07-25
user_17931,Meja Belajar,"Barang cacat, sangat mengecewakan.",2,2023-11-18
user_20071,Makeup Set,Baru dipakai sebentar sudah rusak.,2,2023-06-26
ardiantousyi,Headset Bluetooth,murah terjangkau oke bagus sesuai worth it,5,2025-05-25
user_18158,Headset Gaming,Warna tidak sesuai pesanan.,2,2023-05-15
user_7802,Kursi Lipat,"Servis buruk, tidak profesional.",1,2023-03-17
user_631,Kaos Polos,Penjual tidak merespon chat.,2,2023-10-13
user_15102,Headset Gaming,"Barang cacat, sangat mengecewakan.",2,2024-03-13
user_8276,Kursi Lipat,Rating tinggi tapi kualitas rendah.,2,2024-02-01
user_10784,Parfum Wanita,Worth it banget untuk harga segini.,5,2024-03-31
user_9051,Skincare Serum,Produk kotor dan tidak layak pakai.,1,2024-02-25
user_20371,Flashdisk 64GB,"Barang palsu, bukan original.",2,2024-09-29
user_19132,Lampu Tidur,Warna tidak sesuai pesanan.,2,2023-03-27
user_14305,Smartphone Android,Sangat kecewa dengan produk ini.,1,2024-09-19
user_18369,Jam Tangan Digital,Produk kotor dan tidak layak pakai.,1,2023-07-01
user_4886,Lampu Tidur,Produk kotor dan tidak layak pakai.,2,2024-12-08
user_15149,Lampu Tidur,Pengiriman cepat dan aman.,4,2023-02-10
user_12911,Powerbank,Harga terjangkau dengan kualitas oke.,4,2023-02-17
lailasarimustofa,Kaos Oblong,Barang sampai dengan aman dan cepat.,5,2024-09-10
user_4599,Flashdisk 64GB,Produk tidak sesuai gambar.,2,2024-03-11
user_1037,Kaos Polos,Kualitas sangat buruk.,2,2023-01-24
user_16822,Mouse Wireless,"Barang palsu, bukan original.",1,2024-12-22
user_8441,Keyboard Mechanical,Sudah komplain tapi tidak ada solusi.,2,2023-06-02
user_21366,Skincare Serum,Barang rusak saat diterima.,1,2024-04-19
user_16420,Flashdisk 64GB,Rating tinggi tapi kualitas rendah.,2,2024-11-22
rsalahudin,Sandals Pria,"Sesuai deskripsi, kualitas oke dan tahan lama.",5,2024-08-28
user_17783,Kemeja Pria,Worth it banget untuk harga segini.,5,2024-08-04
emanhidayat,Headset Bluetooth,"Sudah belanja beberapa kali, selalu puas.",5,2024-09-28
wgunarto,Lipstik Matte,Barang sampai dengan aman dan cepat.,5,2025-05-25
user_8810,Makeup Set,Produk tidak sesuai gambar.,2,2023-03-10
aisyahharahap890,[ ! TERBATAS ! ] SKINTIFIC -  12% Acid Peeling Solution Glowing Serum 30ml | Eksfoliasi Wajah  Exfoliasi Exfoliating Serum Essence Penghalusan Kulit  Mengangkat Sel Kulit Mati Membersihkan Anti Acne Mencerahkan Jerawat Dark Spot Mengencangkan Kulit,"Aroma:aromanya aneh bau gitu
Efek:pas di pake muka saya panas trus merah"" ngk tau apa karna ngk cocok udh mahal pula eh malah ngk cocok buat kalian kalo mau beli mikir"" deh",2,2025-06-11 21:15
user_4323,Mouse Wireless,Penjual tidak merespon chat.,2,2024-08-22
user_11867,Meja Belajar,Penjual tidak merespon chat.,1,2024-11-03
user_6775,Flashdisk 64GB,Rating tinggi tapi kualitas rendah.,1,2024-02-14
user_995,Headset Gaming,Kualitas di atas ekspektasi saya!,4,2023-12-26
nofar023,Gosh Lunaria 377 Shoulder Bag,"Kapasitas:Toko tidak amanah
Kualitas:bagus

Saya pesan tas dengan paperbag, yang di kirimnya cuman tas aja, paperbag nya tidak ada",1,2025-06-01 19:19
user_1714,Kursi Lipat,Ukuran tidak sesuai deskripsi.,2,2024-08-18
user_4751,Sepatu Sneakers,Penjual sangat ramah dan fast respon.,5,2024-01-22
yuniarenteng,Tas Ransel,"Produk bagus, bahan adem dan sesuai gambar.",4,2024-07-03
user_22119,Sepatu Sneakers,Produk kotor dan tidak layak pakai.,1,2023-08-13
user_14435,Flashdisk 64GB,Ukuran tidak sesuai deskripsi.,1,2023-01-28
leo11,Mouse Wireless,Produk original dan kualitasnya premium.,4,2024-08-13
user_2959,Tas Wanita,Barang rusak saat diterima.,1,2023-06-22
qmandala,Jaket Hoodie,"Respon penjual cepat, barang dikirim hari itu juga.",5,2024-11-21
jumadinurdiyanti,Kaos Oblong,Produk original dan kualitasnya premium.,4,2025-06-05
emil46,Keyboard Mechanical,"Sudah belanja beberapa kali, selalu puas.",5,2024-09-26
user_22516,Parfum Wanita,Produk tidak sesuai gambar.,2,2024-06-22
user_19254,Kursi Lipat,"Beli karena review bagus, ternyata zonk.",1,2024-09-14
user_8281,Kemeja Pria,Warna dan bentuk persis seperti di gambar.,4,2024-02-13
rahmanpratiwi,Sandals Pria,"Pengiriman cepat, packing rapi. Recommended!",5,2024-10-26
user_9769,Flashdisk 64GB,Pengiriman cepat dan aman.,4,2023-03-19
ira25,Celana Jeans,"Respon penjual cepat, barang dikirim hari itu juga.",4,2024-07-02
user_8962,Smartphone Android,"Puas banget, terima kasih seller!",5,2023-04-26
user_18282,Smartphone Android,Tidak direkomendasikan sama sekali.,2,2023-12-27
fifiiiii13,"Gosh Paperbag 005 (TIDAK DIJUAL PPBG AJA, ORDER HARUS SESUAI QUANTITY PEMBELIAN PRODUK)","Desain:GA DIKIRIM PAPERBAGNYA
Ukuran:GA DIKIRIM PAPERBAGNYA
Keaslian:GA DIKIRIM PAPERBAGNYA",1,2025-06-13 01:22
user_764,Flashdisk 64GB,Suka banget sama produk ini.,5,2024-10-07
prabowo31,Sepatu Sneakers,"Produk bagus, bahan adem dan sesuai gambar.",4,2025-06-07
ysinaga,Tumbler Stainless,"Produk bagus, bahan adem dan sesuai gambar.",5,2025-04-02
desi281278,HijabChic Damia Lilac Pink Top - Atasan Muslim Stripe Daily Simple Lengan Pof Best Seller Terbaru,"Warna:agak buram, bahannya mudah kusut",5,2025-06-14 17:06
user_19621,Buku Catatan,Penjual tidak merespon chat.,2,2024-03-29
user_13413,Celana Jeans,"Servis buruk, tidak profesional.",1,2024-07-12
kembapalastri,Kaos Oblong,"Sudah belanja beberapa kali, selalu puas.",5,2025-01-22
user_7074,Kaos Polos,Produk tidak sesuai gambar.,2,2023-05-09
user_7623,Buku Catatan,Worth it banget untuk harga segini.,5,2024-04-13
citradwi_,GIFT ESQA Lip Gloss - Mauve Mood,"Tekstur:bagus
Warna:bagus
Kualitas:bagus

Sukaaaa",5,2025-06-13 05:18
nyulianti,Sandals Pria,"Respon penjual cepat, barang dikirim hari itu juga.",5,2024-08-14
ytarihoran,Dompet Kulit,Produk original dan kualitasnya premium.,5,2024-07-24
sitiaminahhl,Gio Saverino Sepatu Flat Shoes Sling Back Wanita Mewah Marimar,Sesuai pesanan,5,2025-06-12 17:48
timbulrahimah,Parfum Unisex,Barang sampai dengan aman dan cepat.,5,2024-11-28
pmardhiyah,Kemeja Polos,"Harga terjangkau, kualitas mantap!",5,2025-03-20
user_14886,Keyboard Mechanical,"Mantap, gak nyesel beli di sini.",5,2024-06-19
user_20668,Kursi Lipat,Terlalu mahal untuk kualitas seperti ini.,2,2023-03-08
user_16859,Kemeja Pria,Sangat direkomendasikan untuk semua orang.,5,2024-12-23
erahimah,Keyboard Mechanical,"Sesuai deskripsi, kualitas oke dan tahan lama.",5,2024-11-03
user_3685,Tas Wanita,"Servis buruk, tidak profesional.",1,2024-11-08
user_6134,Powerbank,Barang rusak saat diterima.,2,2023-12-12
zulkarnaintami,Lipstik Matte,"Packing rapi banget, penjual ramah.",4,2025-04-18
anurdiyanti,Sandals Pria,"Respon penjual cepat, barang dikirim hari itu juga.",5,2025-02-17
user_23724,Powerbank,Harga terjangkau dengan kualitas oke.,4,2024-08-01
rahayulukita,Kemeja Polos,"Produk bagus, bahan adem dan sesuai gambar.",4,2025-01-12
user_16999,Sepatu Sneakers,Packing asal-asalan.,1,2024-04-07
clarossax,Gio Saverino Sepatu Wanita Flat Shoes Wanita Korea Kekinian Sakura Sepatu Cewek,"Desain:bagus banget
Warna:bagus
Kenyamanan:nyaman

murah banget untuk kualitas sebagus ini.",5,2025-06-12 13:39
iswahyudibaktianto,Sepatu Sneakers,Barang sampai dengan aman dan cepat.,5,2025-05-14
user_22789,Celana Jeans,Ukuran tidak sesuai deskripsi.,1,2024-04-16
user_6749,Mouse Wireless,Packing asal-asalan.,2,2024-11-13
user_12571,Mouse Wireless,Packing asal-asalan.,1,2024-04-12
user_20654,Tas Wanita,"Beli karena review bagus, ternyata zonk.",1,2023-08-13
user_23478,Headset Gaming,Produk sangat bagus dan sesuai deskripsi!,4,2023-05-23
user_8333,Powerbank,Sangat puas dengan pelayanan toko ini.,5,2024-11-22
user_47,Parfum Wanita,"Beli karena review bagus, ternyata zonk.",2,2023-12-29
irfan71,Tas Ransel,"Sesuai deskripsi, kualitas oke dan tahan lama.",4,2024-11-16
jsirait,Dompet Kulit,Barang sampai dengan aman dan cepat.,5,2024-10-28
user_10505,Celana Jeans,Worth it banget untuk harga segini.,5,2023-05-01
anhy310891,URBAN&CO Belvia Essentials Flatshoes Sepatu Kerja Slip On Wanita Kekinian,"Desain:bgus
Warna:hitam
Kenyamanan:kurang nyaman di pake tumit sakit kalo di pake",2,2025-06-14 14:26
user_22715,Lampu Tidur,Warna tidak sesuai pesanan.,1,2023-06-18
user_2289,Kaos Polos,Produk tidak sesuai gambar.,2,2023-05-22
user_7976,Skincare Serum,Sesuai dengan rating dan review yang saya baca.,4,2024-07-11
user_10575,Tas Wanita,"Beli karena review bagus, ternyata zonk.",2,2024-12-04
nurainibagiya,Lipstik Matte,"Harga terjangkau, kualitas mantap!",5,2024-12-31
ihandayani,Kaos Oblong,respon cepat respon cepat respon cepat worth it rapi respon cepat respon cepat adem warna cantik,5,2025-03-30
user_324,Headset Gaming,Sangat direkomendasikan untuk semua orang.,4,2023-12-17
user_18671,Powerbank,Ukuran pas dan sesuai pesanan.,5,2024-09-13
user_16668,Parfum Wanita,Produk tidak sesuai gambar.,2,2023-12-16
user_12349,Skincare Serum,Packing asal-asalan.,2,2023-09-02
prayitna48,Tas Ransel,"Sesuai deskripsi, kualitas oke dan tahan lama.",5,2024-11-16
mangunsongwasis,Keyboard Mechanical,"Packing rapi banget, penjual ramah.",5,2025-05-17
user_2854,Rak Sepatu,Barang tidak berfungsi dengan baik.,2,2023-12-18
user_18849,Skincare Serum,Sesuai dengan rating dan review yang saya baca.,5,2024-04-07
user_16724,Tas Wanita,Barang datang lebih cepat dari perkiraan.,5,2024-01-06
user_5445,Headset Gaming,Ukuran tidak sesuai deskripsi.,2,2023-01-01
user_24260,Jam Tangan Digital,Barang rusak saat diterima.,1,2023-02-26
user_6392,Lampu Tidur,Packing asal-asalan.,1,2023-07-28
user_7737,Meja Belajar,Barang original dan berkualitas.,5,2024-04-22
user_1352,Kemeja Pria,Tidak direkomendasikan sama sekali.,1,2024-08-16
user_4706,Tas Wanita,"Barang cacat, sangat mengecewakan.",2,2024-05-03
user_20867,Mouse Wireless,Ukuran tidak sesuai deskripsi.,1,2023-10-08
user_13612,Powerbank,Pengiriman cepat dan aman.,5,2024-02-28
user_17737,Parfum Wanita,Kualitas di atas ekspektasi saya!,4,2024-03-12
user_17676,Lampu Tidur,Barang tidak berfungsi dengan baik.,2,2024-03-27
user_20471,Makeup Set,Barang tidak berfungsi dengan baik.,2,2024-10-24
hazelelfz,Tas Besar Kulit Wanita Bahu Shoulder T5720P3 Shopie Martin Terbaru Original,"Desain:perfect elegan
Keaslian:asli
Warna:coklatnya manis

Ternyata tasnya sebagus itu aku pake tas dari brand ini awet banget selama 5tahun",5,2025-05-28 21:06
user_18386,Jam Tangan Digital,Sudah komplain tapi tidak ada solusi.,1,2023-02-14
user_9883,Headset Gaming,Kualitas sangat buruk.,2,2023-05-23
user_15516,Kemeja Pria,Produk tidak sesuai gambar.,2,2023-02-19
d*****a,SKINTIFIC- 5PCS Skincare Set | 5X ceramide Serum Moisturizer Gel Toner Sunscreen Cleanser Mousse Facial Wash Day Night Cream Acner Glowing Barrier Calm Down Brightening Whitening Spot retinol Paket Set,"Tekstur:-
Cocok untuk:-
Keaslian:-

Pemakaian sudah 3 minggu dengan kondisi wajah sama tetap berjerawat, bahkan bekas jerawat tidak memudar sedikitpun. Pemakaian rutin tiap pagi dan malam toner, serum, sunscreen saat pagi - sore. Mengecewakan",2,2025-06-13 14:50
user_10268,Keyboard Mechanical,Sesuai dengan rating dan review yang saya baca.,5,2023-11-25
2d6zhv2fbb,Lakban Bening Coklat 48 mm x 100 Yard / Selotip Tape / Solasiban / Selasiban Perekat Isolasi,"Desain:modern
Fungsi:sangat berguna untuk kebutuhan sehari hari
Kondisi:di terima dengan baik

Pengiriman lama bener",4,2025-06-10 18:31
user_4930,Tas Wanita,Baru dipakai sebentar sudah rusak.,2,2023-05-15
n*****y,Gosh Zinnia 434 Backpack,"Desain:biasa
Kapasitas:biasa
Pas untuk Acara:untuk school, jalan² juga oke

kok GOSH semakin kesini kwalitasnya kurang..
g seperti dulu Krn saya pengguna gosh dari zaman saya masih SMP, dan sekarang turun ke anak saya
minta tolong kwalitasnya dijaga

untuk jas akirim paket sudah terkoyak dan sepertinya sudah dibuka paketnya",2,2025-06-10 11:41
n92eu76hci,SKINTIFIC - 3X Acid Intensive Acne Spot Set | Salicilyc Acid Spot Serum Salicylic Lactic Lactobionic Acid Excess Sebum Acner Glowing Barrier Brightening Calming Down Reduce Inflammation,Barang nya kurang satu,1,2025-06-12 10:30
user_8864,Powerbank,"Servis buruk, tidak profesional.",2,2024-10-27
yuliapurnawati,Jam Tangan Digital,"Respon penjual cepat, barang dikirim hari itu juga.",5,2025-03-24
user_13060,Sepatu Sneakers,Rating tinggi tapi kualitas rendah.,1,2023-01-22
user_15312,Kemeja Pria,Terlalu mahal untuk kualitas seperti ini.,2,2023-06-29
user_18823,Mouse Wireless,Produk kotor dan tidak layak pakai.,2,2023-01-23
user_5217,Buku Catatan,Ukuran tidak sesuai deskripsi.,2,2023-09-17
user_17259,Meja Belajar,Terlalu mahal untuk kualitas seperti ini.,2,2023-10-07
user_14165,Tas Wanita,Terlalu mahal untuk kualitas seperti ini.,2,2023-09-23
user_13942,Mouse Wireless,Produk tidak sesuai gambar.,1,2024-09-25
user_20715,Flashdisk 64GB,Packing rapi dan aman sampai tujuan.,4,2023-12-31
ibnuarya02,[NEW ARRIVAL] H&M Pria 3-Pak Kaus Regular Fit,"Pas untuk Acara:pas

Dari pihak toko ke ekspedisi nya lama banget masi area jabodetabek aja sampai mau semingggu",2,2025-06-12 11:07
user_9290,Parfum Wanita,Penjual sangat ramah dan fast respon.,4,2024-07-29
user_11830,Kemeja Pria,Produk tidak sesuai gambar.,1,2023-04-29
user_16828,Celana Jeans,"Beli karena review bagus, ternyata zonk.",1,2024-09-05
user_5067,Jam Tangan Digital,Penjual tidak merespon chat.,1,2023-11-29
dlatupono,Kaos Oblong,"Harga terjangkau, kualitas mantap!",5,2025-05-06
rahayuoktaminingsih,SKINTIFIC - MSH Niacinamide Brightening Moisturizer Gel 80g | Cream Pemutih Wajah Calming Pelembab Wajah Pemutih Wajah Facial Moisturizer Day Cream Night Cream Skincare BPOM Niacinamide Skincare Facial with MSH Niacinamide,"Tekstur:lembut dan tidak menimbulkan rasa lengket
Cocok untuk:semua
Keaslian:kualitas original",5,2025-06-12 10:15
user_19525,Keyboard Mechanical,Packing rapi dan aman sampai tujuan.,4,2024-03-17
user_10964,Rak Sepatu,Barang rusak saat diterima.,2,2023-01-28
user_11134,Sepatu Sneakers,Sesuai dengan rating dan review yang saya baca.,4,2023-01-18
samiah44,Tas Ransel,"Respon penjual cepat, barang dikirim hari itu juga.",4,2024-12-22
zmaryadi,Dompet Kulit,"Respon penjual cepat, barang dikirim hari itu juga.",5,2024-07-09
user_14129,Kursi Lipat,Worth it banget untuk harga segini.,5,2024-09-15
user_13031,Rak Sepatu,Sesuai dengan rating dan review yang saya baca.,4,2023-10-15
cagakpadmasari,Kemeja Polos,"Pengiriman cepat, packing rapi. Recommended!",5,2024-11-25
user_3168,Sepatu Sneakers,"Barang cacat, sangat mengecewakan.",2,2024-12-03
eadriansyah,Sepatu Sneakers,Produk original dan kualitasnya premium.,4,2024-06-17
user_721,Meja Belajar,Sudah beli berkali-kali di sini dan selalu puas.,5,2024-01-13
user_22936,Kemeja Pria,Produk tidak sesuai gambar.,1,2023-09-12
user_24670,Skincare Serum,Penjual tidak merespon chat.,2,2024-03-10
user_17646,Buku Catatan,"Mantap, gak nyesel beli di sini.",4,2024-06-03
user_11425,Kaos Polos,Warna dan bentuk persis seperti di gambar.,5,2024-07-15
user_3722,Makeup Set,Produk tidak sesuai gambar.,1,2023-12-01
user_23227,Skincare Serum,Sudah komplain tapi tidak ada solusi.,2,2024-04-04
user_13169,Celana Jeans,"Barang palsu, bukan original.",1,2023-02-09
pertiwilanggeng,Kemeja Polos,Barang sampai dengan aman dan cepat.,5,2025-01-02
user_14055,Skincare Serum,Sesuai dengan rating dan review yang saya baca.,4,2023-04-05
user_9611,Flashdisk 64GB,"Servis buruk, tidak profesional.",1,2024-02-05
user_24547,Flashdisk 64GB,Barang rusak saat diterima.,2,2023-06-04
user_21114,Lampu Tidur,Produk tidak sesuai gambar.,1,2023-09-21
user_15963,Lampu Tidur,Sangat direkomendasikan untuk semua orang.,5,2023-12-04
g*****8,Gosh Lunaria 441 Shoulder Bag,"Desain:gemas
Pas untuk Acara:hang out
Kapasitas:medium

overall so pretty, wondering embos tulisan gosh dipict pertama emang begitu? sisanya imut mwah",5,2025-06-14 12:28
sihombingjagaraga,Keyboard Mechanical,"Packing rapi banget, penjual ramah.",5,2025-02-21
wahyuniputu,Dompet Kulit,"Respon penjual cepat, barang dikirim hari itu juga.",4,2024-11-01
user_6784,Tas Wanita,Packing asal-asalan.,1,2023-07-03
user_15979,Skincare Serum,Ukuran tidak sesuai deskripsi.,2,2024-10-25
b*****i,Tas ransel Backpack urban factor - Aileron Black - Tas laptop,"Desain:estetika
Kapasitas:muat banyak barang
Warna:sesuai ekspektasi berkuakitas

Mantap",5,2025-02-25 21:05
user_24968,Keyboard Mechanical,"Beli karena review bagus, ternyata zonk.",1,2024-03-27
user_22583,Makeup Set,Pengiriman sangat lama.,2,2023-12-09
user_13713,Celana Jeans,Barang rusak saat diterima.,1,2024-12-20
user_14722,Flashdisk 64GB,"Mantap, gak nyesel beli di sini.",5,2024-03-19
user_1701,Meja Belajar,Sudah beli berkali-kali di sini dan selalu puas.,5,2023-09-25
user_16835,Flashdisk 64GB,Packing rapi dan aman sampai tujuan.,5,2024-09-23
user_14144,Rak Sepatu,"Puas banget, terima kasih seller!",5,2023-08-19
m*****a,Gosh Bolzano 490 Sneakers,"Kayak bekas dipakai, banyak noda. Yg noda merah tidak bisa hilang walau sudah dibersihkan. Barang diterima 19.52. Itu saya buka 20.30an..saya foto 20.50an. Jd kotor uda jelas bkn karena saya ya. Waktunya aja gak mungkin saya pakai buat jalan2 dulu kan. Sudah lah. Saya gak buat video unboxing karena percaya nama Gosh, tapi ternyata sebelum dikirim gak diperiksa dulu.",1,2025-06-12 10:47
user_23644,Jam Tangan Digital,Warna dan bentuk persis seperti di gambar.,4,2024-12-15
jmulyani,Tumbler Stainless,"Sesuai deskripsi, kualitas oke dan tahan lama.",5,2025-04-07
user_17373,Skincare Serum,Produk kotor dan tidak layak pakai.,2,2024-07-03
user_8053,Powerbank,Ukuran pas dan sesuai pesanan.,5,2023-12-27
jokoprasetya,Jaket Hoodie,Barang sampai dengan aman dan cepat.,4,2024-10-16
j*****g,[MUST HAVE] BNB barenbliss Cherry Makes Cheerful Lip Velvet Korea Lipcream (24H Moisturizing)  Lipcream Hasil Akhir Velvet Untuk Melembabkan Bibir Terhidrasi hingga tahan 24 Jam,"Warna:kering dan warna nya tidak seperti di foto, warna nya lebih ke merah ke unguan",2,2025-06-15 11:16
c*****k,SKIN1004 Madagascar Centella Ampoule 30ml,"Cocok untuk:agne prone skin, bruntusan, kulit sensitif

Beberapa kali pemakaian sudah terlihat perbedaan, jerawat mengempes bruntusan berkurang",5,2025-06-11 20:28
user_9123,Buku Catatan,Barang rusak saat diterima.,1,2024-02-18
user_6650,Headset Gaming,Rating tinggi tapi kualitas rendah.,2,2023-12-14
user_23791,Meja Belajar,Kualitas di atas ekspektasi saya!,5,2024-06-17
kezia67,Sepatu Sneakers,"Sesuai deskripsi, kualitas oke dan tahan lama.",5,2024-12-21
user_8512,Flashdisk 64GB,Terlalu mahal untuk kualitas seperti ini.,1,2024-03-22
saiful41,Jam Tangan Digital,"Packing rapi banget, penjual ramah.",4,2024-06-15
user_12741,Kemeja Pria,Ukuran tidak sesuai deskripsi.,2,2024-06-08
user_23485,Jam Tangan Digital,Terlalu mahal untuk kualitas seperti ini.,2,2023-09-09
nikita_gedalya,SKIN1004 Madagascar Centella Poremizing Fresh Ampoule 100ml,Tekstur:Kental Daya Serap:Cepat Cocok untuk:Kulit berpori besarBaru pertama kali coba. Happy banget dapet free cleansing oilnya yang udah lama pengen kucoba. Semoga cocok semua. Thank you Skin1004,5,2025-05-31 13:07
kardimelani,Headset Bluetooth,"Sesuai deskripsi, kualitas oke dan tahan lama.",5,2025-01-13
user_17569,Celana Jeans,"Servis buruk, tidak profesional.",2,2024-09-01
ghidayat,Sandals Pria,"Sesuai deskripsi, kualitas oke dan tahan lama.",4,2025-06-05
user_12640,Jam Tangan Digital,Sangat kecewa dengan produk ini.,2,2024-09-20
user_7150,Smartphone Android,"Servis buruk, tidak profesional.",1,2023-01-10
user_431,Jam Tangan Digital,Produk tidak sesuai gambar.,2,2024-11-11
user_10947,Lampu Tidur,"Mantap, gak nyesel beli di sini.",5,2023-11-02
user_13325,Rak Sepatu,Penjual sangat ramah dan fast respon.,4,2024-09-17
hardiansyahdarimin,Sepatu Sneakers,"Sesuai deskripsi, kualitas oke dan tahan lama.",5,2024-09-01
user_18906,Sepatu Sneakers,Warna tidak sesuai pesanan.,1,2023-06-30
hpermadi,Sandals Pria,"Sudah belanja beberapa kali, selalu puas.",5,2024-07-01
brovnya,Sandal Rumah Miniso,Durabilitas:ok,5,2024-09-14 21:02
user_10151,Sepatu Sneakers,Ukuran tidak sesuai deskripsi.,1,2024-02-21
o*****i,Gosh Bolzano 369 Sneakers,"Berat:bagus
Desain:elegan mewah
Kenyamanan:oke bgt

Klo sepatu ini ngga diragukan lagi, sepatu merk brand dr zaman sekolah n kuliah smp saat ini puluhan tahun.. Meskipun ada kendala sedikit pengiriman yg penting sepatunya nyampe..Thnks n sukses sll",5,2025-06-06 00:19
user_17214,Makeup Set,Kualitas sangat buruk.,1,2023-09-09
user_20462,Jam Tangan Digital,Sangat kecewa dengan produk ini.,2,2024-04-18
user_23372,Flashdisk 64GB,"Puas banget, terima kasih seller!",4,2023-01-27
user_822,Kaos Polos,Packing rapi dan aman sampai tujuan.,5,2024-03-04
user_7244,Smartphone Android,Rating tinggi tapi kualitas rendah.,1,2024-12-25
user_13132,Smartphone Android,Packing asal-asalan.,2,2024-06-20
user_2060,Meja Belajar,Sudah komplain tapi tidak ada solusi.,1,2024-10-21
luhungmaryadi,Lipstik Matte,"Respon penjual cepat, barang dikirim hari itu juga.",4,2024-09-07
pangeran87,Kemeja Polos,"Sudah belanja beberapa kali, selalu puas.",5,2024-08-27
vinsensuryono,Kemeja Polos,Barang sampai dengan aman dan cepat.,5,2024-06-14
koko42,Sepatu Sneakers,"Respon penjual cepat, barang dikirim hari itu juga.",5,2025-05-09
user_24801,Buku Catatan,"Barang cacat, sangat mengecewakan.",2,2023-01-04
user_24803,Celana Jeans,"Barang palsu, bukan original.",1,2023-01-25
user_12007,Sepatu Sneakers,Sangat puas dengan pelayanan toko ini.,4,2024-03-10
user_7988,Headset Gaming,"Beli karena review bagus, ternyata zonk.",1,2023-09-03
user_19148,Powerbank,Packing rapi dan aman sampai tujuan.,4,2024-02-20
user_3003,Kursi Lipat,"Barang palsu, bukan original.",2,2023-08-31
user_24283,Jam Tangan Digital,Penjual sangat ramah dan fast respon.,4,2024-08-16
user_1308,Kaos Polos,"Barang palsu, bukan original.",2,2024-04-07
user_19295,Flashdisk 64GB,Pengiriman sangat lama.,1,2023-02-21
user_7055,Parfum Wanita,Penjual sangat ramah dan fast respon.,5,2024-03-27
user_20761,Lampu Tidur,"Puas banget, terima kasih seller!",4,2024-06-04
user_8138,Makeup Set,Sudah komplain tapi tidak ada solusi.,2,2024-11-22
user_14629,Keyboard Mechanical,"Servis buruk, tidak profesional.",2,2023-06-08
user_17605,Kemeja Pria,Packing asal-asalan.,2,2023-10-15
taniasaptono,Tumbler Stainless,Barang sampai dengan aman dan cepat.,5,2024-09-20
user_23867,Meja Belajar,Sudah komplain tapi tidak ada solusi.,2,2023-02-11
user_16735,Mouse Wireless,"Servis buruk, tidak profesional.",2,2024-04-16
user_3816,Lampu Tidur,Packing rapi dan aman sampai tujuan.,4,2023-09-05
user_5208,Powerbank,Penjual tidak merespon chat.,2,2023-03-15
user_14455,Powerbank,"Barang cacat, sangat mengecewakan.",1,2024-06-12
hartatiatma,Kaos Oblong,"Respon penjual cepat, barang dikirim hari itu juga.",5,2025-05-29
nadpn,Gosh Avellino 531 Sandal Mules,"Kecewa, seperti barang yang sdh lama dipakai",1,2025-06-14 11:47
user_15387,Celana Jeans,Kualitas di atas ekspektasi saya!,4,2023-11-10
user_2661,Meja Belajar,"Mantap, gak nyesel beli di sini.",4,2024-05-29
ratih05,Jaket Hoodie,"Pengiriman cepat, packing rapi. Recommended!",4,2024-06-24
user_2065,Celana Jeans,Pengiriman sangat lama.,1,2024-04-20
user_23551,Lampu Tidur,"Pelayanan cepat, packing aman, produk oke!",5,2023-06-28
pprakasa,Mouse Wireless,"Warnanya cantik dan tahan lama, puas banget!",4,2025-03-31
viviwinarno,Tumbler Stainless,"Warnanya cantik dan tahan lama, puas banget!",5,2025-03-13
user_21666,Mouse Wireless,"Beli karena review bagus, ternyata zonk.",1,2024-12-17
user_1250,Smartphone Android,Sangat direkomendasikan untuk semua orang.,5,2024-06-12
user_13314,Powerbank,Sudah beli berkali-kali di sini dan selalu puas.,4,2023-09-27
d*****8,[BUY 2 GET 4] Wardah Paket Lightening Complexion Set - Wardah Lightening Fresh BB Tint 30 ml + Wardah Lightening Matte Powder 20 g - Makeup,"Freenya hanya 1, padahal tulisannya 2",4,2025-06-13 11:36
gaiman78,Lipstik Matte,"Produk bagus, bahan adem dan sesuai gambar.",5,2025-01-21
user_23550,Jam Tangan Digital,Produk tidak sesuai gambar.,2,2023-06-15
uliyolanda,Headset Bluetooth,Barang sampai dengan aman dan cepat.,4,2025-04-21
user_24409,Rak Sepatu,Sudah komplain tapi tidak ada solusi.,1,2024-07-21
rekhaagustin,Gosh Bolzano 431 Sneakers,"Berat:sangat ringan dipake

Bagus,ringan, sayang dus nya penyok tp its ok lah sepatu nya nyaman",5,2025-06-12 16:25
user_379,Parfum Wanita,Ukuran pas dan sesuai pesanan.,4,2024-04-26
kacung13,Dompet Kulit,Barang sampai dengan aman dan cepat.,4,2025-04-24
user_10187,Sepatu Sneakers,Produk sangat bagus dan sesuai deskripsi!,5,2023-06-10
user_19065,Jam Tangan Digital,Baru dipakai sebentar sudah rusak.,1,2024-11-10
user_5062,Sepatu Sneakers,Sudah komplain tapi tidak ada solusi.,2,2024-02-28
user_10499,Meja Belajar,Warna dan bentuk persis seperti di gambar.,4,2024-03-22
mayasarigaduh,Celana Jeans,"Produk bagus, bahan adem dan sesuai gambar.",5,2025-04-08
maulidyarahma394,Gosh Lunaria 371 Shoulder Bag,Bagus banget cantik sesuai dengan expektasiii gosh mantaps,5,2025-06-04 05:54
user_10150,Smartphone Android,Warna tidak sesuai pesanan.,1,2024-03-04
n*****5,Gosh Bolzano 509 Sneakers,"Styling:keren
Kualitas:baik
Kenyamanan:nyaman

Alhamdulillah puas dah belanja di toko ini, keren sepatunya terimakasih yah",5,2025-06-11 14:07
r*****7,Sandal Jepit Anak LED Nevada Disney,"Warna:bagus
Tampilan:sesuai

Branf sesuai cpt sampai... Sesuai keingin ,,.ank suka.sekali..tau murah dari dulu beli di toko ini aja",5,2024-05-09 18:07
latif97,Headset Bluetooth,"Produk bagus, bahan adem dan sesuai gambar.",5,2024-12-09
user_21914,Meja Belajar,Packing asal-asalan.,2,2024-02-21
user_8056,Flashdisk 64GB,Rating tinggi tapi kualitas rendah.,1,2024-10-12
f*****5,Dompet Shopie Martin Wanita Lipat Hitam W2019B2,"Desain:simpel tapi elegan
Kapasitas:banyak tempat penyimpanan
Warna:hitam

Selalu suka sama produk Shopie Martin, dompet lipat ini mudah dibawa. Banyak tempat menyimpannya, baik untuk tempat kartu maupun foto. Jahitanya juga rapi.
Packing aman.",5,2025-05-22 14:33
user_9605,Meja Belajar,Produk kotor dan tidak layak pakai.,2,2023-01-18
user_21747,Makeup Set,Kualitas di atas ekspektasi saya!,4,2024-06-24
user_10892,Kaos Polos,Terlalu mahal untuk kualitas seperti ini.,2,2024-03-27
user_1227,Buku Catatan,Pengiriman sangat lama.,1,2024-04-14
user_6767,Powerbank,Sudah beli berkali-kali di sini dan selalu puas.,5,2023-03-21
user_19058,Kemeja Pria,Ukuran tidak sesuai deskripsi.,2,2024-01-15
user_13043,Powerbank,Warna dan bentuk persis seperti di gambar.,5,2023-12-08
user_308,Lampu Tidur,Tidak direkomendasikan sama sekali.,1,2024-10-11
user_3475,Keyboard Mechanical,"Pelayanan cepat, packing aman, produk oke!",5,2024-12-11
user_953,Keyboard Mechanical,"Barang palsu, bukan original.",1,2023-09-15
user_5932,Flashdisk 64GB,Sudah komplain tapi tidak ada solusi.,1,2024-10-24
user_16171,Keyboard Mechanical,Harga terjangkau dengan kualitas oke.,5,2024-05-19
suwarnosiska,Kemeja Polos,"Sudah belanja beberapa kali, selalu puas.",5,2024-12-12
ellafitria12345,Gosh Lunaria 459 Shoulder Bag,Thx u kak😍,5,2025-06-07 15:43
user_104,Skincare Serum,"Mantap, gak nyesel beli di sini.",4,2024-03-26
user_16619,Smartphone Android,Barang datang lebih cepat dari perkiraan.,4,2023-05-04
user_24650,Jam Tangan Digital,Produk tidak sesuai gambar.,1,2023-08-09
user_12885,Kursi Lipat,Penjual sangat ramah dan fast respon.,5,2024-04-07
luhungputra,Lipstik Matte,Barang sampai dengan aman dan cepat.,5,2024-08-25
user_21523,Powerbank,Tidak direkomendasikan sama sekali.,1,2023-09-06
oryzativa95,SKIN1004 Madagascar Centella Tone Brightening Capsule Ampoule 100ml,Baru sampai & belum dibuka. Untuk sementara ngak dibuka dulu sampai serum sebelumnya habis.,5,2025-06-04 12:05
user_9938,Keyboard Mechanical,"Servis buruk, tidak profesional.",1,2023-03-02
user_13615,Flashdisk 64GB,Sudah beli berkali-kali di sini dan selalu puas.,5,2024-07-17
user_23118,Parfum Wanita,Packing rapi dan aman sampai tujuan.,4,2024-02-13
user_1045,Makeup Set,"Barang cacat, sangat mengecewakan.",1,2024-01-14
user_18780,Mouse Wireless,Barang tidak berfungsi dengan baik.,2,2024-12-19
r*****n,Nevada JVPS 03 Sandal Slipper Wanita 121276861,"Alhamdulillah paketan sudah sampai, barang ter murahhhh , seller jugaa ramah recommended seller, makasih ya seller recommended record recommended recommended recommended record",5,2025-06-12 08:00
user_6562,Flashdisk 64GB,Pengiriman sangat lama.,1,2024-11-12
user_24519,Kaos Polos,Top banget! Bakal order lagi nanti.,5,2024-08-10
n92eu76hci,SKINTIFIC - 5X Ceramide Barrier Moisturizer Gel 30g - Pelembab Ringan Lembap Perbaiki Skin Barrier dan Mencerahkan,Baranya kurang satu,1,2025-06-12 10:30
user_658,Sepatu Sneakers,Tidak direkomendasikan sama sekali.,2,2024-02-27
user_18526,Sepatu Sneakers,Worth it banget untuk harga segini.,5,2024-07-03
user_13626,Flashdisk 64GB,Sangat kecewa dengan produk ini.,2,2024-04-19
user_21829,Jam Tangan Digital,Ukuran pas dan sesuai pesanan.,5,2024-05-28
user_2336,Rak Sepatu,Produk sangat bagus dan sesuai deskripsi!,4,2023-09-08
user_9838,Powerbank,Ukuran tidak sesuai deskripsi.,1,2024-06-02
user_22810,Kursi Lipat,"Barang palsu, bukan original.",2,2024-01-06
user_21747,Smartphone Android,Sesuai dengan rating dan review yang saya baca.,5,2024-05-01
user_1156,Jam Tangan Digital,Rating tinggi tapi kualitas rendah.,1,2024-07-30
user_14637,Powerbank,Barang rusak saat diterima.,2,2023-12-19
user_23059,Mouse Wireless,Packing asal-asalan.,2,2024-05-02
user_13865,Sepatu Sneakers,Penjual tidak merespon chat.,1,2024-02-29
user_20749,Kemeja Pria,Barang tidak berfungsi dengan baik.,1,2023-01-20
tantrinarpati,Jaket Hoodie,"Sudah belanja beberapa kali, selalu puas.",4,2025-05-17
user_10269,Meja Belajar,Baru dipakai sebentar sudah rusak.,1,2024-11-12
raihan62,Mouse Wireless,Barang sampai dengan aman dan cepat.,5,2025-03-28
user_18322,Meja Belajar,"Servis buruk, tidak profesional.",1,2024-07-09
uhutagalung,Mouse Wireless,"Harga terjangkau, kualitas mantap!",5,2025-03-27
noviafriany,SKINTIFIC - Setting Spray 80ml Lock The Look 16h | Moisturizing Oil-Control Natural Matte Fine Mist Finishing Spray Breathable Face Mist Primer Matte Lock MakeUp Kosmetik Wajah with Ferulic acid Hyaluronic acid Ectoin make up tahan lama,katanya mengunci make up agar tdk transfer/nempel di hijab bukti nya  masih tetap transfer/nempel ke hijab dll....,2,2025-06-12 03:40
user_366,Rak Sepatu,Terlalu mahal untuk kualitas seperti ini.,1,2024-07-03
user_5633,Parfum Wanita,"Barang palsu, bukan original.",2,2024-03-29
user_22852,Skincare Serum,Tidak direkomendasikan sama sekali.,2,2023-08-15
user_7806,Tas Wanita,Packing asal-asalan.,2,2024-08-05
user_2031,Keyboard Mechanical,Worth it banget untuk harga segini.,4,2023-08-11
user_2667,Lampu Tidur,Kualitas sangat buruk.,1,2023-11-29
user_24955,Skincare Serum,Packing rapi dan aman sampai tujuan.,5,2024-11-22
user_366,Meja Belajar,"Barang palsu, bukan original.",1,2023-10-10
user_9606,Kaos Polos,Packing asal-asalan.,1,2023-09-27
a*****3,Gosh Kalmia 400 Clutch,"tasnya lucuu
workh itu di pakai sehari hari
buat penyimpanan handpone",5,2025-06-12 22:49
user_15832,Makeup Set,Produk tidak sesuai gambar.,1,2023-08-24
user_1665,Rak Sepatu,Pengiriman sangat lama.,2,2023-01-20
user_24422,Celana Jeans,"Servis buruk, tidak profesional.",2,2023-06-18
user_14862,Flashdisk 64GB,Sudah beli berkali-kali di sini dan selalu puas.,5,2023-06-26
user_16927,Kaos Polos,Barang rusak saat diterima.,1,2023-09-09
user_6263,Headset Gaming,Kualitas di atas ekspektasi saya!,4,2023-01-08
wijayaelisa,Powerbank 10000mAh,Produk original dan kualitasnya premium.,5,2024-10-13
user_24332,Smartphone Android,Sesuai dengan rating dan review yang saya baca.,4,2023-01-10
user_23652,Powerbank,Penjual tidak merespon chat.,2,2024-09-08
user_1086,Mouse Wireless,"Barang cacat, sangat mengecewakan.",1,2023-10-22
user_5412,Tas Wanita,Sudah komplain tapi tidak ada solusi.,2,2023-03-09
aryutama020,Lem Perangkap Lalat Kertas Jebakan Serangga Kecoa Cicak Kimo Pagoda,Dikirim merek lain!,1,2025-06-04 11:25
futami,Mouse Wireless,Produk original dan kualitasnya premium.,5,2024-06-30
user_18180,Kaos Polos,Ukuran tidak sesuai deskripsi.,2,2024-02-25
user_8791,Parfum Wanita,Kualitas sangat buruk.,1,2024-08-20
user_9523,Meja Belajar,Packing rapi dan aman sampai tujuan.,4,2023-03-13
user_1843,Powerbank,Baru dipakai sebentar sudah rusak.,2,2023-07-31
user_12918,Parfum Wanita,Warna dan bentuk persis seperti di gambar.,4,2023-12-23
user_10595,Kursi Lipat,Sesuai dengan rating dan review yang saya baca.,4,2024-11-28
user_18849,Meja Belajar,"Servis buruk, tidak profesional.",2,2023-04-30
user_15798,Keyboard Mechanical,Packing asal-asalan.,2,2024-04-03
n*****5,"Gosh Paperbag 003 (TIDAK DIJUAL PPBG AJA, ORDER HARUS SESUAI QUANTITY PEMBELIAN PRODUK)","Desain:keren
Ukuran:pas
Keaslian:asli

Alhamdulillah selalu puas dah belanja di toko ini, cepat banget nyampenya, terimakasih shoope terimakasih seller sukses yah, Aamiin",5,2025-06-11 14:07
user_2734,Celana Jeans,Sangat kecewa dengan produk ini.,1,2023-07-31
qadriansyah,Parfum Unisex,"Harga terjangkau, kualitas mantap!",5,2024-11-15
user_17699,Headset Gaming,Packing asal-asalan.,2,2023-07-12
mulyono43,Parfum Unisex,"Produk bagus, bahan adem dan sesuai gambar.",5,2024-07-20
gealicha21,URBAN&CO Mura Essentials Flatshoes Sepatu Sandal Kerja Slip On Wanita Kekinian,"Warna:tidak sesuai

bagus tp warna yg dateng ga sesuai, pesan beige yg dateng white☹️",2,2025-06-12 23:19
laksmiwatiharja,Lipstik Matte,"Sudah belanja beberapa kali, selalu puas.",5,2024-08-21
a*****a,SKIN1004 [Tone Brightening Basic 3] TB Cleansing Gel Foam 125ml+TB Boosting Toner 210ml+TB Capsule Ampoule 100ml,"Cocok untuk:kulit kusam
Efek:belum coba semoga cocok

Baru mau coba semoga cocok,dapet bonus juga👍🏻",5,2025-06-11 19:02
user_23708,Makeup Set,Tidak direkomendasikan sama sekali.,2,2024-01-05
user_15255,Keyboard Mechanical,Sangat kecewa dengan produk ini.,2,2023-09-12
user_20868,Mouse Wireless,Ukuran tidak sesuai deskripsi.,2,2024-07-05
gamanmayasari,Sepatu Sneakers,"Warnanya cantik dan tahan lama, puas banget!",5,2025-04-17
user_8637,Buku Catatan,Tidak direkomendasikan sama sekali.,2,2023-08-09
user_8066,Jam Tangan Digital,"Barang palsu, bukan original.",2,2024-12-27
user_13755,Powerbank,Penjual sangat ramah dan fast respon.,4,2023-06-23
user_12765,Mouse Wireless,"Beli karena review bagus, ternyata zonk.",1,2023-09-13
user_732,Smartphone Android,Produk kotor dan tidak layak pakai.,2,2023-10-11
user_19685,Jam Tangan Digital,Ukuran tidak sesuai deskripsi.,2,2023-05-21
momaza_20,HijabChic Ulyani Stripe Tops - Atasan Muslim Stripe Lembut Best Seller Terbaru,jaman dipakai,5,2025-06-06 12:54
marpaungbagus,Powerbank 10000mAh,Barang sampai dengan aman dan cepat.,5,2025-01-11
tarihoranopan,Jaket Hoodie,"Packing rapi banget, penjual ramah.",5,2025-05-31
margana66,Kemeja Polos,"Harga terjangkau, kualitas mantap!",5,2025-04-25
user_20247,Mouse Wireless,Tidak direkomendasikan sama sekali.,1,2024-08-29
user_5399,Smartphone Android,Suka banget sama produk ini.,4,2024-11-19
user_11952,Kaos Polos,Kualitas sangat buruk.,1,2023-12-23
user_6914,Buku Catatan,Baru dipakai sebentar sudah rusak.,1,2024-12-28
user_10389,Tas Wanita,Barang tidak berfungsi dengan baik.,2,2024-04-07
user_20418,Celana Jeans,"Barang palsu, bukan original.",1,2023-08-09
lo6faf9yjm,W2723B5 Shopie Martin Dompet Wanita Panjang Branded Original,"Desain:simpel tapi menarik
Warna:hitam
Kapasitas:cukup",5,2025-05-17 13:33
sarah38,Powerbank 10000mAh,Barang sampai dengan aman dan cepat.,4,2024-11-24
user_6640,Kemeja Pria,Sudah komplain tapi tidak ada solusi.,2,2023-12-25
user_9287,Tas Wanita,Packing asal-asalan.,2,2024-05-26
user_21871,Keyboard Mechanical,"Barang cacat, sangat mengecewakan.",1,2024-10-14
user_12831,Powerbank,Sudah beli berkali-kali di sini dan selalu puas.,4,2023-02-03
magentastore.id,"sofa lipat, sofa lesehan, kursi lipat lesehan, kursi lesehan","Ukuran:tipis bangettt bangett banget
Desain:jauhhh dari ekspektasi
Kenyamanan:tipissssssss

Seumur umur baru ini riview jelek 🥹
Karmaa Kata nya tebel🥲
Pas dtng luar biasa tipis😩",1,2025-05-15 17:53
candrakantajailani,Sandals Pria,"Pengiriman cepat, packing rapi. Recommended!",4,2024-12-02
user_5722,Makeup Set,Kualitas sangat buruk.,2,2024-04-30
mangunsongkayla,Dompet Kulit,"Respon penjual cepat, barang dikirim hari itu juga.",4,2025-04-17
user_9581,Kemeja Pria,Terlalu mahal untuk kualitas seperti ini.,1,2023-05-02
handayanigalak,Kaos Oblong,"Warnanya cantik dan tahan lama, puas banget!",5,2025-01-25
user_17641,Headset Gaming,Terlalu mahal untuk kualitas seperti ini.,2,2023-05-11
hendrasantoso,Jaket Hoodie,"Warnanya cantik dan tahan lama, puas banget!",4,2025-05-02
user_7596,Sepatu Sneakers,"Pelayanan cepat, packing aman, produk oke!",4,2023-05-16
haryantibanawa,Mouse Wireless,Barang sampai dengan aman dan cepat.,5,2025-05-27
user_12702,Flashdisk 64GB,"Barang palsu, bukan original.",2,2023-03-16
hakimgantar,Celana Jeans,"Produk bagus, bahan adem dan sesuai gambar.",5,2024-09-04
user_19205,Meja Belajar,Pengiriman sangat lama.,1,2024-03-26
user_20614,Headset Gaming,"Mantap, gak nyesel beli di sini.",5,2023-12-12
marbunnyana,Mouse Wireless,"Warnanya cantik dan tahan lama, puas banget!",5,2024-08-01
user_6666,Flashdisk 64GB,Barang tidak berfungsi dengan baik.,1,2024-03-10
user_19710,Powerbank,Barang rusak saat diterima.,1,2023-04-12
user_17457,Makeup Set,Produk tidak sesuai gambar.,1,2023-09-20
user_17150,Celana Jeans,Pengiriman sangat lama.,1,2023-02-27
user_22956,Meja Belajar,Ukuran pas dan sesuai pesanan.,4,2023-05-08
user_19226,Parfum Wanita,Harga terjangkau dengan kualitas oke.,4,2024-11-28
user_7521,Headset Gaming,Produk kotor dan tidak layak pakai.,2,2024-05-09
user_14676,Buku Catatan,"Barang cacat, sangat mengecewakan.",2,2024-12-16
user_7444,Skincare Serum,Kualitas sangat buruk.,1,2024-08-15
user_6189,Keyboard Mechanical,Produk kotor dan tidak layak pakai.,1,2024-09-26
t*****s,[PRELOVED] - Beatrice Clothing | Strippy Red,Overall Ok Banget defect dikit semoga dicuci bisa hilang. Harga murah seller ramah packing rapi lucu dan aman. Sukses yaa ,5,2021-03-24 12:01
user_6695,Mouse Wireless,Rating tinggi tapi kualitas rendah.,1,2023-04-21
user_37,Smartphone Android,"Puas banget, terima kasih seller!",4,2024-04-26
puti54,Headset Bluetooth,"Sudah belanja beberapa kali, selalu puas.",5,2024-10-31
user_9166,Mouse Wireless,Barang tidak berfungsi dengan baik.,2,2023-01-16
user_11560,Flashdisk 64GB,Tidak direkomendasikan sama sekali.,2,2024-03-29
user_20069,Jam Tangan Digital,Pengiriman sangat lama.,1,2024-07-02
ilhammaylee,HijabChic Syahira Mocca Dress -  Gaun Brukat Tulle Kondangan Elegan Best Seller,Pengiriman lumayan cepat ya sellernya sat set terima kasih...bajunya bagus simple realpict.trs pengemasan terlalu sederhana ya pakai plastik tipis takutnya nanti kecantol kan reject jadinya hehe...pas banget buat q bb 60 an kg tb 153 tadinya sempat ragu mau pilih uk.M tp sy beranikan pilih uk.S ternyata pas banget thanks seller next order lagi🙏,5,2025-06-12 14:17
user_17573,Jam Tangan Digital,Barang rusak saat diterima.,2,2023-10-26
user_18285,Rak Sepatu,Ukuran tidak sesuai deskripsi.,2,2024-06-19
user_6772,Smartphone Android,Packing rapi dan aman sampai tujuan.,4,2024-10-01
wakimanirawan,Dompet Kulit,"Sesuai deskripsi, kualitas oke dan tahan lama.",4,2025-01-11
user_24784,Makeup Set,Barang rusak saat diterima.,2,2024-01-26
user_16428,Sepatu Sneakers,Produk kotor dan tidak layak pakai.,2,2024-09-19
user_4327,Mouse Wireless,"Servis buruk, tidak profesional.",2,2023-12-31
user_575,Lampu Tidur,Barang rusak saat diterima.,2,2023-01-01
user_11437,Celana Jeans,Sangat kecewa dengan produk ini.,1,2024-01-14
user_17849,Tas Wanita,"Barang cacat, sangat mengecewakan.",2,2023-11-10
user_13816,Rak Sepatu,Warna tidak sesuai pesanan.,2,2024-09-06
user_1140,Lampu Tidur,Terlalu mahal untuk kualitas seperti ini.,2,2023-07-30
asimanjuntak,Keyboard Mechanical,"Packing rapi banget, penjual ramah.",5,2024-06-17
cy9lbqc4af,Gosh Novara 451 Sandal Slingback,"Kenyamanan:nhaman
Styling:keren
Kualitas:tidak licin

Sudah beberapa kali order,toko amanah,pengiriman cepat.",5,2025-05-31 18:55
user_15968,Makeup Set,Tidak direkomendasikan sama sekali.,1,2024-09-10
user_24411,Flashdisk 64GB,Sangat kecewa dengan produk ini.,1,2023-03-17
user_10786,Skincare Serum,Kualitas di atas ekspektasi saya!,4,2024-01-08
user_15153,Powerbank,Ukuran pas dan sesuai pesanan.,4,2023-04-09
user_23333,Mouse Wireless,Produk kotor dan tidak layak pakai.,1,2024-03-12
user_18598,Parfum Wanita,Produk tidak sesuai gambar.,2,2024-03-29
user_10716,Makeup Set,Terlalu mahal untuk kualitas seperti ini.,2,2024-03-31
user_24657,Buku Catatan,"Beli karena review bagus, ternyata zonk.",1,2024-03-17
hendri96,Tas Ransel,mantap kualitas bagus rapi pelayanan ramah adem puas,5,2025-01-30
user_21122,Mouse Wireless,Barang original dan berkualitas.,4,2023-06-18
umaya58,Headset Bluetooth,Barang sampai dengan aman dan cepat.,5,2025-03-08
user_11342,Flashdisk 64GB,Kualitas sangat buruk.,1,2023-05-17
khusnulsofiky02,Gio Saverino Sepatu Wanita Wedges Berlin Hak Nyaman dan Elegant,"Desain:keren dan modern
Kenyamanan:nyaman dipakai
Warna:warna bagus dan menarik",5,2025-06-13 05:25
bundasyamildvfg,URBAN&CO Emilie Woman Flatshoes Sepatu Sandal Kerja Slip On Wanita Kekinian,"Warna:warna tidak sesuai yah saya pesan, saya pesan pink yg dateng Brown, tp klo ukuran sama sepatu yah bagus cuma ga sesuai aj warna yg saya pesan kaka",2,2025-06-15 02:21
user_18880,Buku Catatan,Packing asal-asalan.,2,2023-02-13
user_5936,Jam Tangan Digital,Tidak direkomendasikan sama sekali.,2,2024-02-15
user_22678,Makeup Set,Packing asal-asalan.,1,2023-04-06
user_136,Jam Tangan Digital,Sudah beli berkali-kali di sini dan selalu puas.,4,2023-02-09
hartatizulaikha,Headset Bluetooth,"Sesuai deskripsi, kualitas oke dan tahan lama.",5,2025-01-10
user_8804,Makeup Set,"Mantap, gak nyesel beli di sini.",4,2024-11-12
user_17103,Meja Belajar,Penjual tidak merespon chat.,1,2024-11-07
legawawaluyo,Powerbank 10000mAh,"Sesuai deskripsi, kualitas oke dan tahan lama.",5,2025-01-19
gandapangestu,Tas Ransel,"Sesuai deskripsi, kualitas oke dan tahan lama.",5,2025-01-29
user_3640,Parfum Wanita,Worth it banget untuk harga segini.,4,2024-12-28
user_2411,Lampu Tidur,"Servis buruk, tidak profesional.",1,2023-01-28
user_23126,Jam Tangan Digital,Produk kotor dan tidak layak pakai.,2,2023-12-12
user_11879,Kaos Polos,Baru dipakai sebentar sudah rusak.,2,2024-03-05
user_14988,Skincare Serum,Tidak direkomendasikan sama sekali.,1,2024-09-16
user_15624,Celana Jeans,Packing asal-asalan.,1,2023-06-17
i*****6,Gio Saverino Sepatu Wanita Flat Shoes Mewah Dora,"Desain:bagus
Kenyamanan:nyaman empuk
Warna:sesuai

Sol nyaman tidak keras desain bagus",5,2025-06-12 16:58
user_17246,Sepatu Sneakers,Penjual sangat ramah dan fast respon.,5,2024-07-15
syahrini62,Powerbank 10000mAh,"Respon penjual cepat, barang dikirim hari itu juga.",5,2024-11-29
ihsan28,Mouse Wireless,Produk original dan kualitasnya premium.,5,2025-05-14
ichanisah28,Bed Cover Set Motif Feleti Mix Plain Lylac  - Ukuran Lengkap Bisa Custom - evedaily,Bagus 👍,5,2025-05-30 14:31
user_24031,Meja Belajar,Suka banget sama produk ini.,5,2024-05-27
user_6496,Keyboard Mechanical,Penjual tidak merespon chat.,2,2024-09-19
user_10189,Powerbank,"Pelayanan cepat, packing aman, produk oke!",5,2023-01-28
mandalaprakosa,Parfum Unisex,Produk original dan kualitasnya premium.,5,2024-08-07
user_2329,Makeup Set,Top banget! Bakal order lagi nanti.,5,2023-08-23
user_10955,Smartphone Android,Barang tidak berfungsi dengan baik.,1,2023-03-02
user_2175,Flashdisk 64GB,"Mantap, gak nyesel beli di sini.",5,2023-04-21
user_17335,Buku Catatan,Terlalu mahal untuk kualitas seperti ini.,1,2023-09-27
user_807,Rak Sepatu,Warna tidak sesuai pesanan.,1,2023-03-21
user_8645,Jam Tangan Digital,Warna dan bentuk persis seperti di gambar.,5,2023-05-24
user_22490,Headset Gaming,Pengiriman cepat dan aman.,4,2024-09-06
eharyanti,Dompet Kulit,"Produk bagus, bahan adem dan sesuai gambar.",5,2024-10-29
u*****y,SKINTIFIC -2pcs Paket-Skincare Set | 5X Ceramide Low pH Cleanser Niacinamide Brightening Glowing Moisturizer Gel 3X Acid Acne Calming Oil-control Gel Sensitive Skin,"Tekstur:mudah di aplikasikan
Cocok untuk:kulit sensitif
Keaslian:terverifikasi dan outentik",5,2025-06-08 11:21
user_15870,Kemeja Pria,Sangat kecewa dengan produk ini.,1,2024-08-27
user_9632,Mouse Wireless,Baru dipakai sebentar sudah rusak.,2,2023-05-23
user_5130,Tas Wanita,Produk sangat bagus dan sesuai deskripsi!,5,2023-01-20
lastri_maryana,Fleurette| Sepatu Sendal Wanita |CLEO,"Durabilitas:kuat
Kenyamanan:nayaman aman
Desain:sesuai

Puas bgt..mdhn kuat",5,2025-06-07 13:12
user_7148,Buku Catatan,Warna tidak sesuai pesanan.,1,2024-03-16
user_22696,Kemeja Pria,"Barang palsu, bukan original.",2,2024-05-13
user_6768,Mouse Wireless,"Servis buruk, tidak profesional.",2,2024-08-12
tarihoransiska,Jaket Hoodie,"Pengiriman cepat, packing rapi. Recommended!",5,2025-03-11
user_20601,Kemeja Pria,Penjual tidak merespon chat.,1,2023-07-25
user_10539,Makeup Set,Barang rusak saat diterima.,1,2024-07-03
user_13636,Skincare Serum,"Puas banget, terima kasih seller!",5,2023-02-03
rinaarditaa,HijabChic Alora Soft Pink Top - Baju Lebaran Kekinian Motif Bunga Pink Ruffle Pita Lengan Balon,Lengan besar banget,4,2025-03-19 16:24
hutagalungdaliman,Kemeja Polos,"Sudah belanja beberapa kali, selalu puas.",5,2025-03-09
radit27,Parfum Unisex,"Packing rapi banget, penjual ramah.",5,2024-12-10
kalimusamah,Sepatu Sneakers,"Warnanya cantik dan tahan lama, puas banget!",5,2024-06-18
user_22542,Flashdisk 64GB,Tidak direkomendasikan sama sekali.,1,2024-05-10
user_5380,Sepatu Sneakers,Baru dipakai sebentar sudah rusak.,1,2024-07-05
user_5553,Smartphone Android,Penjual tidak merespon chat.,1,2024-04-18
user_24180,Mouse Wireless,Pengiriman sangat lama.,2,2024-06-23
user_10263,Keyboard Mechanical,Produk tidak sesuai gambar.,2,2024-04-05
user_2582,Jam Tangan Digital,"Barang cacat, sangat mengecewakan.",2,2023-01-17
znashiruddin,Kemeja Polos,"Packing rapi banget, penjual ramah.",5,2024-11-15
user_19290,Kemeja Pria,Sangat puas dengan pelayanan toko ini.,5,2023-06-06
user_6589,Mouse Wireless,Sangat direkomendasikan untuk semua orang.,5,2024-08-03
chelseafirmansyah,Dompet Kulit,"Sesuai deskripsi, kualitas oke dan tahan lama.",5,2024-06-29
user_10493,Parfum Wanita,Top banget! Bakal order lagi nanti.,4,2024-07-03
user_12904,Kursi Lipat,Baru dipakai sebentar sudah rusak.,1,2024-11-09
malazulkarnain,Tumbler Stainless,"Packing rapi banget, penjual ramah.",4,2024-10-03
user_8375,Lampu Tidur,Pengiriman cepat dan aman.,4,2023-11-06
user_11544,Skincare Serum,Baru dipakai sebentar sudah rusak.,1,2023-02-27
user_24212,Headset Gaming,Pengiriman sangat lama.,1,2023-06-20
user_15674,Kemeja Pria,"Servis buruk, tidak profesional.",2,2024-04-15
user_21250,Rak Sepatu,Kualitas sangat buruk.,1,2023-02-07
user_24294,Tas Wanita,Baru dipakai sebentar sudah rusak.,1,2024-11-29
kayun69,Powerbank 10000mAh,"Produk bagus, bahan adem dan sesuai gambar.",5,2024-08-21
user_13693,Headset Gaming,Terlalu mahal untuk kualitas seperti ini.,2,2024-03-16
user_7371,Skincare Serum,Warna tidak sesuai pesanan.,2,2023-05-27
user_20383,Jam Tangan Digital,"Barang cacat, sangat mengecewakan.",1,2023-09-19
user_11472,Headset Gaming,Pengiriman sangat lama.,2,2024-02-16
kusumoniyaga,Sandals Pria,Produk original dan kualitasnya premium.,4,2024-12-27
user_8948,Parfum Wanita,Packing asal-asalan.,1,2023-07-11
user_12865,Smartphone Android,Sudah komplain tapi tidak ada solusi.,1,2023-05-08
user_6754,Tas Wanita,"Servis buruk, tidak profesional.",1,2023-12-20
user_24134,Jam Tangan Digital,"Mantap, gak nyesel beli di sini.",5,2024-05-10
akarsana93,Jaket Hoodie,"Produk bagus, bahan adem dan sesuai gambar.",5,2025-05-23
pranawamaryadi,Mouse Wireless,Produk original dan kualitasnya premium.,5,2025-06-05
user_23101,Makeup Set,Sangat direkomendasikan untuk semua orang.,5,2023-03-13
yolandasafitri666,SKINTIFIC -2pcs Paket-Skincare Set |  Moisturizer Gel Serum Brightening Serum Acner Glowing Barrier Anti-Aging ExfolLactic Acidiating Brightening Whitening Blackhead Removal Calming Peeling with Centella 5X Ceramide Hyaluronic Acid,Saya mendapatkan moisturezer yang palsu,1,2025-06-14 18:18
nrahimah,Powerbank 10000mAh,"Respon penjual cepat, barang dikirim hari itu juga.",5,2024-11-28
user_22972,Kursi Lipat,Rating tinggi tapi kualitas rendah.,2,2024-09-18
user_19702,Flashdisk 64GB,Produk kotor dan tidak layak pakai.,1,2023-08-15
virman51,Celana Jeans,"Warnanya cantik dan tahan lama, puas banget!",4,2024-08-02
user_23805,Jam Tangan Digital,Warna tidak sesuai pesanan.,2,2023-04-29
1*****6,H&M Pria Oversized Fit Cotton T-shirt,"Kenyamanan:kaosnya jelek
Tekstur:kasar
Kualitas:kasar ga lembut kayak Kw padahal sudah di cuci tetap kasar..",2,2025-06-14 06:55
putufirmansyah,Dompet Kulit,"Warnanya cantik dan tahan lama, puas banget!",4,2024-10-14
user_23288,Kursi Lipat,"Pelayanan cepat, packing aman, produk oke!",4,2024-12-23
user_15867,Smartphone Android,Ukuran pas dan sesuai pesanan.,5,2024-01-10
user_24695,Smartphone Android,Produk tidak sesuai gambar.,2,2024-07-24
user_2655,Kaos Polos,Terlalu mahal untuk kualitas seperti ini.,2,2023-04-17
user_23940,Rak Sepatu,Penjual sangat ramah dan fast respon.,5,2024-06-23
sindang_tri,[PREORDER] Finally Found You! SOY CLEAR Brightening & Dark Spot Serum - Serum Mencerahkan dan Noda Hitam Untuk Semua Jenis Kulit 20ml,"Kondisi Barang:baik
Aroma:kayak bau obat smoothing G sih..?
Efek:cerah lembab

Pertama kali coba, langsung 2 karena 200k udah dpt 2,klo 1 kemarin harga masih 120an..jd mending beli 2,pertama coba wajah jd lembab, dan lembab nya awet pdhal mukaku kering bngt, untuk efek lainnya blm tau ya.. Tp klo cocok dan G bikin masalah d kulit pasti beli lagi",4,2025-06-12 21:36
user_21927,Makeup Set,Barang original dan berkualitas.,4,2024-12-13
user_22349,Flashdisk 64GB,Sudah komplain tapi tidak ada solusi.,1,2024-08-18
user_2853,Skincare Serum,Sesuai dengan rating dan review yang saya baca.,4,2024-09-10
user_6090,Buku Catatan,Sudah komplain tapi tidak ada solusi.,2,2024-03-05
jamaliauyainah,Mouse Wireless,"Sesuai deskripsi, kualitas oke dan tahan lama.",5,2024-10-26
user_6762,Buku Catatan,Barang rusak saat diterima.,1,2024-05-27
user_10627,Tas Wanita,Baru dipakai sebentar sudah rusak.,1,2024-02-12
user_15778,Keyboard Mechanical,Penjual tidak merespon chat.,1,2023-07-23
rainahardiansyah,Keyboard Mechanical,"Respon penjual cepat, barang dikirim hari itu juga.",5,2024-07-15
user_2210,Jam Tangan Digital,Sangat puas dengan pelayanan toko ini.,5,2023-04-28
user_6733,Kursi Lipat,Pengiriman sangat lama.,2,2023-12-05
user_22879,Lampu Tidur,Tidak direkomendasikan sama sekali.,2,2023-05-03
user_4946,Makeup Set,Produk tidak sesuai gambar.,2,2023-12-27
user_15200,Jam Tangan Digital,Ukuran pas dan sesuai pesanan.,4,2024-01-03
user_714,Tas Wanita,Produk kotor dan tidak layak pakai.,2,2023-10-14
hinataa123,SKINTIFIC - Panthenol Gentle Gel Cleanser 120ml * 3pcs Panthenol & Centella Asiatica | Oil Control Clean Calming Down and Clear Facial Wash Sabun Cuci Muka Glowing Barrier Brightening Whitening Blackhead Removal Dark Spot cleansing with Amino Acid Ceramid,pengiriman lama,1,2025-06-09 18:01
nofar023,Gosh Lunaria 377 Shoulder Bag,"Kapasitas:Toko tidak amanah
Kualitas:bagus

Saya pesan tas dengan paperbag, yang di kirimnya cuman tas aja, paperbag nya tidak ada",1,2025-06-01 19:19
nofar023,Gosh Lunaria 377 Shoulder Bag,"Kapasitas:Toko tidak amanah
Kualitas:bagus

Saya pesan tas dengan paperbag, yang di kirimnya cuman tas aja, paperbag nya tidak ada",1,2025-06-01 19:19
niarzain19,[ ! TERBATAS ! ] SKINTIFIC -  12% Acid Peeling Solution Glowing Serum 30ml | Eksfoliasi Wajah  Exfoliasi Exfoliating Serum Essence Penghalusan Kulit  Mengangkat Sel Kulit Mati Membersihkan Anti Acne Mencerahkan Jerawat Dark Spot Mengencangkan Kulit,Kondisi Barang:mending free mouistnya dihilangkan saja,1,2025-06-07 14:27
user_17215,Mouse Wireless,Sesuai dengan rating dan review yang saya baca.,4,2023-08-16
user_14106,Kemeja Pria,"Servis buruk, tidak profesional.",2,2023-06-24
user_19276,Mouse Wireless,Warna tidak sesuai pesanan.,2,2024-03-30
user_16401,Smartphone Android,Barang tidak berfungsi dengan baik.,2,2024-08-30
user_14973,Mouse Wireless,Sangat kecewa dengan produk ini.,1,2024-04-06
user_24072,Sepatu Sneakers,Barang rusak saat diterima.,1,2024-08-07
user_24519,Sepatu Sneakers,Sangat kecewa dengan produk ini.,2,2023-09-08
user_14702,Parfum Wanita,Kualitas di atas ekspektasi saya!,5,2024-11-24
user_3930,Jam Tangan Digital,Produk kotor dan tidak layak pakai.,1,2023-09-22
user_3139,Flashdisk 64GB,"Barang cacat, sangat mengecewakan.",2,2024-10-30
user_20128,Headset Gaming,Barang rusak saat diterima.,2,2024-06-22
yhardiansyah,Powerbank 10000mAh,"Sesuai deskripsi, kualitas oke dan tahan lama.",4,2024-10-07
user_13559,Keyboard Mechanical,"Barang palsu, bukan original.",2,2024-10-01
jilitv,Tas Selempang urban factor - Dopple | Tas laptop Pria Unisex,mantaf penjelasan lengkap ada di https://www.facebook.com/share/v/1BaXaWX3pJ/,5,2025-03-05 14:33
bossbucin915,Gosh Zinnia 434 Backpack,"Desain:uniiik
Kapasitas:ag gedean dikit sandal ny tp empuk bgt",4,2025-06-06 12:00
user_11191,Jam Tangan Digital,"Pelayanan cepat, packing aman, produk oke!",5,2023-06-11
user_10273,Celana Jeans,Sangat puas dengan pelayanan toko ini.,4,2024-03-15
user_10289,Celana Jeans,"Beli karena review bagus, ternyata zonk.",2,2023-12-11
user_16435,Kemeja Pria,Rating tinggi tapi kualitas rendah.,1,2024-03-13
user_18849,Meja Belajar,Barang rusak saat diterima.,2,2024-10-01
user_1458,Lampu Tidur,Terlalu mahal untuk kualitas seperti ini.,1,2023-03-27
n*****5,"Gosh Paperbag 005 (TIDAK DIJUAL PPBG AJA, ORDER HARUS SESUAI QUANTITY PEMBELIAN PRODUK)","Desain:keren
Ukuran:pas
Keaslian:ori

Alhamdulillah selalu puas belanja di toko ini, in syaa ALLAH amanah, terimakasih yah tolong pertahankan, terbungkus rapi dan aman",5,2025-06-11 14:07
user_9898,Smartphone Android,Penjual tidak merespon chat.,2,2023-12-07
user_5886,Kemeja Pria,Barang original dan berkualitas.,4,2023-05-22
user_2987,Kaos Polos,Produk tidak sesuai gambar.,2,2024-06-21
user_22545,Makeup Set,Tidak direkomendasikan sama sekali.,1,2024-07-22
user_2178,Jam Tangan Digital,"Servis buruk, tidak profesional.",2,2023-07-16
iramadan,Parfum Unisex,"Harga terjangkau, kualitas mantap!",4,2024-06-20
m*****3,Blackmores Odourless Fish Oil 1000 BPOM Kalbe 180 Caps | Suplemen Omega 3 Pelihara Kesehatan Jantung,Pesanan lengkap pengiriman lumayan cepat packing oke juga terimakasih seller,5,2025-06-13 11:57
user_14503,Sepatu Sneakers,Baru dipakai sebentar sudah rusak.,1,2023-03-23
m*****w,Oneda Gina Tas Selempang Wanita Slempang Cewek #A8055,"Desain:simple tapi elegan
Warna:cantik banget
Ukuran:lumayan kecil tapi oke lah

tasnya bagus banget!! suka sama desain dan warnanya. bahannya juga kelihatan premium ❣️",5,2025-06-10 06:51
liztyadi,Promo Bed Cover Full Set Sprei Audrey Garden Mix Olive - Bunga - Hijau - 90x200 - 200x200 - Evedaily,Desain:bagus bangettt 👍👍,5,2025-05-18 08:53
user_18548,Kaos Polos,Penjual sangat ramah dan fast respon.,5,2024-11-30
sintabella370,HijabChic Syahita Mocca Tops - Blouse Brukat Kondangan Muslim Elegan,"Desain:sederhana namun elegan
Bahan:ringan dan nyaman digunakan
Warna:warna sangat cantik dan menarik

jangan ragu beli semua produk ditoko ini🥰",1,2025-04-16 21:15
user_1988,Smartphone Android,Sudah komplain tapi tidak ada solusi.,2,2023-09-23
user_19473,Keyboard Mechanical,Sangat kecewa dengan produk ini.,2,2023-12-21
user_19599,Meja Belajar,Tidak direkomendasikan sama sekali.,1,2023-10-06
j*****a,SKIN1004 Madagascar Centella Cream 75ml,"Daya Serap:normal, gampang terserap dan melembabkan
Tekstur:thick, cair tapi ga lengket
Cocok untuk:kulit kering sensitif

Produk original",5,2025-06-11 20:29
user_1383,Kursi Lipat,"Servis buruk, tidak profesional.",2,2023-12-24
user_21434,Lampu Tidur,"Servis buruk, tidak profesional.",2,2023-07-02
hartana71,Mouse Wireless,Barang sampai dengan aman dan cepat.,5,2025-01-15
user_22209,Makeup Set,"Pelayanan cepat, packing aman, produk oke!",4,2023-11-12
user_23285,Makeup Set,Packing asal-asalan.,2,2024-09-29
user_23674,Jam Tangan Digital,Kualitas sangat buruk.,2,2023-12-27
user_506,Powerbank,Barang original dan berkualitas.,4,2024-09-28
d*****a,SKIN1004 Madagascar Centella Watergel Sheet Ampoule Mask 1ea,"Aroma:oke
Kadaluarsa:lama
Keaslian:asli

Terimakasih kak barangnya sudah sampai semoga bermanfaat aamiin",5,2025-06-11 18:17
user_24787,Rak Sepatu,"Barang palsu, bukan original.",1,2024-06-24
user_24580,Makeup Set,Kualitas sangat buruk.,1,2024-10-17
kusumojayadi,Dompet Kulit,"Pengiriman cepat, packing rapi. Recommended!",4,2024-06-25
laksmiwatijabal,Kaos Oblong,"Pengiriman cepat, packing rapi. Recommended!",5,2025-03-11
user_8007,Kursi Lipat,Packing asal-asalan.,1,2023-06-23
user_16408,Rak Sepatu,Rating tinggi tapi kualitas rendah.,1,2023-07-25
hpranowo,Sandals Pria,"Harga terjangkau, kualitas mantap!",4,2025-03-13
user_24500,Kursi Lipat,Rating tinggi tapi kualitas rendah.,2,2024-10-27
user_6355,Jam Tangan Digital,"Beli karena review bagus, ternyata zonk.",2,2024-08-23
user_1629,Mouse Wireless,"Barang cacat, sangat mengecewakan.",1,2023-11-22
jaissihombing,Tas Ransel,"Sesuai deskripsi, kualitas oke dan tahan lama.",4,2024-07-17
kusuma71,Headset Bluetooth,"Pengiriman cepat, packing rapi. Recommended!",5,2024-09-09
ismail33,Powerbank 10000mAh,"Harga terjangkau, kualitas mantap!",4,2025-05-12
zulkarnainharja,Headset Bluetooth,"Harga terjangkau, kualitas mantap!",5,2024-09-23
user_3341,Mouse Wireless,Tidak direkomendasikan sama sekali.,1,2023-09-22
user_8360,Powerbank,Sudah komplain tapi tidak ada solusi.,1,2024-06-06
user_10537,Meja Belajar,Sudah komplain tapi tidak ada solusi.,1,2023-06-02
user_24687,Flashdisk 64GB,Penjual sangat ramah dan fast respon.,5,2023-06-26
user_6426,Flashdisk 64GB,Penjual tidak merespon chat.,2,2024-01-07
salsabila06,Headset Bluetooth,"Sudah belanja beberapa kali, selalu puas.",5,2025-01-27
user_14865,Sepatu Sneakers,Sudah komplain tapi tidak ada solusi.,1,2023-04-02
user_1615,Buku Catatan,Produk kotor dan tidak layak pakai.,2,2023-01-23
user_11380,Rak Sepatu,"Barang cacat, sangat mengecewakan.",2,2024-10-20
heryanto43,Sepatu Sneakers,"Pengiriman cepat, packing rapi. Recommended!",5,2024-07-20
user_17637,Buku Catatan,Produk kotor dan tidak layak pakai.,2,2023-04-02
user_21987,Flashdisk 64GB,Barang datang lebih cepat dari perkiraan.,4,2024-11-30
user_10259,Tas Wanita,Packing rapi dan aman sampai tujuan.,4,2024-06-03
indahpudjiastuti,Jaket Hoodie,"Sesuai deskripsi, kualitas oke dan tahan lama.",5,2024-06-28
user_24759,Jam Tangan Digital,Terlalu mahal untuk kualitas seperti ini.,1,2023-07-24
user_17936,Powerbank,Pengiriman cepat dan aman.,5,2023-11-22
rahmawatikasiyah,Mouse Wireless,"Warnanya cantik dan tahan lama, puas banget!",5,2025-04-23
user_13117,Smartphone Android,"Barang cacat, sangat mengecewakan.",2,2023-06-01
user_4250,Parfum Wanita,"Barang palsu, bukan original.",2,2024-08-23
najmudinjaya,Jam Tangan Digital,"Packing rapi banget, penjual ramah.",5,2024-08-23
harsayanuraini,Parfum Unisex,"Sudah belanja beberapa kali, selalu puas.",5,2025-03-31
user_9194,Headset Gaming,Packing asal-asalan.,2,2024-01-08
user_17588,Meja Belajar,Kualitas di atas ekspektasi saya!,5,2023-10-27
user_3046,Makeup Set,Sudah komplain tapi tidak ada solusi.,1,2023-05-07
user_23368,Kemeja Pria,Packing rapi dan aman sampai tujuan.,4,2024-09-19
user_15165,Meja Belajar,Barang rusak saat diterima.,2,2023-09-27
dlaksmiwati,Kaos Oblong,"Warnanya cantik dan tahan lama, puas banget!",4,2025-04-11
user_8263,Powerbank,"Puas banget, terima kasih seller!",4,2024-04-02
user_13257,Flashdisk 64GB,Barang rusak saat diterima.,2,2024-05-17
user_21843,Tas Wanita,Packing rapi dan aman sampai tujuan.,4,2024-02-19
user_17924,Mouse Wireless,Warna dan bentuk persis seperti di gambar.,4,2023-06-05
user_8389,Kemeja Pria,Ukuran tidak sesuai deskripsi.,1,2024-02-02
bahuraksadongoran,Keyboard Mechanical,"Sesuai deskripsi, kualitas oke dan tahan lama.",5,2024-12-22
28041987pu3,HijabChic x Tiqasya Jane Outerwear - Outer Lebaran Sarimbit Organza Premium Bordir Bunga Elegan,Kenyamanan:yang dipesan lain yang dikirim lain pula😡,1,2025-05-03 15:15
user_17660,Makeup Set,Kualitas sangat buruk.,1,2023-10-31
user_8996,Flashdisk 64GB,"Beli karena review bagus, ternyata zonk.",1,2023-07-15
user_1810,Buku Catatan,Sangat kecewa dengan produk ini.,1,2023-11-24
estionohutapea,Keyboard Mechanical,"Sudah belanja beberapa kali, selalu puas.",5,2024-09-29
galuhnatsir,Sepatu Sneakers,"Produk bagus, bahan adem dan sesuai gambar.",4,2025-02-21
user_21017,Makeup Set,Pengiriman sangat lama.,2,2023-06-03
user_5496,Buku Catatan,Worth it banget untuk harga segini.,5,2024-07-08
user_16497,Buku Catatan,"Puas banget, terima kasih seller!",5,2024-06-22
mariaditampubolon,Powerbank 10000mAh,"Packing rapi banget, penjual ramah.",5,2025-01-13
user_23897,Smartphone Android,Sangat kecewa dengan produk ini.,1,2023-09-28
user_10631,Sepatu Sneakers,Produk kotor dan tidak layak pakai.,1,2023-06-19
user_22731,Powerbank,Suka banget sama produk ini.,4,2024-08-30
novi89890,SKINTIFIC - Perfect Stay Velvet Matte Cushion - Refill 11ml,Gak bagusss dempul,1,2025-06-10 15:45
user_15428,Rak Sepatu,Pengiriman sangat lama.,2,2023-09-08
user_6696,Mouse Wireless,Sangat kecewa dengan produk ini.,2,2024-01-28
user_20668,Rak Sepatu,Barang rusak saat diterima.,1,2024-08-10
gabriel2711_,Bed Cover Set Malagasi Marble Mix Plain Navy -  90x200 - 200x200 - Evedaily,Lain kali packingnya double ya. Setidaknya bubble wrap. Dengan pengiriman yang lama satu minggu. Dan sampai di penerima kondisi sudah sobek,2,2025-05-30 18:14
user_20101,Rak Sepatu,Barang datang lebih cepat dari perkiraan.,5,2023-10-04
zwasita,Mouse Wireless,"Sesuai deskripsi, kualitas oke dan tahan lama.",4,2024-08-21
user_5893,Celana Jeans,Worth it banget untuk harga segini.,5,2023-04-21
user_4452,Smartphone Android,Warna tidak sesuai pesanan.,1,2023-06-09
aryanimanah,Lipstik Matte,Barang sampai dengan aman dan cepat.,4,2025-02-18
pmardhiyah,Jam Tangan Digital,Produk original dan kualitasnya premium.,5,2025-01-28
aprastuti,Kemeja Polos,"Warnanya cantik dan tahan lama, puas banget!",5,2025-05-29
milapangestu,Jam Tangan Digital,"Pengiriman cepat, packing rapi. Recommended!",5,2024-07-14
user_811,Meja Belajar,"Barang palsu, bukan original.",1,2023-07-07
siregarsarah,Parfum Unisex,Barang sampai dengan aman dan cepat.,5,2025-04-08
genta49,Headset Bluetooth,"Packing rapi banget, penjual ramah.",5,2025-04-14
user_4856,Smartphone Android,Produk kotor dan tidak layak pakai.,1,2024-05-07
user_13797,Makeup Set,Barang rusak saat diterima.,2,2024-07-24
user_16898,Celana Jeans,Produk sangat bagus dan sesuai deskripsi!,5,2023-03-05
prasetyoastuti,Celana Jeans,"Sudah belanja beberapa kali, selalu puas.",4,2025-02-07
user_1388,Kemeja Pria,Barang datang lebih cepat dari perkiraan.,4,2023-12-31
rikajeje,SKINTIFIC-3pcs Paket-Skincare Set | Serum+Moisturizer Gel+Cleanser Day Night Cream Acner Glowing Barrie Anti-Aging Exfoliating Brightening Whitening Whitening with  Niacinamide Retinol Amino Acid 5X Cerami,Tekstur:facial siap tekstur keras klu kepencet kyak sdh keras tdk kyak beli di counternya,2,2025-06-12 22:17
user_1522,Mouse Wireless,Warna tidak sesuai pesanan.,2,2023-11-12
rini89,Dompet Kulit,"Sesuai deskripsi, kualitas oke dan tahan lama.",5,2025-04-29
user_7045,Powerbank,"Barang palsu, bukan original.",2,2024-04-13
jmarbun,Powerbank 10000mAh,Produk original dan kualitasnya premium.,5,2024-07-26
user_12702,Smartphone Android,Produk kotor dan tidak layak pakai.,2,2023-04-09
user_9833,Jam Tangan Digital,Terlalu mahal untuk kualitas seperti ini.,1,2023-09-05
itamba,Mouse Wireless,"Warnanya cantik dan tahan lama, puas banget!",5,2025-02-19
xpertiwi,Lipstik Matte,"Warnanya cantik dan tahan lama, puas banget!",5,2025-04-29
user_4234,Meja Belajar,Sangat kecewa dengan produk ini.,2,2024-12-01
user_14742,Sepatu Sneakers,Barang rusak saat diterima.,1,2024-10-15
user_11850,Jam Tangan Digital,Penjual tidak merespon chat.,2,2024-08-27
kuswandarikayla,Jam Tangan Digital,"Harga terjangkau, kualitas mantap!",4,2024-12-29
user_15883,Celana Jeans,Sudah komplain tapi tidak ada solusi.,2,2024-02-06
user_8638,Kursi Lipat,Warna tidak sesuai pesanan.,1,2024-12-07
user_24126,Makeup Set,Sangat kecewa dengan produk ini.,1,2024-01-21
user_5315,Headset Gaming,Tidak direkomendasikan sama sekali.,1,2023-02-15
janepurnawati,Kaos Oblong,"Sesuai deskripsi, kualitas oke dan tahan lama.",4,2024-10-20
user_17164,Buku Catatan,Warna dan bentuk persis seperti di gambar.,4,2024-06-22
user_20688,Skincare Serum,Barang tidak berfungsi dengan baik.,1,2023-11-18
user_22852,Powerbank,Produk tidak sesuai gambar.,1,2023-01-08
user_20187,Headset Gaming,Tidak direkomendasikan sama sekali.,2,2023-02-14
gunartohalim,Sandals Pria,"Warnanya cantik dan tahan lama, puas banget!",5,2025-03-17
user_6510,Sepatu Sneakers,Ukuran pas dan sesuai pesanan.,4,2024-08-13
imam96,Parfum Pria,wangi mantap wangi recommended warna cantik terjangkau,5,2025-03-13
user_15017,Kaos Polos,Produk kotor dan tidak layak pakai.,2,2024-06-09
user_24550,Mouse Wireless,Suka banget sama produk ini.,5,2024-08-21
siregardirja,Tumbler Stainless,"Produk bagus, bahan adem dan sesuai gambar.",4,2024-08-17
yuliahandayani,Headset Bluetooth,"Produk bagus, bahan adem dan sesuai gambar.",5,2024-11-25
user_3286,Skincare Serum,Tidak direkomendasikan sama sekali.,2,2024-05-18
reksa25,Lipstik Matte,"Sudah belanja beberapa kali, selalu puas.",5,2024-08-15
qhardiansyah,Tas Ransel,Produk original dan kualitasnya premium.,5,2024-09-23
asmiantopratiwi,Jaket Hoodie,"Produk bagus, bahan adem dan sesuai gambar.",5,2024-09-19
darmana56,Mouse Wireless,"Respon penjual cepat, barang dikirim hari itu juga.",5,2024-09-01
fitrisakila,Oneda Micah Tas Selempang Wanita Slempang Cewek #S2008,Barang nya bagus.. Next nanti order lg,5,2025-06-11 13:53
user_173,Buku Catatan,Baru dipakai sebentar sudah rusak.,2,2023-01-16
user_8503,Powerbank,Barang original dan berkualitas.,4,2024-12-15
user_4430,Powerbank,Ukuran tidak sesuai deskripsi.,1,2024-10-01
farahkhairunnisa17,[PRELOVED] - Strippy Shirt | LD 102CM | Thrift Kemaja Murah | Atasan Kekinian | Daily Outfit,"Lucu lucu ih😍 harum juga, pengirimannya cepat, thanks kak dapet bonus stiker juga😊",5,2021-04-01 21:24
v1ta2s,"sofa lipat, sofa lesehan, kursi lipat lesehan, kursi lesehan","Ukuran:Jumbo
Desain:Bagus
Kenyamanan:Empuk dilengkapi bantal

Kursi size jumbo enak dipakai. Size pas untuk orang dewasa. Material beludru lembut. Konstruksi besi penyangga kuat. Bisa jadi opsi semi lesehan versi nyaman. Dilengkapi bantal menambah lengkap untuk santai bahkan tidur sesaat",5,2025-04-27 06:48
edibudiyanto,Keyboard Mechanical,"Harga terjangkau, kualitas mantap!",5,2024-08-13
user_20195,Parfum Wanita,Packing rapi dan aman sampai tujuan.,5,2024-10-05
user_11815,Parfum Wanita,Tidak direkomendasikan sama sekali.,2,2024-08-15
user_5712,Powerbank,Ukuran pas dan sesuai pesanan.,5,2024-05-22
user_19198,Mouse Wireless,Sangat kecewa dengan produk ini.,1,2023-09-16
citratampubolon,Kaos Oblong,"Harga terjangkau, kualitas mantap!",5,2024-09-14
wulandariasman,Jam Tangan Digital,"Sesuai deskripsi, kualitas oke dan tahan lama.",5,2024-09-25
siregarharjaya,Tas Ransel,"Warnanya cantik dan tahan lama, puas banget!",4,2024-07-16
user_23399,Headset Gaming,Harga terjangkau dengan kualitas oke.,5,2024-01-13
mahdisaputra,Kaos Oblong,"Warnanya cantik dan tahan lama, puas banget!",5,2024-11-20
user_16440,Sepatu Sneakers,Tidak direkomendasikan sama sekali.,2,2023-10-29
s*****7,Gosh Amaryllis 157 Hand Bag,Desain:pengiriman lama bgt,5,2025-06-14 11:42
user_1502,Kaos Polos,Produk tidak sesuai gambar.,1,2023-02-21
user_12093,Smartphone Android,Packing rapi dan aman sampai tujuan.,5,2024-09-07
indramardhiyah,Kemeja Polos,"Pengiriman cepat, packing rapi. Recommended!",5,2025-02-25
user_410,Sepatu Sneakers,Penjual tidak merespon chat.,2,2024-04-15
user_17965,Powerbank,Sesuai dengan rating dan review yang saya baca.,4,2024-09-02
vera25novita,SKINTIFIC - 5X Ceramide Barrier Moisturizer Gel 30g | Cream pencerah Wajah Calming Whitening Brightening Dark Spot Pelembab Wajah Pemutih Wajah Facial Moisturizer Day Cream Night Cream Skincare BPOM Niacinamide with Centella Acid Sooth Sunburn,Tekstur:barang yg dtg tidak sesuai,1,2025-06-11 22:19
user_21658,Kemeja Pria,Packing asal-asalan.,2,2023-01-22
user_8804,Meja Belajar,Barang tidak berfungsi dengan baik.,2,2024-01-21
user_19135,Makeup Set,Produk kotor dan tidak layak pakai.,1,2024-10-12
user_14965,Keyboard Mechanical,"Servis buruk, tidak profesional.",2,2024-12-16
user_12428,Buku Catatan,Warna dan bentuk persis seperti di gambar.,5,2024-10-07
n*****h,Imboost Kids Mixberry BPOM 21 Tablet 2 Tahun Ke Atas | Tablet Hisap Peningkat Daya Tahan Tubuh Anak,"Kadaluarsa:03/2027
Kondisi Paket:aman. rapih
Keaslian:asli

Semoga manfaat buat kesehatan anak. Anak-anak sehat kuat dan hepi, adalah harapan orang tua. Terima kasih seller sudah kirim sesuai pesanan",5,2025-06-12 21:24
user_16768,Powerbank,Barang tidak berfungsi dengan baik.,2,2024-04-26
yprayoga,Mouse Wireless,"Pengiriman cepat, packing rapi. Recommended!",5,2025-02-21
user_10761,Rak Sepatu,"Puas banget, terima kasih seller!",5,2023-08-01
user_872,Kaos Polos,Produk tidak sesuai gambar.,1,2023-04-20
yusvi_onlineshop,Fleurette| Sepatu Sendal Wanita |SURIE,Kenyamanan:KEBESARAN DI KAKIKU,2,2025-05-08 13:33
user_10578,Parfum Wanita,Packing rapi dan aman sampai tujuan.,5,2023-11-09
i*****a,SKIN1004 Madagascar Centella Tone Brightening Cleansing Gel Foam 125ml,"Tekstur:cair
Daya Serap:baik
Cocok untuk:semua jenis kulit

Secinta ini sama produk skin1004. Selalu repeat order karena cocok. Makasih seller 🙏😊",5,2025-06-11 18:36
user_13157,Mouse Wireless,Produk tidak sesuai gambar.,2,2023-09-19
user_5343,Skincare Serum,Produk tidak sesuai gambar.,1,2024-12-13
user_2314,Keyboard Mechanical,"Puas banget, terima kasih seller!",4,2024-09-30
irsad92,Keyboard Mechanical,"Sudah belanja beberapa kali, selalu puas.",5,2025-05-28
user_5078,Keyboard Mechanical,"Servis buruk, tidak profesional.",2,2024-04-27
ridwan04,Kemeja Polos,"Produk bagus, bahan adem dan sesuai gambar.",4,2024-08-26
user_3067,Jam Tangan Digital,Ukuran tidak sesuai deskripsi.,2,2023-01-24
user_22674,Headset Gaming,Sesuai dengan rating dan review yang saya baca.,4,2023-06-29
nadpn,Gosh Avellino 531 Sandal Mules,"Kecewa, seperti barang yang sdh lama dipakai",1,2025-06-14 11:47
ytamba,Sepatu Sneakers,Barang sampai dengan aman dan cepat.,4,2024-12-12
user_3670,Rak Sepatu,Terlalu mahal untuk kualitas seperti ini.,2,2024-01-01
user_5344,Headset Gaming,Baru dipakai sebentar sudah rusak.,2,2023-02-01
user_24008,Kursi Lipat,Produk tidak sesuai gambar.,2,2024-12-11
fiefielvira4,Gosh Bolzano 561 Sneakers (Back To School),"Styling:Keren
Kenyamanan:nyamannbanget
Kualitas:enak digunakan sehari-hari

Keren sih gosh original beda hrga toko",5,2025-06-10 06:35
user_24887,Celana Jeans,Penjual tidak merespon chat.,2,2023-08-31
d*****4,HijabChic Syahira Pink Nude Dress - Dress Brukat Tulle Kondangan Elegan Best Seller,"Bajunya muat buat mama, bahanya dan cuting-annya juga bagus bangeg",5,2025-06-14 23:52
poviolivia,URBAN&CO Zura Basic Flatshoes Sepatu Sandal Kerja Slip On Wanita Kekinian,"Desain:sesuai
Kenyamanan:kali ini big no
Warna:sesuai

Sayang banget kali ini dapet barang yg cacat.. Tampilan semuanya oke
Tapi pas dipakai ternyata beda ukuran padahal di nomer yg sama, masa sebelahnya sempit sebelahnya lagi longgar
Padahal biasanya bagus banget kualitasnya",2,2025-06-14 16:29
user_21841,Lampu Tidur,Produk sangat bagus dan sesuai deskripsi!,5,2023-09-17
user_2074,Kursi Lipat,Warna tidak sesuai pesanan.,2,2024-10-04
upratiwi,Powerbank 10000mAh,"Warnanya cantik dan tahan lama, puas banget!",5,2024-11-16
user_3510,Kaos Polos,Barang original dan berkualitas.,4,2023-04-17
user_71,Skincare Serum,Baru dipakai sebentar sudah rusak.,2,2024-09-02
user_24948,Sepatu Sneakers,Tidak direkomendasikan sama sekali.,2,2023-10-01
bayinahidrismuhasyim,H&M Anak Perempuan Printed nightdress,Bajunya bercak hitam dan bau lembab seperti bekas kehujanan. Mudah2an bisa dicuci😷,2,2025-06-13 16:44
user_3887,Flashdisk 64GB,Pengiriman sangat lama.,1,2023-02-12
user_14844,Makeup Set,Sangat kecewa dengan produk ini.,1,2023-06-09
user_12380,Makeup Set,Barang original dan berkualitas.,4,2024-04-12
user_3267,Tas Wanita,Rating tinggi tapi kualitas rendah.,1,2024-08-05
user_5886,Kaos Polos,Barang rusak saat diterima.,2,2023-07-22
user_14305,Parfum Wanita,Penjual tidak merespon chat.,1,2024-05-11
user_9937,Makeup Set,Tidak direkomendasikan sama sekali.,2,2023-07-16
evelynaureliaa,SKINTIFIC Mist All Series | All Day Light Sunscreen Mist SPF50 PA++++ 50ml / Outdoor Sunscreen Spray SPF50+ PA++++ 250ml / Instant Glowing First Serum Spray 100ml /  Setting Spray 80ml Lock The Look 16h /  Cooling Spray Pad 160ml,Pesan 2 macam yang datanng 1 macam,1,2025-06-12 19:36
user_11314,Celana Jeans,Sudah beli berkali-kali di sini dan selalu puas.,5,2023-12-04
user_19616,Rak Sepatu,"Mantap, gak nyesel beli di sini.",5,2024-12-04
user_14326,Kursi Lipat,Warna tidak sesuai pesanan.,1,2024-06-26
gunawangina,Powerbank 10000mAh,"Harga terjangkau, kualitas mantap!",5,2025-01-03
user_1700,Powerbank,Sangat kecewa dengan produk ini.,1,2023-05-10
laraswinarno,Dompet Kulit,"Sesuai deskripsi, kualitas oke dan tahan lama.",5,2025-01-20
user_5554,Skincare Serum,Sudah komplain tapi tidak ada solusi.,1,2023-09-21
user_11413,Sepatu Sneakers,Kualitas di atas ekspektasi saya!,5,2023-11-10
sirawan,Celana Jeans,Barang sampai dengan aman dan cepat.,5,2025-01-02
ilyas70,Celana Jeans,"Sudah belanja beberapa kali, selalu puas.",5,2025-05-03
fwasita,Mouse Wireless,"Produk bagus, bahan adem dan sesuai gambar.",5,2024-07-30
user_24122,Powerbank,"Barang cacat, sangat mengecewakan.",2,2023-01-28
user_24387,Sepatu Sneakers,Kualitas sangat buruk.,2,2024-04-17
vincryz,"( HARGA PROMO )kursi lipat lesehan, kursi Lesehan "" OSCAR""ini","Desain:moderen dan menarik
Ukuran:pas dan cocok
Kenyamanan:nyaman untuk duduk

cocok , sesuai harga, pokoknya sip mantab",5,2025-05-02 21:53
irapermadi,Tumbler Stainless,"Respon penjual cepat, barang dikirim hari itu juga.",5,2024-08-08
user_8205,Smartphone Android,Rating tinggi tapi kualitas rendah.,1,2024-03-21
user_22824,Powerbank,Produk tidak sesuai gambar.,1,2023-11-13
miaahusen,Judydoll Mini Eyelash Curler (Penjepit Bulu Mata Tavel Size Untuk Hasil Bulu Mata Lentik Natural),"Ga bs di “lock” sptnya cacat produksi, pas ga di video umboxingnya, ya sudah lah terima nasib",2,2025-06-13 06:52
user_1498,Sepatu Sneakers,Ukuran tidak sesuai deskripsi.,1,2024-01-06
eko99,Headset Bluetooth,Produk original dan kualitasnya premium.,5,2024-07-02
heni_srz,Fleurette| Sandal Wanita| DANIRA,"Kenyamanan:nyaman
Warna:bagus
Durabilitas:baguss

Dipakai nyaman 
Ukuran juga pas untung nya
Sempat ragu mau ambil uk 39, tp akhirnya di 38
Alkhamdulilah pas dan cocok",5,2025-03-11 20:26
user_4759,Skincare Serum,Packing asal-asalan.,2,2023-11-18
user_4455,Kemeja Pria,Packing asal-asalan.,2,2023-02-10
user_6059,Flashdisk 64GB,Packing asal-asalan.,1,2023-06-24
user_23670,Jam Tangan Digital,"Beli karena review bagus, ternyata zonk.",2,2024-11-09
user_15520,Kursi Lipat,Sangat direkomendasikan untuk semua orang.,4,2024-10-10
user_18874,Kursi Lipat,Sangat direkomendasikan untuk semua orang.,5,2023-03-10
radit03,Keyboard Mechanical,"Sudah belanja beberapa kali, selalu puas.",4,2024-10-29
user_19737,Rak Sepatu,Sudah beli berkali-kali di sini dan selalu puas.,4,2024-05-27
user_12618,Smartphone Android,Barang tidak berfungsi dengan baik.,1,2024-12-27
user_17457,Rak Sepatu,Suka banget sama produk ini.,5,2023-07-20
user_7186,Powerbank,Sangat puas dengan pelayanan toko ini.,4,2023-09-19
taswirutama,Mouse Wireless,"Harga terjangkau, kualitas mantap!",5,2024-11-27
user_21821,Mouse Wireless,Tidak direkomendasikan sama sekali.,1,2024-05-23
user_4623,Parfum Wanita,"Puas banget, terima kasih seller!",5,2023-09-29
user_163,Celana Jeans,"Barang cacat, sangat mengecewakan.",1,2023-10-29
dealovawardani29,SKIN1004 [Centella Basic 3] Toning Toner 210ml+Ampoule 100ml+Soothing Cream 75ml,"Tekstur:sangat lembut
Cocok untuk:seluruh jenis kulit
Efek:hasil nya baguss

Bisa tahan lama isi botolnya dan bagus bikin lembab kulit dan menghilangkan brutusan dan pori pori mengecil",5,2025-06-11 16:20
user_10398,Rak Sepatu,Produk kotor dan tidak layak pakai.,1,2023-06-18
user_1322,Celana Jeans,"Mantap, gak nyesel beli di sini.",4,2024-03-04
user_4647,Kaos Polos,Sudah beli berkali-kali di sini dan selalu puas.,4,2023-10-03
user_11024,Headset Gaming,Sangat direkomendasikan untuk semua orang.,4,2024-09-03
bahuwirya09,Headset Bluetooth,"Harga terjangkau, kualitas mantap!",5,2024-11-25
user_7459,Jam Tangan Digital,Pengiriman cepat dan aman.,5,2023-09-23
user_11486,Sepatu Sneakers,Pengiriman sangat lama.,1,2023-12-15
balanggawacana,Kemeja Polos,"Produk bagus, bahan adem dan sesuai gambar.",5,2025-04-20
user_8219,Smartphone Android,Barang tidak berfungsi dengan baik.,2,2023-02-03
purwantiopung,Dompet Kulit,"Sesuai deskripsi, kualitas oke dan tahan lama.",5,2024-12-29
user_6800,Kursi Lipat,Warna dan bentuk persis seperti di gambar.,4,2024-03-11
user_18203,Kaos Polos,"Barang cacat, sangat mengecewakan.",2,2023-09-18
kani39,Parfum Unisex,Produk original dan kualitasnya premium.,5,2024-10-08
user_8896,Parfum Wanita,"Puas banget, terima kasih seller!",4,2023-12-11
user_20764,Kaos Polos,Pengiriman sangat lama.,1,2024-05-15
wawannasyidah,Sepatu Sneakers,"Sudah belanja beberapa kali, selalu puas.",5,2024-09-12
user_13895,Buku Catatan,Barang datang lebih cepat dari perkiraan.,5,2024-04-15
apadmasari,Keyboard Mechanical,"Pengiriman cepat, packing rapi. Recommended!",5,2024-08-12
suryatmigatot,Powerbank 10000mAh,"Sudah belanja beberapa kali, selalu puas.",5,2025-04-19
user_23993,Sepatu Sneakers,Penjual sangat ramah dan fast respon.,4,2024-08-28
user_7309,Celana Jeans,"Beli karena review bagus, ternyata zonk.",1,2023-06-14
ybudiyanto,Tas Ransel,"Sesuai deskripsi, kualitas oke dan tahan lama.",5,2025-04-01
user_24358,Kursi Lipat,Ukuran pas dan sesuai pesanan.,4,2024-10-13
gunartowadi,Headset Bluetooth,"Sudah belanja beberapa kali, selalu puas.",4,2024-07-21
yolandajoko,Keyboard Mechanical,"Harga terjangkau, kualitas mantap!",4,2025-03-16
user_2205,Smartphone Android,Top banget! Bakal order lagi nanti.,4,2023-10-15
kasiran73,Kemeja Polos,"Pengiriman cepat, packing rapi. Recommended!",5,2025-01-24
user_3248,Keyboard Mechanical,Ukuran tidak sesuai deskripsi.,1,2023-07-09
ullyurmila,Gosh Lunaria 277 Sling Bag,"Sleting rusak, kacau ni penjual ngasi brang rusak 
Aduh",1,2025-06-04 09:08
user_10594,Celana Jeans,Kualitas sangat buruk.,1,2023-10-16
user_20530,Skincare Serum,Suka banget sama produk ini.,5,2023-08-14
user_10672,Sepatu Sneakers,Sesuai dengan rating dan review yang saya baca.,4,2024-06-01
dananghakim,Jam Tangan Digital,"Sesuai deskripsi, kualitas oke dan tahan lama.",5,2025-05-01
wawan92,Jam Tangan Digital,"Sudah belanja beberapa kali, selalu puas.",5,2025-01-25
user_9633,Celana Jeans,Barang tidak berfungsi dengan baik.,2,2024-07-20
user_23264,Skincare Serum,Barang datang lebih cepat dari perkiraan.,4,2024-06-15
user_24461,Tas Wanita,Barang datang lebih cepat dari perkiraan.,4,2024-05-27
user_19856,Powerbank,"Barang cacat, sangat mengecewakan.",2,2023-01-09
user_14741,Jam Tangan Digital,"Beli karena review bagus, ternyata zonk.",1,2023-05-27
user_846,Celana Jeans,"Servis buruk, tidak profesional.",1,2024-06-07
fifiiiii13,"Gosh Paperbag 005 (TIDAK DIJUAL PPBG AJA, ORDER HARUS SESUAI QUANTITY PEMBELIAN PRODUK)","Desain:GA DIKIRIM PAPERBAGNYA
Ukuran:GA DIKIRIM PAPERBAGNYA
Keaslian:GA DIKIRIM PAPERBAGNYA",1,2025-06-13 01:22
user_5096,Parfum Wanita,Harga terjangkau dengan kualitas oke.,5,2023-04-03
user_14959,Mouse Wireless,Produk tidak sesuai gambar.,2,2024-11-15
user_9459,Makeup Set,Penjual tidak merespon chat.,1,2023-03-15
user_12281,Skincare Serum,Sangat puas dengan pelayanan toko ini.,4,2024-04-08
prasetya.e,BLACKMORES HEALTHY JOINTS BPOM KALBE - 30 TAB  | Suplemen Kesehatan Sendi Dan Tulang Rawan,"Kadaluarsa:masih lama
Keaslian:asli
Kondisi Paket:aman terkendali

Mantap sekali",5,2025-06-13 09:55
bagiyabudiyanto,Powerbank 10000mAh,"Produk bagus, bahan adem dan sesuai gambar.",5,2024-11-24
user_23384,Tas Wanita,Produk kotor dan tidak layak pakai.,1,2024-09-22
user_2970,Makeup Set,Rating tinggi tapi kualitas rendah.,2,2024-07-16
user_1938,Skincare Serum,Sesuai dengan rating dan review yang saya baca.,5,2023-01-09
user_14407,Parfum Wanita,Pengiriman sangat lama.,2,2023-11-12
user_23592,Keyboard Mechanical,Barang rusak saat diterima.,1,2024-11-07
csihombing,Sandals Pria,"Sesuai deskripsi, kualitas oke dan tahan lama.",5,2024-06-18
user_8864,Skincare Serum,"Barang cacat, sangat mengecewakan.",2,2024-01-15
user_7089,Meja Belajar,Sudah komplain tapi tidak ada solusi.,2,2024-06-16
amzaya21,[New Launch] SKINTIFIC - 377 Dark Spot Essence Toner 80ml | Flek Hitam Brightening Whitening 6-In-1 Efficacy 377 Pro Menyamarkan Noda Hitam,PENGIRIMAN LAMA!!!,1,2025-06-13 20:17
user_712,Keyboard Mechanical,Sudah beli berkali-kali di sini dan selalu puas.,4,2024-05-26
user_360,Powerbank,Sudah komplain tapi tidak ada solusi.,1,2023-11-21
user_209,Buku Catatan,Packing asal-asalan.,2,2024-05-08
user_1388,Headset Gaming,Produk sangat bagus dan sesuai deskripsi!,4,2023-10-23
lsuartini,Jaket Hoodie,"Warnanya cantik dan tahan lama, puas banget!",5,2025-01-06
user_4740,Sepatu Sneakers,"Barang cacat, sangat mengecewakan.",1,2023-07-31
user_5182,Headset Gaming,Worth it banget untuk harga segini.,5,2024-10-12
user_7083,Headset Gaming,Rating tinggi tapi kualitas rendah.,2,2024-01-05
kikiiiiiiiiii33,SKINTIFIC - Perfect Stay Velvet Matte Cushion | Foundation Compact Oil-Control Waterproof Sweatproof Matte Finish Non-Comedogenic Poreless Blue Cushion Foundation Flawless BB&CC Cream Makeup High-Coverage Bedak Skin Tint,"Pengiriman cepat,aman,dan sesuainpesanan. Ringan saat di pakai.pengiriman baik",5,2025-06-09 13:57
cindyraymoonlight7,HijabChic Sandy Broken White Stripe Top - Atasan Kaos Muslim Simple Lengan Pof Oversized Best Seller,"Warna:menarik
Desain:lucu
Kenyamanan:agak panas

Agak panas.
Pengiriman cepat sampai yang dikirim sesuai dengan pesanan harga terjangkau",5,2025-05-18 16:29
user_10398,Mouse Wireless,Kualitas sangat buruk.,2,2024-07-11
user_5455,Jam Tangan Digital,Warna tidak sesuai pesanan.,2,2023-12-06
tari90,Kaos Oblong,Barang sampai dengan aman dan cepat.,5,2025-05-15
user_978,Kursi Lipat,Produk kotor dan tidak layak pakai.,2,2024-08-22
user_21604,Celana Jeans,Warna tidak sesuai pesanan.,2,2024-08-12
n*****8,Sandal Jepit Disney Nevada,"Warna:sesuai
Tampilan:bagus

Alhamdulillah masyaallah tabarakallah barang udh sampai dgn selamat... pengiriman cepat smoga awet  sendalnya aamiin ⭐⭐⭐⭐⭐",5,2024-03-09 15:35
bakiono11,Lipstik Matte,"Sudah belanja beberapa kali, selalu puas.",4,2025-05-26
user_6447,Powerbank,"Barang palsu, bukan original.",2,2024-12-25
user_18601,Jam Tangan Digital,Rating tinggi tapi kualitas rendah.,2,2023-06-15
user_20648,Skincare Serum,Tidak direkomendasikan sama sekali.,1,2024-03-29
wputra,Tas Ransel,"Warnanya cantik dan tahan lama, puas banget!",5,2024-10-03
user_10398,Celana Jeans,Sudah beli berkali-kali di sini dan selalu puas.,5,2024-07-06
user_8059,Rak Sepatu,Barang tidak berfungsi dengan baik.,2,2024-05-29
user_17689,Sepatu Sneakers,Produk kotor dan tidak layak pakai.,2,2023-04-17
user_11753,Mouse Wireless,"Mantap, gak nyesel beli di sini.",5,2023-03-14
user_15748,Sepatu Sneakers,Barang tidak berfungsi dengan baik.,1,2024-07-15
a*****a,Bedcover Set Plain Khaki Dual Color 90x200 - 200x200,"Desain:estetik
Tekstur:lembut
Warna:warna sesuai

ga ekspek ternyata bahan sprei nya selembut itu, bedcovernya juga nyaman dipakai tidak terlalu tebal, suka pokoknya",5,2025-05-23 07:33
user_17031,Meja Belajar,Baru dipakai sebentar sudah rusak.,1,2024-04-23
user_9484,Mouse Wireless,Barang rusak saat diterima.,1,2024-05-07
user_23050,Sepatu Sneakers,Terlalu mahal untuk kualitas seperti ini.,2,2023-10-06
tpalastri,Kaos Oblong,"Pengiriman cepat, packing rapi. Recommended!",5,2024-12-30
user_21473,Flashdisk 64GB,"Puas banget, terima kasih seller!",5,2024-03-11
user_6613,Smartphone Android,Ukuran pas dan sesuai pesanan.,4,2024-03-31
afina12eka,SKINTIFIC -  Acid Peeling Solution Serum 30ml | Eksfoliasi Wajah  Exfoliasi Exfoliating Serum Essence Penghalusan Kulit  Mengangkat Sel Kulit Mati Membersihkan Anti Acne Mencerahkan Jerawat Dark Spot Brightening Mengencangkan Kulit,"Kondisi Barang:palsu
Aroma:wangi
Efek:muka ku kangsung panas dan terasa terbakar,muka langsung merah,sepertinya ini barang palsu",1,2025-06-09 19:50
user_1932,Kursi Lipat,Sudah komplain tapi tidak ada solusi.,2,2023-09-03
user_18998,Skincare Serum,"Beli karena review bagus, ternyata zonk.",1,2024-04-20
karimahuyainah,Mouse Wireless,"Pengiriman cepat, packing rapi. Recommended!",5,2025-06-07
user_2478,Sepatu Sneakers,Barang rusak saat diterima.,1,2024-04-16
yo_r7mbo68,HijabChic Gaiia Beige Top - Kemeja Bordir Bunga Elegan Cantik Bahan Polycotton Lembut Ironless,"Desain:memiliki desain yang bener bener cantik
Bahan:sangat halus dan nyaman
Kualitas:terjamin

Sayang panjang baju untuk atasan di toko ini pendek pendek
Terimakasih",5,2025-06-15 08:43
bpermadi,Headset Bluetooth,Produk original dan kualitasnya premium.,5,2024-07-25
user_23221,Makeup Set,Produk tidak sesuai gambar.,1,2024-06-18
user_746,Sepatu Sneakers,Barang rusak saat diterima.,2,2023-06-05
user_16037,Celana Jeans,Produk kotor dan tidak layak pakai.,1,2024-03-28
user_17249,Makeup Set,Packing asal-asalan.,2,2024-04-05
susantikasiyah,Sepatu Sneakers,Produk original dan kualitasnya premium.,5,2024-11-01
user_24217,Kemeja Pria,"Mantap, gak nyesel beli di sini.",4,2024-02-03
goldjkt.id,SKINTIFIC - 5X Ceramide Barrier Serum 20ml | Merawat skin barrier Serum Mencerahkan Dark Spot Tumpas Komedo anti aging anti acne Eksfoliasi Mengangkat Sel Kulit Mati Exfoliating with Ceramide Probiotik Kompleks Centella Asiatica,"Beli ukuran gede taunya isinya warna kuning🥲
Ga murah loh padahal udah pengiriman instan",1,2025-06-11 13:15
user_20836,Celana Jeans,Kualitas di atas ekspektasi saya!,5,2024-08-14
user_1385,Tas Wanita,Sangat puas dengan pelayanan toko ini.,5,2024-04-27
user_15612,Parfum Wanita,Sudah komplain tapi tidak ada solusi.,1,2023-04-04
npurnawati,Jaket Hoodie,"Warnanya cantik dan tahan lama, puas banget!",5,2024-11-15
user_20222,Powerbank,Harga terjangkau dengan kualitas oke.,5,2024-03-06
user_17981,Flashdisk 64GB,Kualitas sangat buruk.,2,2023-05-14
user_152,Powerbank,Tidak direkomendasikan sama sekali.,2,2024-09-24
najmudingina,Jam Tangan Digital,"Warnanya cantik dan tahan lama, puas banget!",5,2025-03-16
anita22,Jam Tangan Digital,"Packing rapi banget, penjual ramah.",5,2025-04-06
user_17171,Rak Sepatu,"Barang cacat, sangat mengecewakan.",1,2023-02-07
user_5571,Jam Tangan Digital,Top banget! Bakal order lagi nanti.,4,2024-07-27
vsinaga,Keyboard Mechanical,"Pengiriman cepat, packing rapi. Recommended!",5,2024-11-15
user_15702,Tas Wanita,Barang rusak saat diterima.,2,2023-05-22
user_20372,Flashdisk 64GB,Barang original dan berkualitas.,5,2023-01-28
sudiatibakiadi,Sepatu Sneakers,"Sesuai deskripsi, kualitas oke dan tahan lama.",5,2025-05-02
user_497,Skincare Serum,Penjual tidak merespon chat.,2,2023-12-03
r*****a,SKIN1004 Madagascar Centella Light Cleansing Oil 30ml,"Tekstur:cair
Cocok untuk:semua jenis kulit
Aroma:tidaak ada

Udah di pake seminggu.
Ternyata emang buat ngecilin pori pori...
Naambah gong kalo di pake'in barengan sama moisturizer nya...
Bener bener nampol...",5,2025-06-04 14:28
safitricaraka,Powerbank 10000mAh,"Warnanya cantik dan tahan lama, puas banget!",5,2025-02-06
user_16663,Kemeja Pria,Packing asal-asalan.,1,2024-12-26
user_15424,Headset Gaming,Barang original dan berkualitas.,5,2023-05-01
user_20189,Makeup Set,"Beli karena review bagus, ternyata zonk.",2,2023-11-24
user_9451,Powerbank,Penjual tidak merespon chat.,1,2024-06-22
user_20650,Kursi Lipat,Harga terjangkau dengan kualitas oke.,4,2023-07-11
user_18017,Powerbank,"Barang cacat, sangat mengecewakan.",2,2024-01-10
user_15166,Tas Wanita,Kualitas di atas ekspektasi saya!,4,2023-05-27
user_2164,Headset Gaming,Ukuran pas dan sesuai pesanan.,4,2024-12-21
ikawijayanti,Sandals Pria,"Harga terjangkau, kualitas mantap!",4,2024-10-25
_*****8,SKINTIFIC - Mugwort Acne Clay Stick + Alaska Clay Stick | Clay Stick Combo Masker Wajah Komedo Acner Eksfoliasi Wajah Glowing Kecantikan Skincare Niacinamide Salicylic Acid Ceramide Centella Glycolic Acid Probiotic Complex,"Roll bawahnya dol, gabisa di puter samsek. salah sy sih buka produk ga di video in samsek, tp siapa yg kepikiran rusaknya tuh di bagian dlmnya. Soalnya kotaknya full masoh ke segel , kecewa bgt deh",1,2025-06-14 14:01
user_16289,Mouse Wireless,Pengiriman cepat dan aman.,4,2023-09-17
user_11024,Headset Gaming,Kualitas sangat buruk.,2,2023-06-12
user_21030,Flashdisk 64GB,"Servis buruk, tidak profesional.",1,2023-02-25
ytamba,Lipstik Matte,Barang sampai dengan aman dan cepat.,4,2024-07-16
m*****i,ERHA Follicore 30 caps - Suplemen Rambut Rontok,"Kadaluarsa:masa berlaku produk panjang
Tekstur:seperti kapsul isi pada umumnya
Keaslian:terjamin original",5,2025-06-13 05:37
novaulyana21,SKINTIFIC - Amino Acid Ultra Gentle Cleansing Mousse 100ml,Saya sudah chat admin minta tolong dikasih expired yang paling lama. Tapi dikasih yang tahun 2026 😥😥,2,2025-06-07 19:39
user_10907,Parfum Wanita,Baru dipakai sebentar sudah rusak.,2,2024-02-10
user_11000,Kemeja Pria,Sudah komplain tapi tidak ada solusi.,1,2024-11-15
user_5840,Meja Belajar,Penjual tidak merespon chat.,2,2023-10-24
user_23441,Flashdisk 64GB,Suka banget sama produk ini.,5,2023-03-14
user_13700,Headset Gaming,Sudah komplain tapi tidak ada solusi.,2,2024-12-01
user_23597,Kaos Polos,Sangat puas dengan pelayanan toko ini.,5,2023-12-16
user_1784,Parfum Wanita,Packing asal-asalan.,2,2024-03-29
user_6369,Makeup Set,Produk kotor dan tidak layak pakai.,1,2023-04-06
user_19011,Skincare Serum,"Barang palsu, bukan original.",2,2024-07-14
user_21942,Tas Wanita,Produk kotor dan tidak layak pakai.,1,2023-07-23
user_6056,Kemeja Pria,Packing rapi dan aman sampai tujuan.,4,2024-05-16
lizafroulina,ERHA Twin Flame Acneact Gentle Acne Facial Wash Witch Hazel & BHA 100g  - Sabun Wajah Jerawat,Kelihatannya admin lupa kalau yang saya pesan twin pack. Yang dikirim cuma 1 pcs facial wash. Tidak sempat videokan unboxing. It's ok tapi minta tlg admin lebih perhatikan utk ke depannya.,1,2025-06-12 20:21
user_17878,Mouse Wireless,Sangat puas dengan pelayanan toko ini.,4,2023-09-18
ahassanah,Jam Tangan Digital,"Packing rapi banget, penjual ramah.",5,2025-04-20
inamaga,Dompet Kulit,Barang sampai dengan aman dan cepat.,5,2024-12-13
iwibisono,Dompet Kulit,"Packing rapi banget, penjual ramah.",5,2024-07-28
user_14614,Rak Sepatu,Sudah komplain tapi tidak ada solusi.,2,2024-07-16
user_11210,Kemeja Pria,Barang datang lebih cepat dari perkiraan.,5,2024-04-10
user_11146,Celana Jeans,"Barang palsu, bukan original.",1,2024-07-25
user_8823,Celana Jeans,Barang original dan berkualitas.,4,2024-04-08
user_16323,Rak Sepatu,Ukuran tidak sesuai deskripsi.,1,2024-10-20
fujiatiokto,Tumbler Stainless,"Pengiriman cepat, packing rapi. Recommended!",5,2024-09-26
user_22035,Flashdisk 64GB,Ukuran pas dan sesuai pesanan.,4,2023-08-09
user_10996,Keyboard Mechanical,Sangat puas dengan pelayanan toko ini.,4,2024-06-26
zelda64,Keyboard Mechanical,Produk original dan kualitasnya premium.,5,2024-12-06
user_7612,Flashdisk 64GB,Barang datang lebih cepat dari perkiraan.,4,2024-04-04
user_24091,Powerbank,Penjual tidak merespon chat.,2,2023-01-17
mustofamalika,Sandals Pria,Barang sampai dengan aman dan cepat.,4,2024-09-15
user_2446,Rak Sepatu,"Puas banget, terima kasih seller!",4,2023-01-28
s*****u,SKIN1004 Madagascar Centella Watergel Sheet Ampoule Mask 1ea,"Aroma:Wangi
Kadaluarsa:Masa berlaku panjang
Keaslian:Original

Alhamdulillaah
Walau lama nyampe. Akhirnya datrng juga oaket mukenah terusan warnanya seperti wine atau bugundy. Bagus cantik sekali. Bahan halus. Aroma wangi. Nyaman dipake saat sholat. Semoga berkah barokah. Terima kasih seller. Sukses selalu.",5,2025-06-11 19:50
anitapermatasari98,SKINTIFIC - Perfect Stay Velvet Matte Cushion | Foundation Compact Oil-Control Waterproof Sweatproof Matte Finish Non-Comedogenic Poreless Blue Cushion Foundation Flawless BB&CC Cream Makeup High-Coverage Bedak Skin Tint,Kapok beli disini enggak amanah gak sesuai pesanan yang dibeli cushion sama tempat kacanya malah dikirim refillnya😤😤,1,2025-06-10 07:36
user_19328,Lampu Tidur,Harga terjangkau dengan kualitas oke.,4,2024-09-30
user_673,Smartphone Android,Terlalu mahal untuk kualitas seperti ini.,2,2024-11-02
c*****_,Gosh Lunaria 412 Shoulder Bag,"Desain:baik
Pas untuk Acara:ya
Kapasitas:baik

bagus bangettttt",5,2025-06-09 17:09
user_1156,Sepatu Sneakers,"Pelayanan cepat, packing aman, produk oke!",4,2023-09-01
user_2543,Makeup Set,Penjual tidak merespon chat.,1,2024-12-03
garanrajasa,Dompet Kulit,"Respon penjual cepat, barang dikirim hari itu juga.",4,2025-06-01
user_18971,Parfum Wanita,Ukuran pas dan sesuai pesanan.,4,2024-09-23
latikasihotang,Tumbler Stainless,"Produk bagus, bahan adem dan sesuai gambar.",5,2024-09-13
vkusmawati,Tumbler Stainless,"Harga terjangkau, kualitas mantap!",5,2025-06-09
user_21691,Keyboard Mechanical,Worth it banget untuk harga segini.,5,2023-11-10
user_799,Headset Gaming,Pengiriman sangat lama.,1,2024-08-25
kpangestu,Dompet Kulit,"Respon penjual cepat, barang dikirim hari itu juga.",5,2025-06-02
user_7184,Skincare Serum,Sangat kecewa dengan produk ini.,2,2023-03-05
indrahariyah,Jaket Hoodie,"Sesuai deskripsi, kualitas oke dan tahan lama.",5,2025-01-15
user_17526,Buku Catatan,Suka banget sama produk ini.,5,2024-02-04
user_12508,Mouse Wireless,Sudah komplain tapi tidak ada solusi.,1,2024-01-30
user_20841,Makeup Set,Sudah beli berkali-kali di sini dan selalu puas.,5,2024-12-29
user_9277,Buku Catatan,"Barang cacat, sangat mengecewakan.",1,2024-01-22
gasti09,Jaket Hoodie,Produk original dan kualitasnya premium.,5,2025-05-24
user_14002,Kaos Polos,"Barang palsu, bukan original.",1,2023-02-24
user_8364,Mouse Wireless,Ukuran pas dan sesuai pesanan.,5,2023-04-13
user_15178,Smartphone Android,Ukuran tidak sesuai deskripsi.,1,2023-11-03
user_16890,Skincare Serum,Produk sangat bagus dan sesuai deskripsi!,5,2023-06-29
user_1206,Kaos Polos,Suka banget sama produk ini.,4,2024-11-11
lmansur,Kemeja Polos,"Pengiriman cepat, packing rapi. Recommended!",5,2024-11-03
user_17435,Keyboard Mechanical,Produk kotor dan tidak layak pakai.,1,2023-05-19
user_20655,Kaos Polos,Penjual tidak merespon chat.,1,2023-12-18
user_14743,Keyboard Mechanical,Penjual sangat ramah dan fast respon.,5,2024-01-03
user_12683,Mouse Wireless,Sangat direkomendasikan untuk semua orang.,5,2024-08-17
user_321,Jam Tangan Digital,Sesuai dengan rating dan review yang saya baca.,4,2023-08-24
user_21808,Celana Jeans,Terlalu mahal untuk kualitas seperti ini.,2,2024-08-15
user_4038,Kaos Polos,Barang datang lebih cepat dari perkiraan.,4,2024-08-01
user_216,Jam Tangan Digital,Warna tidak sesuai pesanan.,1,2024-09-27
user_4728,Sepatu Sneakers,Kualitas di atas ekspektasi saya!,4,2024-07-27
user_24961,Powerbank,Pengiriman cepat dan aman.,4,2023-02-14
user_6629,Tas Wanita,Warna tidak sesuai pesanan.,1,2024-03-16
sitiwidiastuti,Lipstik Matte,"Harga terjangkau, kualitas mantap!",5,2024-09-17
user_10900,Rak Sepatu,Terlalu mahal untuk kualitas seperti ini.,2,2024-04-02
user_2275,Makeup Set,"Barang palsu, bukan original.",1,2023-01-27
user_6273,Kemeja Pria,Kualitas di atas ekspektasi saya!,5,2023-09-28
candra00,Tumbler Stainless,Produk original dan kualitasnya premium.,5,2024-07-25
user_7080,Mouse Wireless,Produk tidak sesuai gambar.,1,2023-02-19
user_10732,Tas Wanita,"Beli karena review bagus, ternyata zonk.",2,2023-05-19
user_14064,Kursi Lipat,Penjual tidak merespon chat.,2,2023-04-09
user_12041,Keyboard Mechanical,Sangat kecewa dengan produk ini.,1,2023-06-19
user_1730,Mouse Wireless,"Beli karena review bagus, ternyata zonk.",1,2023-08-27
user_21971,Smartphone Android,Top banget! Bakal order lagi nanti.,4,2024-06-29
d*****h,Sandal Rumah Miniso,"Kenyamanan:nyaman dan ringan di kaki
Warna:pink
Durabilitas:tahan lama",5,2025-01-19 05:21
user_15151,Lampu Tidur,Sudah komplain tapi tidak ada solusi.,2,2024-07-04
user_21005,Buku Catatan,"Barang palsu, bukan original.",2,2023-06-02
lutrigreselina725,SKINTIFIC - Glycolic Acid Exfoliating Daily Clarifying Toner AHA PHA Eksfoliasi Kulit Acne Treatment Eksfoliasi Wajah Summer Autumn Skin Barrier Improve,"gak sesuai aja yang di pesan apa, yang datang apa
kecewa",2,2025-06-10 19:18
user_10862,Headset Gaming,Pengiriman sangat lama.,2,2023-02-26
rahimahbagas,Headset Bluetooth,Barang sampai dengan aman dan cepat.,5,2024-11-17
pmarbun,Jam Tangan Digital,"Warnanya cantik dan tahan lama, puas banget!",4,2024-12-03
ratihsitumorang,Powerbank 10000mAh,"Packing rapi banget, penjual ramah.",5,2024-08-02
user_2344,Tas Wanita,"Barang palsu, bukan original.",2,2024-05-28
user_11545,Tas Wanita,Packing rapi dan aman sampai tujuan.,5,2024-02-11
ilyassudiati,Celana Jeans,"Warnanya cantik dan tahan lama, puas banget!",5,2024-09-08
hamimasaputra,Lipstik Matte,"Sudah belanja beberapa kali, selalu puas.",5,2024-09-23
hadipudjiastuti,Lipstik Matte,Barang sampai dengan aman dan cepat.,5,2025-02-01
user_2015,Lampu Tidur,Produk sangat bagus dan sesuai deskripsi!,5,2023-06-02
user_18898,Makeup Set,Produk kotor dan tidak layak pakai.,1,2023-10-13
user_18473,Kursi Lipat,Baru dipakai sebentar sudah rusak.,1,2024-05-26
user_14993,Tas Wanita,Barang datang lebih cepat dari perkiraan.,4,2024-07-04
user_11486,Buku Catatan,Produk kotor dan tidak layak pakai.,1,2023-07-02
user_438,Sepatu Sneakers,Barang tidak berfungsi dengan baik.,2,2024-09-13
user_1888,Lampu Tidur,"Mantap, gak nyesel beli di sini.",5,2023-01-28
bnababan,Jam Tangan Digital,"Sesuai deskripsi, kualitas oke dan tahan lama.",5,2025-03-29
putukusumo,Jam Tangan Digital,"Harga terjangkau, kualitas mantap!",5,2025-02-12
rezayuniar,Parfum Unisex,"Sesuai deskripsi, kualitas oke dan tahan lama.",4,2025-03-31
user_13384,Kemeja Pria,Sangat puas dengan pelayanan toko ini.,4,2023-10-31
user_15066,Powerbank,Sudah komplain tapi tidak ada solusi.,1,2023-04-01
user_16390,Rak Sepatu,Baru dipakai sebentar sudah rusak.,1,2023-08-20
user_10338,Sepatu Sneakers,Pengiriman sangat lama.,1,2024-07-12
user_1166,Mouse Wireless,Worth it banget untuk harga segini.,4,2023-09-02
galihwacana,Sandals Pria,"Warnanya cantik dan tahan lama, puas banget!",4,2024-07-13
user_19992,Parfum Wanita,Tidak direkomendasikan sama sekali.,2,2024-02-06
nsafitri,Kaos Oblong,Barang sampai dengan aman dan cepat.,5,2025-01-27
user_23338,Jam Tangan Digital,Penjual sangat ramah dan fast respon.,5,2024-01-23
rikofernandi,Tas Selempang Pria  urban factor - RHYS Sling Bag Kasual Unisex,Mantap kali keren barsngnya,5,2025-03-03 18:43
user_10463,Rak Sepatu,Ukuran tidak sesuai deskripsi.,2,2023-03-19
user_13546,Mouse Wireless,Sudah beli berkali-kali di sini dan selalu puas.,4,2023-07-01
safina08,Tas Ransel,"Sesuai deskripsi, kualitas oke dan tahan lama.",4,2025-01-12
user_13835,Skincare Serum,Warna dan bentuk persis seperti di gambar.,5,2024-12-18
maheswaramelinda,Lipstik Matte,Barang sampai dengan aman dan cepat.,4,2024-09-09
user_2862,Lampu Tidur,Top banget! Bakal order lagi nanti.,4,2024-03-29
user_17771,Headset Gaming,Penjual tidak merespon chat.,2,2023-01-06
user_17890,Mouse Wireless,Sudah komplain tapi tidak ada solusi.,1,2023-08-09
user_3666,Kemeja Pria,Barang tidak berfungsi dengan baik.,2,2024-10-18
user_5759,Flashdisk 64GB,Packing asal-asalan.,2,2023-09-11
user_4645,Makeup Set,Kualitas sangat buruk.,2,2024-10-16
user_10439,Tas Wanita,Penjual tidak merespon chat.,2,2023-08-18
user_15701,Makeup Set,Barang tidak berfungsi dengan baik.,2,2024-07-15
user_17227,Headset Gaming,Sangat direkomendasikan untuk semua orang.,5,2024-07-07
user_18320,Parfum Wanita,Kualitas sangat buruk.,2,2024-01-09
user_476,Lampu Tidur,Worth it banget untuk harga segini.,4,2023-03-11
user_22763,Kursi Lipat,"Servis buruk, tidak profesional.",1,2024-08-08
user_4891,Mouse Wireless,"Beli karena review bagus, ternyata zonk.",1,2024-01-15
user_14808,Headset Gaming,Barang tidak berfungsi dengan baik.,2,2024-02-24
n*****0,HijabChic Amiya Creme Top - Baju Lebaran Katun Premium Tali Pita Cantik Motif Bunga Busui,"Desain:cantik
Warna:soft pastel
Kenyamanan:nyaman

Motifnya cantik
Suka bgt sama perpaduan warnanya !!!
Bahannya halus, tidak tebal ataupun tipis
Tp sizenya kebesaran buat saya jd msti dikecilin
Terima kasih",5,2025-03-21 13:52
user_18456,Mouse Wireless,Worth it banget untuk harga segini.,4,2024-01-02
user_19916,Flashdisk 64GB,Packing asal-asalan.,1,2023-08-06
user_1873,Celana Jeans,Sudah beli berkali-kali di sini dan selalu puas.,4,2023-05-24
user_18897,Makeup Set,Ukuran tidak sesuai deskripsi.,2,2024-11-04
user_17264,Meja Belajar,Warna dan bentuk persis seperti di gambar.,4,2024-04-14
user_3721,Skincare Serum,Baru dipakai sebentar sudah rusak.,2,2024-05-25
user_9905,Kursi Lipat,Suka banget sama produk ini.,5,2024-10-30
permadiilyas,Mouse Wireless,Barang sampai dengan aman dan cepat.,4,2025-04-29
user_11216,Flashdisk 64GB,Barang tidak berfungsi dengan baik.,1,2023-07-01
user_20940,Makeup Set,Produk tidak sesuai gambar.,2,2024-11-01
user_15293,Parfum Wanita,Barang datang lebih cepat dari perkiraan.,5,2023-03-18
user_17361,Meja Belajar,Tidak direkomendasikan sama sekali.,2,2024-02-01
user_1638,Powerbank,Produk kotor dan tidak layak pakai.,1,2023-09-25
user_5908,Meja Belajar,Penjual sangat ramah dan fast respon.,4,2024-11-12
user_6889,Makeup Set,Ukuran pas dan sesuai pesanan.,5,2023-07-09
oniescrochet,Gio Saverino Flat Shoes Tali Wanita Norita,"Desain:cantik
Kenyamanan:nyaman
Tekstur:empuk banget

Ini sih agak ga percaya awalnya.. krn selain jauh di medan, harga murah, apa bs secakep gambar. Mana langsung beli 2 kan.. ternyata beneran senyaman dan secantik gambaaar.. ga ragu deh ntar beli lg.. thank you..",5,2025-06-12 17:10
user_20648,Mouse Wireless,Sudah komplain tapi tidak ada solusi.,1,2023-02-12
anindah01,Gosh Zinnia 449 Backpack,"Desain:Elegan
Keaslian:Ori official
Kualitas:bagus banget bahan tebal

Bagus banget, desainnya elegan simple.. nggak nyesel.. bahan tebal, agak berat soalnya ada besi nya di bagian depan.
Pengiriman cepet banget cuma 1 hari doang",5,2025-06-08 20:21
user_1682,Skincare Serum,Produk sangat bagus dan sesuai deskripsi!,4,2023-03-11
user_23759,Headset Gaming,Rating tinggi tapi kualitas rendah.,1,2023-01-11
user_674,Tas Wanita,Packing asal-asalan.,1,2023-01-11
zahra33,Sepatu Sneakers,"Harga terjangkau, kualitas mantap!",5,2024-10-17
user_15408,Buku Catatan,Worth it banget untuk harga segini.,4,2024-01-13
user_24991,Jam Tangan Digital,"Barang cacat, sangat mengecewakan.",2,2023-04-16
gracevictoria396,SKIN1004 Madagascar Centella Toning Toner 400ml,"Tekstur:cepat meresap dikulit
Daya Serap:sangat baguss
Cocok untuk:cocok untuk muka sensitif dan berjerawat

Untuk paketnya tolong diperbaiki lagi yaa, karena sampe rusak begitu paketnya tapi untungnya barang""nya masih aman ngak ada yang pecah atau lecet",5,2025-06-11 23:01
jasmani27,Jaket Hoodie,"Sudah belanja beberapa kali, selalu puas.",4,2025-01-22
user_350,Sepatu Sneakers,"Beli karena review bagus, ternyata zonk.",2,2023-05-31
user_6948,Powerbank,Warna tidak sesuai pesanan.,2,2024-07-20
user_14765,Keyboard Mechanical,Warna dan bentuk persis seperti di gambar.,4,2024-11-23
user_7517,Keyboard Mechanical,Pengiriman sangat lama.,2,2024-01-07
user_3425,Kursi Lipat,"Barang cacat, sangat mengecewakan.",1,2023-09-19
user_23653,Powerbank,Suka banget sama produk ini.,5,2023-01-20
azaleaputri1717,Dompet Shopie Martin Wanita W2374B7,Bagus bgt pkoknya😍😍😍😍,5,2025-05-30 21:24
user_4444,Tas Wanita,Tidak direkomendasikan sama sekali.,1,2023-12-19
laila79,Keyboard Mechanical,"Produk bagus, bahan adem dan sesuai gambar.",5,2025-06-02
user_3236,Mouse Wireless,Barang rusak saat diterima.,2,2024-03-04
user_7417,Sepatu Sneakers,Sangat kecewa dengan produk ini.,1,2024-02-04
user_17652,Rak Sepatu,Suka banget sama produk ini.,4,2023-09-17
user_11729,Headset Gaming,Penjual sangat ramah dan fast respon.,4,2024-12-07
user_4458,Kaos Polos,Ukuran pas dan sesuai pesanan.,4,2024-07-09
ajionopudjiastuti,Sandals Pria,"Harga terjangkau, kualitas mantap!",5,2024-09-16
user_10340,Kemeja Pria,"Pelayanan cepat, packing aman, produk oke!",5,2024-09-13
user_17202,Kaos Polos,Kualitas sangat buruk.,2,2023-04-09
iiswahyudi,Jaket Hoodie,"Harga terjangkau, kualitas mantap!",5,2024-12-03
user_24011,Lampu Tidur,Penjual tidak merespon chat.,1,2024-12-15
user_5977,Kaos Polos,Barang rusak saat diterima.,2,2024-12-30
eka_maya,Sponge Mandi / Bath Spons / Sabut Spon Shower Puff / Sikat Tubuh Badan,kecil banget,2,2025-06-05 11:15
wkurniawan,Celana Jeans,"Sesuai deskripsi, kualitas oke dan tahan lama.",5,2025-04-17
user_23606,Smartphone Android,Pengiriman sangat lama.,2,2024-10-16
user_19676,Headset Gaming,Barang original dan berkualitas.,5,2023-08-20
k*****4,Gosh Avellino 463 Sandal Flat,cakepppp bahannya jelly,5,2025-06-15 12:43
prabowokartika,Jam Tangan Digital,"Warnanya cantik dan tahan lama, puas banget!",4,2024-09-17
hutasoithardi,Kemeja Polos,Barang sampai dengan aman dan cepat.,5,2024-12-28
user_20213,Powerbank,Sesuai dengan rating dan review yang saya baca.,4,2023-03-22
user_18525,Rak Sepatu,Sudah komplain tapi tidak ada solusi.,1,2024-01-27
user_6065,Flashdisk 64GB,Sangat kecewa dengan produk ini.,2,2024-11-07
epuspita,Kaos Oblong,"Harga terjangkau, kualitas mantap!",5,2025-06-03
user_18390,Kaos Polos,Baru dipakai sebentar sudah rusak.,2,2023-10-17
user_3629,Kursi Lipat,Rating tinggi tapi kualitas rendah.,2,2024-08-29
iswahyudiaurora,Parfum Unisex,Barang sampai dengan aman dan cepat.,5,2024-12-06
abdiiyang,Disney Double Strap MKBAS92 Sandal Wanita 121283595,"Desain:sangat menarik dan cantik
Keaslian:terjamin asli
Kenyamanan:nyaman sekali

Barung bagus, packingnya juga mantap. Alhamdulillah istri saya suka banget☺️",5,2025-06-11 22:15
user_24248,Skincare Serum,"Beli karena review bagus, ternyata zonk.",1,2023-05-07
radenanggraini,Tas Ransel,"Packing rapi banget, penjual ramah.",4,2024-09-17
user_9496,Parfum Wanita,Ukuran tidak sesuai deskripsi.,1,2024-03-22
pa209biam0,HijabChic Allium Orchid Purple Dress - Dress Lebaran Sarimbit Satin Motif Bunga Elegan Tali Pinggang,"Desain:Designnya bagus
Kenyamanan:nyaman
Kualitas:jahitan tidak rapi, benangnya keluar

Jahitan di bagian pergelangan tangan tidak rapi. Benang""nya pada berkeluaran. Padahal bajunya bagus, dengan harga yang cukup mahal bagi saya kenapa yang kerusakannya begitu jelas lewat di bagian quality control. 
Harusnya lebih teliti lagi saya kecewa beli baju mahal tapi dapatnya nggak banget",2,2025-05-13 11:02
user_17415,Meja Belajar,Ukuran tidak sesuai deskripsi.,2,2024-11-13
user_1403,Rak Sepatu,Produk tidak sesuai gambar.,1,2024-04-18
user_17,Flashdisk 64GB,Ukuran pas dan sesuai pesanan.,4,2023-10-02
user_9314,Rak Sepatu,Ukuran tidak sesuai deskripsi.,1,2023-05-16
user_13256,Jam Tangan Digital,Sudah komplain tapi tidak ada solusi.,1,2023-11-27
rachel93,Dompet Kulit,"Sesuai deskripsi, kualitas oke dan tahan lama.",5,2025-01-16
user_12401,Headset Gaming,Rating tinggi tapi kualitas rendah.,1,2024-08-01
user_8682,Smartphone Android,Kualitas sangat buruk.,1,2024-03-31
user_3318,Smartphone Android,Sangat puas dengan pelayanan toko ini.,5,2023-07-07
user_3836,Celana Jeans,"Mantap, gak nyesel beli di sini.",4,2024-10-25
user_2597,Lampu Tidur,Produk sangat bagus dan sesuai deskripsi!,4,2023-07-07
hasnaprabowo,Kemeja Polos,"Harga terjangkau, kualitas mantap!",5,2025-02-05
nasim72,Kaos Oblong,"Sudah belanja beberapa kali, selalu puas.",5,2024-09-14
user_14920,Powerbank,Sudah beli berkali-kali di sini dan selalu puas.,4,2023-05-26
user_18050,Buku Catatan,Worth it banget untuk harga segini.,5,2023-11-22
evasusanti,Jam Tangan Digital,"Pengiriman cepat, packing rapi. Recommended!",5,2024-12-21
user_22150,Kaos Polos,Sudah komplain tapi tidak ada solusi.,1,2024-01-13
user_24031,Rak Sepatu,"Barang palsu, bukan original.",1,2023-01-02
sitiplaystore122,SKINTIFIC - Ultra Cover Powder Foundation 9g |  Two Way Cake Pressed Powder Matte Bedak tabur Padat ori Compact Meratakan warna kulit with Carnosine Ectoin Squalane Silk TWC Powder cushion matte official biru cushion tahan lama blur,"Tekstur:hlus
Warna:pas
Kualitas:oke,tpi sayang bedak ny pecah hancur,jdy rubi bly ny,mna mau kmbaliin sush,ribet",1,2025-06-10 18:22
melanimalika,Headset Bluetooth,"Respon penjual cepat, barang dikirim hari itu juga.",5,2024-10-22
user_19555,Kaos Polos,Sudah beli berkali-kali di sini dan selalu puas.,4,2023-08-29
user_1701,Rak Sepatu,Ukuran tidak sesuai deskripsi.,1,2023-09-23
user_11699,Buku Catatan,Pengiriman sangat lama.,2,2024-09-05
user_4188,Powerbank,Packing asal-asalan.,1,2023-12-09
user_6409,Smartphone Android,Ukuran tidak sesuai deskripsi.,2,2023-06-17
user_13567,Keyboard Mechanical,Suka banget sama produk ini.,5,2023-04-01
user_2645,Keyboard Mechanical,Sudah komplain tapi tidak ada solusi.,1,2024-01-13
user_381,Kaos Polos,Sangat direkomendasikan untuk semua orang.,5,2023-08-31
user_17835,Kaos Polos,Packing asal-asalan.,1,2023-05-24
user_187,Jam Tangan Digital,"Servis buruk, tidak profesional.",2,2023-11-30
iiyurent96,SKINTIFIC - Perfect Stay Velvet Matte Cushion | Foundation Compact Oil-Control Waterproof Sweatproof Matte Finish Non-Comedogenic Poreless Blue Cushion Foundation Flawless BB&CC Cream Makeup High-Coverage Bedak Skin Tint,Pesanan tidak sesuai,2,2025-06-10 08:48
user_15109,Tas Wanita,Produk kotor dan tidak layak pakai.,2,2023-01-29
user_24247,Kemeja Pria,"Puas banget, terima kasih seller!",4,2023-05-01
q*****5,[BEST SELLING] BNB barenbliss Lily Makes Luminous Glow Tint Lip tint melembapkan berkilau berwarna alami dan tahan lama 12 jam,"Tekstur:TAHAN LAMAA GA LENGKETT
Warna:CERAHH BAGUS BGT
Cocok untuk:buat kulit bibir apapun cocokkk

AKU UDAHH BELII 10x lebihh BNB BANYAK NYAA LIP GLOW SHD 03 PIGGY PLUM SOALNYA WARNA NYAA COCOK BGTT PLSS GEMAYY, tanpaa ombre’ UDH KAYA DOUYIN",5,2025-06-15 12:33
user_24990,Celana Jeans,Terlalu mahal untuk kualitas seperti ini.,1,2024-08-08
user_6721,Flashdisk 64GB,Barang original dan berkualitas.,5,2023-05-29
user_23528,Keyboard Mechanical,Harga terjangkau dengan kualitas oke.,4,2024-09-14
user_2792,Makeup Set,Ukuran pas dan sesuai pesanan.,5,2024-10-08
ynajmudin,Dompet Kulit,"Respon penjual cepat, barang dikirim hari itu juga.",5,2024-10-15
ullyurmila,Gosh Lunaria 277 Sling Bag,"Sleting rusak, kacau ni penjual ngasi brang rusak 
Aduh",1,2025-06-04 09:08
lulut52,Sepatu Sneakers,"Sudah belanja beberapa kali, selalu puas.",5,2024-07-18
user_13713,Mouse Wireless,Packing asal-asalan.,2,2024-12-23
user_23757,Kursi Lipat,Barang rusak saat diterima.,1,2024-12-19
m*****a,Gosh Bolzano 490 Sneakers,"Kayak bekas dipakai, banyak noda. Yg noda merah tidak bisa hilang walau sudah dibersihkan. Barang diterima 19.52. Itu saya buka 20.30an..saya foto 20.50an. Jd kotor uda jelas bkn karena saya ya. Waktunya aja gak mungkin saya pakai buat jalan2 dulu kan. Sudah lah. Saya gak buat video unboxing karena percaya nama Gosh, tapi ternyata sebelum dikirim gak diperiksa dulu.",1,2025-06-12 10:47
a*****a,SKINTIFIC - 5X Ceramide Barrier Moisturizer Gel 30g | Cream pencerah Wajah Calming Whitening Brightening Dark Spot Pelembab Wajah Pemutih Wajah Facial Moisturizer Day Cream Night Cream Skincare BPOM Niacinamide with Centella Acid Sooth Sunburn,Pesan 2 tapi yg dikirim cuma 1,1,2025-06-08 13:10
j5jd3bdff9,BOSTANTEN Set Kombinasi Dompet PU Dan Sabuk Kulit Sapi Pria (Kotak+Tas Hadiah),"Desain:menarik
Warna:warna sesuai
Kualitas:terpercaya

Barang bagus ..sesuai yg di fhoto sangat puas",5,2025-06-12 19:17
user_21895,Rak Sepatu,Baru dipakai sebentar sudah rusak.,2,2023-09-14
anitapermatasari98,SKINTIFIC - Perfect Stay Velvet Matte Cushion | Foundation Compact Oil-Control Waterproof Sweatproof Matte Finish Non-Comedogenic Poreless Blue Cushion Foundation Flawless BB&CC Cream Makeup High-Coverage Bedak Skin Tint,Kapok beli disini enggak amanah gak sesuai pesanan yang dibeli cushion sama tempat kacanya malah dikirim refillnya😤😤,1,2025-06-10 07:36
jayadi41,Powerbank 10000mAh,"Sudah belanja beberapa kali, selalu puas.",4,2025-04-23
user_12931,Keyboard Mechanical,Suka banget sama produk ini.,5,2023-05-22
user_1762,Keyboard Mechanical,Sudah beli berkali-kali di sini dan selalu puas.,5,2024-05-02
user_16716,Smartphone Android,"Servis buruk, tidak profesional.",1,2023-01-25
kamaria71,Jam Tangan Digital,"Harga terjangkau, kualitas mantap!",5,2024-11-02
putrialdaferamarta,Korek Kuping 5 in 1 Set Pembersih Telinga - Ear Cleaner 5in1 Earpick Wax Ear Pick Care Tool Perawatan Ears MB - OX,"pesanan saya tidak datang, penjualnya tidak amanah dan tidak balas chat customer",1,2025-06-07 06:35
user_12765,Powerbank,Pengiriman sangat lama.,2,2023-01-14
user_3785,Kaos Polos,"Barang cacat, sangat mengecewakan.",2,2023-11-17
user_13414,Meja Belajar,Rating tinggi tapi kualitas rendah.,1,2023-11-22
luwar17,Mouse Wireless,"Sudah belanja beberapa kali, selalu puas.",5,2024-10-13
user_6171,Sepatu Sneakers,Warna dan bentuk persis seperti di gambar.,4,2024-03-15
user_23144,Parfum Wanita,"Puas banget, terima kasih seller!",5,2024-07-10
nurainibalapati,Dompet Kulit,Barang sampai dengan aman dan cepat.,5,2025-05-01
rahayu12,Headset Bluetooth,"Warnanya cantik dan tahan lama, puas banget!",4,2024-07-06
user_24009,Buku Catatan,Packing asal-asalan.,2,2024-06-10
tpangestu,Tumbler Stainless,Barang sampai dengan aman dan cepat.,5,2025-02-15
user_8217,Buku Catatan,"Barang cacat, sangat mengecewakan.",2,2024-12-07
user_10568,Tas Wanita,Barang rusak saat diterima.,1,2024-04-12
user_21650,Skincare Serum,Sangat kecewa dengan produk ini.,1,2023-02-14
user_22164,Skincare Serum,Produk kotor dan tidak layak pakai.,1,2023-09-05
daliono69,Parfum Unisex,"Packing rapi banget, penjual ramah.",4,2024-10-30
dasa90,Celana Jeans,"Warnanya cantik dan tahan lama, puas banget!",4,2024-11-05
user_24537,Meja Belajar,Ukuran tidak sesuai deskripsi.,1,2023-11-26
user_8567,Smartphone Android,"Pelayanan cepat, packing aman, produk oke!",4,2024-08-21
user_23421,Makeup Set,Kualitas di atas ekspektasi saya!,4,2023-04-15
user_19037,Celana Jeans,Rating tinggi tapi kualitas rendah.,2,2023-08-13
abu_azka,[​NEW ADVANCED FORMULA] SKINTIFIC - 5X Ceramide Serum Sunscreen SPF 50+ PA++++ 50ml | Melembapkan Hidrasi Lembap Sunblock Sun-Repair Invisible Serum 2-in-1 Skincare Sunscreen Skin True to Skin Sunscreen Aqua Sunblock Glowing Barrier,Pembelian ketiga disini... Secara produk ini kualitasnya oke dan cocok kami pakai... Tp QC kali ini buruk...Yang dipesan 2 pcs ceramide yg dikirim cm 1 pcs...,1,2025-06-10 21:43
user_16566,Celana Jeans,Sangat kecewa dengan produk ini.,2,2023-01-28
cayadisirait,Powerbank 10000mAh,"Sesuai deskripsi, kualitas oke dan tahan lama.",4,2025-03-03
user_13788,Kursi Lipat,Terlalu mahal untuk kualitas seperti ini.,1,2023-09-30
user_9579,Parfum Wanita,"Servis buruk, tidak profesional.",2,2024-11-23
nugrohojarwi,Parfum Unisex,"Warnanya cantik dan tahan lama, puas banget!",4,2025-03-31
csitompul,Kemeja Polos,"Sudah belanja beberapa kali, selalu puas.",4,2024-11-19
user_21574,Kaos Polos,"Barang cacat, sangat mengecewakan.",1,2024-01-17
user_18437,Parfum Wanita,Sangat direkomendasikan untuk semua orang.,4,2023-10-29
user_206,Flashdisk 64GB,"Mantap, gak nyesel beli di sini.",5,2024-07-03
user_14030,Keyboard Mechanical,Penjual tidak merespon chat.,1,2024-03-14
user_12821,Makeup Set,Sesuai dengan rating dan review yang saya baca.,5,2024-07-22
user_22084,Kursi Lipat,Worth it banget untuk harga segini.,4,2024-08-31
user_9354,Jam Tangan Digital,Sudah komplain tapi tidak ada solusi.,2,2023-12-17
user_14886,Buku Catatan,Packing asal-asalan.,1,2024-07-30
user_22646,Headset Gaming,Sesuai dengan rating dan review yang saya baca.,4,2023-06-13
cfirgantoro,Jam Tangan Digital,"Harga terjangkau, kualitas mantap!",5,2025-03-02
user_11493,Jam Tangan Digital,Harga terjangkau dengan kualitas oke.,5,2023-09-05
user_2108,Keyboard Mechanical,Pengiriman sangat lama.,1,2023-03-02
user_8261,Makeup Set,"Barang cacat, sangat mengecewakan.",2,2023-09-16
user_16061,Jam Tangan Digital,Produk kotor dan tidak layak pakai.,2,2023-08-25
user_10575,Mouse Wireless,Barang datang lebih cepat dari perkiraan.,5,2024-08-17
ipermadi,Tas Ransel,"Harga terjangkau, kualitas mantap!",4,2024-06-23
fmegantara,Kemeja Polos,"Warnanya cantik dan tahan lama, puas banget!",5,2025-06-02
user_21994,Kaos Polos,Barang datang lebih cepat dari perkiraan.,4,2024-04-11
lanjar74,Celana Jeans,"Sudah belanja beberapa kali, selalu puas.",4,2024-10-17
user_24061,Skincare Serum,Worth it banget untuk harga segini.,4,2024-09-11
rahmazain31,SKIN1004 Madagascar Centella Poremizing Light Gel Cream 75ml,"Tekstur:gel
Cocok untuk:pori2 besar
Keaslian:asli

pertama nyoba semoga cocok",5,2025-06-12 06:24
emaulana,Kaos Oblong,"Sudah belanja beberapa kali, selalu puas.",5,2025-06-06
user_2817,Kursi Lipat,Produk tidak sesuai gambar.,2,2023-12-18
user_8780,Buku Catatan,Ukuran tidak sesuai deskripsi.,1,2023-01-02
user_4147,Parfum Wanita,Sangat puas dengan pelayanan toko ini.,5,2023-12-18
user_11154,Headset Gaming,Barang original dan berkualitas.,4,2024-05-20
jhandayani,Parfum Unisex,"Packing rapi banget, penjual ramah.",5,2025-05-07
rahmathardiansyah,Parfum Unisex,Produk original dan kualitasnya premium.,5,2025-05-17
user_1306,Kursi Lipat,Kualitas sangat buruk.,1,2023-12-04
user_3668,Flashdisk 64GB,Barang original dan berkualitas.,5,2024-02-12
user_14201,Powerbank,Suka banget sama produk ini.,4,2024-08-25
user_560,Smartphone Android,Sangat puas dengan pelayanan toko ini.,4,2023-05-21
user_7207,Celana Jeans,Sudah komplain tapi tidak ada solusi.,1,2024-10-10
user_20001,Smartphone Android,Sangat puas dengan pelayanan toko ini.,5,2023-04-26
user_17162,Flashdisk 64GB,Kualitas sangat buruk.,1,2023-12-12
ayudiafahri,Fleurette | Sepatu Wanita | AIKO,Baguss cmn kebesaran aja,5,2025-04-30 08:17
arletta04,SKIN1004 Madagascar Centella Hyalu-Cica Brightening Toner 30ml,Pengemasan rapi.... pengiriman cepat.... terimakasih seller and Shopee,5,2025-06-12 10:00
dhinianandap06,Judydoll Pretty Blush Powder - 2gr (Multifungsi Blush On Dengan Blendable Formula Untuk Hasil Natural & Tahan Lama),"Tekstur:lembut mudah diaplikasi
Warna:pink rose
Desain:modern tp elegan

Bagus banget, mudah di blend luvv❤️",5,2025-06-11 22:44
user_18730,Jam Tangan Digital,Barang datang lebih cepat dari perkiraan.,4,2024-06-16
user_4757,Smartphone Android,Kualitas sangat buruk.,1,2023-06-28
user_8476,Sepatu Sneakers,Terlalu mahal untuk kualitas seperti ini.,2,2024-02-24
mustofabanawa,Lipstik Matte,"Packing rapi banget, penjual ramah.",5,2025-02-14
user_14517,Kemeja Pria,Tidak direkomendasikan sama sekali.,1,2023-08-26
yolandaharsana,Sepatu Sneakers,"Harga terjangkau, kualitas mantap!",5,2024-08-03
gsitompul,Sandals Pria,"Packing rapi banget, penjual ramah.",4,2024-07-16
m*****a,Gosh Bolzano 490 Sneakers,"Kayak bekas dipakai, banyak noda. Yg noda merah tidak bisa hilang walau sudah dibersihkan. Barang diterima 19.52. Itu saya buka 20.30an..saya foto 20.50an. Jd kotor uda jelas bkn karena saya ya. Waktunya aja gak mungkin saya pakai buat jalan2 dulu kan. Sudah lah. Saya gak buat video unboxing karena percaya nama Gosh, tapi ternyata sebelum dikirim gak diperiksa dulu.",1,2025-06-12 10:47
dsusanti,Celana Jeans,"Packing rapi banget, penjual ramah.",5,2024-12-21
kusmawatibala,Mouse Wireless,Produk original dan kualitasnya premium.,5,2025-06-09
user_20191,Parfum Wanita,Produk tidak sesuai gambar.,2,2023-02-10
user_3360,Parfum Wanita,"Servis buruk, tidak profesional.",1,2023-07-15
user_9384,Keyboard Mechanical,Packing asal-asalan.,2,2023-03-25
m*****5,SKIN1004 Madagascar Centella Hyalu-Cica Water-Fit Sun Serum SPF50 PA++++,"Tekstur:cream
Cocok untuk:dikulit saya cocok yg kombinasi
Berat:tidak berat

Buat lembab dan nyaman dipakai",5,2025-06-03 11:22
user_20644,Headset Gaming,Produk kotor dan tidak layak pakai.,2,2024-09-20
user_3630,Mouse Wireless,Penjual tidak merespon chat.,1,2024-05-11
namagacinthia,Kaos Oblong,Barang sampai dengan aman dan cepat.,5,2025-01-18
xpradipta,Sandals Pria,"Produk bagus, bahan adem dan sesuai gambar.",5,2024-06-25
user_10430,Parfum Wanita,"Barang cacat, sangat mengecewakan.",1,2024-04-09
prabasihotang,Sepatu Sneakers,"Produk bagus, bahan adem dan sesuai gambar.",4,2024-11-11
wfirgantoro,Celana Jeans,"Harga terjangkau, kualitas mantap!",4,2024-07-10
handayaniina,Kaos Oblong,"Sesuai deskripsi, kualitas oke dan tahan lama.",5,2025-06-09
user_17376,Sepatu Sneakers,"Beli karena review bagus, ternyata zonk.",1,2023-06-29
mpalastri,Tas Ransel,Barang sampai dengan aman dan cepat.,5,2025-01-24
user_16796,Sepatu Sneakers,Barang datang lebih cepat dari perkiraan.,4,2023-09-06
akbr765,Alat Bantu Angkat Galon Minum / Pegangan Angkut / Pengangkat Galon,"Desain:dak bagus

Salfok sama spatula nya 
seperti spatula sisa souvenir dan pisau curter nya jg sdh berkarat",1,2025-05-28 11:34
jnababan,Kemeja Polos,Barang sampai dengan aman dan cepat.,5,2025-01-28
feri.fei,Gosh Asti 448 Sandal Comfort,"Saran Tampilan:Respon nya d perbaiki lagi

Masa order hari jum'at jam 15:40 tapi br d respon hari selasa, jd gak sesuai sama ketentuan pengiriman, padahal tidak ada tanggal merah...",5,2025-06-05 16:56
eneng.dahlia,Sandal ringan slip wanita dewasa (36-40),alhmdulilah sesuai pesanan,5,2021-12-12 21:45
user_11071,Kursi Lipat,Ukuran tidak sesuai deskripsi.,2,2023-12-01
mahendragalak,Jam Tangan Digital,"Produk bagus, bahan adem dan sesuai gambar.",4,2024-08-29
user_24655,Makeup Set,Penjual tidak merespon chat.,1,2024-03-09
user_22360,Makeup Set,Warna tidak sesuai pesanan.,2,2023-08-25
user_15238,Mouse Wireless,Penjual tidak merespon chat.,2,2023-04-02
user_10797,Buku Catatan,"Servis buruk, tidak profesional.",2,2023-04-09
abu_azka,[​NEW ADVANCED FORMULA] SKINTIFIC - 5X Ceramide Serum Sunscreen SPF 50+ PA++++ 50ml | Melembapkan Hidrasi Lembap Sunblock Sun-Repair Invisible Serum 2-in-1 Skincare Sunscreen Skin True to Skin Sunscreen Aqua Sunblock Glowing Barrier,Pembelian ketiga disini... Secara produk ini kualitasnya oke dan cocok kami pakai... Tp QC kali ini buruk...Yang dipesan 2 pcs ceramide yg dikirim cm 1 pcs...,1,2025-06-10 21:43
user_22224,Makeup Set,"Puas banget, terima kasih seller!",4,2023-12-07
m*****y,Gosh Ravenna 449 Wedges Sandal,"Kenyamanan:empuk
Pas untuk Acara:santai dan formal
Sepadan dengan Harga:worth it banget

Bagus banget 😭 biru nya habis uk 39 nya nunggu restock gk sih mau jgaa yg biru nya😭😭🙏",5,2025-06-05 11:04
rpurwanti,Tas Ransel,"Pengiriman cepat, packing rapi. Recommended!",5,2025-06-08
user_13906,Sepatu Sneakers,Ukuran pas dan sesuai pesanan.,5,2024-08-06
user_712,Makeup Set,"Puas banget, terima kasih seller!",5,2024-03-18
user_16045,Skincare Serum,"Barang cacat, sangat mengecewakan.",2,2023-11-29
fardanaaa,SKINTIFIC - Glycolic Acid Exfoliating Daily Clarifying Toner AHA PHA Eksfoliasi Kulit Acne Treatment Eksfoliasi Wajah Summer Autumn Skin Barrier Improve,"buy one get one nya kecil ternyata moisnya, sama aja kaya beli",1,2025-06-12 09:31
user_2695,Buku Catatan,Barang datang lebih cepat dari perkiraan.,5,2023-08-26
user_2020,Rak Sepatu,Ukuran tidak sesuai deskripsi.,2,2023-09-23
user_6705,Makeup Set,Baru dipakai sebentar sudah rusak.,2,2024-12-30
gwidiastuti,Jam Tangan Digital,"Sesuai deskripsi, kualitas oke dan tahan lama.",4,2025-03-18
user_8703,Meja Belajar,"Beli karena review bagus, ternyata zonk.",2,2023-10-14
user_23347,Lampu Tidur,Rating tinggi tapi kualitas rendah.,2,2023-02-03
budimahendra,Lipstik Matte,"Packing rapi banget, penjual ramah.",5,2024-08-16
user_3528,Flashdisk 64GB,Terlalu mahal untuk kualitas seperti ini.,1,2023-09-01
user_1337,Kemeja Pria,"Barang palsu, bukan original.",2,2023-02-13
user_10686,Makeup Set,Sudah komplain tapi tidak ada solusi.,2,2023-01-25
imardhiyah,Sepatu Sneakers,Barang sampai dengan aman dan cepat.,4,2024-07-17
user_21149,Kursi Lipat,Tidak direkomendasikan sama sekali.,1,2023-02-23
user_17264,Mouse Wireless,"Barang cacat, sangat mengecewakan.",1,2023-10-30
user_6094,Meja Belajar,Produk sangat bagus dan sesuai deskripsi!,5,2023-04-27
user_19978,Mouse Wireless,Ukuran pas dan sesuai pesanan.,5,2023-07-20
hutagalungjumari,Tas Ransel,"Sudah belanja beberapa kali, selalu puas.",5,2024-12-14
user_5747,Jam Tangan Digital,Produk sangat bagus dan sesuai deskripsi!,4,2024-04-21
m.syaqib_a,Suko Oversized Pocket Cool Touch Kerah Bulat Kaos Pria 120117570,"Kualitas Bahan:bagus
Kualitas:bagus
Pas untuk Acara:santai

Paket sudah datang sesuai pesanan...warnanya sesuai digambar, bahannya nyaman dipakai..pas oversize",5,2025-06-13 10:58
user_10596,Meja Belajar,Penjual sangat ramah dan fast respon.,4,2024-10-31
user_97,Tas Wanita,Ukuran pas dan sesuai pesanan.,4,2024-08-21
user_18132,Meja Belajar,Produk kotor dan tidak layak pakai.,2,2023-06-01
user_24015,Kaos Polos,Terlalu mahal untuk kualitas seperti ini.,2,2023-06-23
user_2405,Sepatu Sneakers,Barang rusak saat diterima.,1,2023-12-18
user_5668,Makeup Set,Top banget! Bakal order lagi nanti.,5,2023-10-08
ghidayanto,Jaket Hoodie,Produk original dan kualitasnya premium.,4,2024-08-08
user_4958,Powerbank,Produk kotor dan tidak layak pakai.,1,2024-04-06
hamima52,Lipstik Matte,"Packing rapi banget, penjual ramah.",5,2024-12-29
user_16160,Flashdisk 64GB,Ukuran tidak sesuai deskripsi.,2,2024-07-14
sgunawan,Jaket Hoodie,Produk original dan kualitasnya premium.,5,2024-10-20
user_24123,Meja Belajar,Sudah komplain tapi tidak ada solusi.,2,2024-03-10
user_4365,Parfum Wanita,Produk tidak sesuai gambar.,1,2023-11-26
solehmustofa,Jaket Hoodie,Produk original dan kualitasnya premium.,5,2024-12-10
user_14029,Kaos Polos,Rating tinggi tapi kualitas rendah.,2,2023-02-12
ferozeldachmad,Sepatu sneakers tali ringan dewasa (36-40),"Order size. 38 dikirimnya size. 39...kegedeaaannn ini mah...beli mahal2 dibikin kecewa... 
Lagian belakang sepatunya kotor bngttt... 
Ini sepatu bekas apa gimana sich...
Ni seller ga ngutamain kepuasan pelanggan dech. ..kapok blanja disini... 
Bener2 ga benerrr nich toko...",1,2021-09-20 09:34
user_21929,Mouse Wireless,Pengiriman sangat lama.,2,2024-01-02
user_7389,Smartphone Android,Suka banget sama produk ini.,4,2023-03-11
damarnainggolan,Kemeja Polos,"Respon penjual cepat, barang dikirim hari itu juga.",4,2024-06-18
kuswandarialika,Parfum Unisex,Produk original dan kualitasnya premium.,5,2024-11-14
firzheus,HijabChic Akira Tops - Atasan Muslim Knit Lembut Nyaman Terbaru,Warna:bgus,2,2025-05-20 21:55
claramarpaung,Jaket Hoodie,"Pengiriman cepat, packing rapi. Recommended!",5,2025-06-12
user_13631,Flashdisk 64GB,Tidak direkomendasikan sama sekali.,1,2023-07-17
berlianlutfianita,Gosh Zinnia 361 Backpack,Bagus sesuai gambar,5,2025-06-08 15:02
user_5126,Buku Catatan,Sudah komplain tapi tidak ada solusi.,2,2024-08-11
user_23614,Flashdisk 64GB,Sudah beli berkali-kali di sini dan selalu puas.,5,2024-12-05
user_19294,Smartphone Android,Sangat puas dengan pelayanan toko ini.,5,2023-09-09
user_22455,Buku Catatan,Sangat puas dengan pelayanan toko ini.,5,2023-05-01
user_54,Buku Catatan,Baru dipakai sebentar sudah rusak.,2,2023-10-14
bellapratiwi15,SKINTIFIC - All Day Perfect Serum Foundation 25ml | tinted serum foundation make up bb cream cc cream powder cushion kosmetik original  official concealer kosmetik wajah matte tahan lama,Pesen 03 dikirim 02.. udh kebuka segel gimana cara refundnya ribet juga kirain dah pas 03 makanya main buka segel.. lain kali JANGAN RUGIIN PEMBELI YA min,1,2025-06-08 20:40
user_21038,Smartphone Android,"Barang palsu, bukan original.",1,2024-05-17
d*****a,SKINTIFIC - Mugwort Acne Clay Stick + Alaska Clay Stick | Clay Stick Combo Masker Wajah Komedo Acner Eksfoliasi Wajah Glowing Kecantikan Skincare Niacinamide Salicylic Acid Ceramide Centella Glycolic Acid Probiotic Complex,"Tekstur:lembab saat dipakai
Aroma:tenang

Pemakaian sudah 3 minggu tidak ada hasil. Wajah tetap berjerawat dan produk sudah mau habis.",2,2025-06-13 14:48
user_8015,Celana Jeans,Sangat puas dengan pelayanan toko ini.,4,2024-05-16
user_1524,Kursi Lipat,"Pelayanan cepat, packing aman, produk oke!",5,2023-04-02
tri01,Sepatu Sneakers,"Packing rapi banget, penjual ramah.",5,2025-01-16
dellamarsita05,SKIN1004 Madagascar Centella Toning Toner 210ml,"Penjual tidak menerima barang di cancel meskipun baru di tekan, padahal mau ganti alamat. Tapi karna terlanjur di pesan ulang barangnya jadi kepesen 2 kali dan benar benar tidak terima pembatalan.",1,2025-05-31 03:05
trirahayu2231,Oneda Azana Dompet Uang Kartu Wanita #W087,"Dompet yang pas di genggaman, desain mewah kualitas bagus dan muat banyak kartu juga",5,2025-06-11 15:01
user_18316,Buku Catatan,Pengiriman sangat lama.,1,2023-01-12
user_8782,Tas Wanita,Packing asal-asalan.,1,2023-10-11
user_5958,Mouse Wireless,Penjual sangat ramah dan fast respon.,5,2023-03-31
user_24377,Smartphone Android,Tidak direkomendasikan sama sekali.,1,2023-07-03
user_8021,Rak Sepatu,"Servis buruk, tidak profesional.",2,2024-03-29
user_10245,Celana Jeans,Ukuran tidak sesuai deskripsi.,2,2023-11-21
user_11748,Keyboard Mechanical,Penjual sangat ramah dan fast respon.,5,2024-02-21
user_1102,Makeup Set,Baru dipakai sebentar sudah rusak.,2,2024-06-23
user_21129,Smartphone Android,Warna tidak sesuai pesanan.,2,2024-04-21
user_22871,Smartphone Android,Ukuran tidak sesuai deskripsi.,2,2024-03-30
d*****r,H&M Pria Regular Fit T-shirt 0973277_12,"Desain:mantap
Bahan:adem
Tekstur:lembut",5,2025-06-12 04:15
kuncaranasyiah,Powerbank 10000mAh,"Sesuai deskripsi, kualitas oke dan tahan lama.",5,2024-11-28
user_22028,Keyboard Mechanical,Kualitas sangat buruk.,2,2023-01-22
user_19429,Jam Tangan Digital,Penjual tidak merespon chat.,2,2023-07-11
user_22351,Powerbank,Rating tinggi tapi kualitas rendah.,1,2024-10-28
user_17393,Kemeja Pria,Produk sangat bagus dan sesuai deskripsi!,5,2024-07-17
user_10885,Buku Catatan,"Beli karena review bagus, ternyata zonk.",2,2024-09-23
user_3136,Powerbank,Ukuran tidak sesuai deskripsi.,1,2023-11-20
user_1108,Kaos Polos,"Barang cacat, sangat mengecewakan.",2,2024-07-11
user_21338,Powerbank,Terlalu mahal untuk kualitas seperti ini.,1,2023-03-24
user_19982,Celana Jeans,Penjual tidak merespon chat.,2,2024-01-28
user_16134,Flashdisk 64GB,Kualitas di atas ekspektasi saya!,4,2023-02-25
user_16072,Makeup Set,Packing asal-asalan.,2,2023-01-01
baktinainggolan,Kaos Oblong,"Harga terjangkau, kualitas mantap!",5,2024-07-13
user_207,Kursi Lipat,"Barang palsu, bukan original.",1,2024-01-13
user_661,Tas Wanita,"Servis buruk, tidak profesional.",2,2024-03-30
user_23396,Kursi Lipat,Terlalu mahal untuk kualitas seperti ini.,2,2023-02-12
user_18293,Kaos Polos,"Mantap, gak nyesel beli di sini.",5,2024-06-29
user_8662,Lampu Tidur,Suka banget sama produk ini.,5,2023-02-18
user_22815,Parfum Wanita,Produk tidak sesuai gambar.,2,2024-02-07
kanda71,Sepatu Sneakers,"Sesuai deskripsi, kualitas oke dan tahan lama.",5,2024-11-29
user_4539,Jam Tangan Digital,"Beli karena review bagus, ternyata zonk.",1,2023-11-26
user_3535,Kemeja Pria,Sudah komplain tapi tidak ada solusi.,2,2023-11-05
user_3441,Kemeja Pria,Packing asal-asalan.,1,2023-10-08
user_4667,Mouse Wireless,Produk sangat bagus dan sesuai deskripsi!,5,2023-10-12
cyyuki,[NEW LAUNCH] BNB barenbliss Star-Glazing Steel Lipcerin Hidrasi 72 Jam Lipstick stained Bibir Plumpy & Glossy Lip dengan 5X Ceramide dan 2X Peptides dengan UV SPF 25 PA+++ dan Aplikator Steel serta Liptint Stain Tahan Lama dan Vitamin E,"Tekstur:lembut ga lengket
Warna:cakeppp
Cocok untuk:daily

Sempet dapet yang diputer puter engga keluar warnanya ampe rusak gitu, tapi admin responsif dan cepat ambil tindakan utk dikirim ulang gapake babibu dan dapet yaang ga bermasalah barangnya seneng bangeeet bangeeet makasih banyak yaaaa warnanya cakep lumayan tahan lama dan ga bikin pecah dibibir",5,2025-06-15 06:23
user_22029,Kursi Lipat,"Beli karena review bagus, ternyata zonk.",1,2023-08-06
user_8305,Kursi Lipat,Sesuai dengan rating dan review yang saya baca.,4,2023-07-27
user_20895,Tas Wanita,Produk tidak sesuai gambar.,1,2023-12-31
user_21390,Jam Tangan Digital,Pengiriman cepat dan aman.,4,2023-11-20
user_6899,Meja Belajar,"Barang cacat, sangat mengecewakan.",2,2023-06-18
user_14577,Kemeja Pria,Packing rapi dan aman sampai tujuan.,5,2024-04-29
user_18056,Kaos Polos,Baru dipakai sebentar sudah rusak.,1,2023-12-11
yrajata,Dompet Kulit,Produk original dan kualitasnya premium.,5,2025-01-05
lidya15,Mouse Wireless,Produk original dan kualitasnya premium.,5,2024-06-19
user_5427,Keyboard Mechanical,Barang datang lebih cepat dari perkiraan.,4,2024-03-31
user_209,Celana Jeans,Produk tidak sesuai gambar.,1,2023-03-11
user_6300,Parfum Wanita,Produk kotor dan tidak layak pakai.,1,2023-07-20
h*****t,Bed Cover Set Elsa Mix Baby Pink - 90x200 - 200x200 - Evedaily,"Warna:lembut dan sesuai gambar
Desain:menarik, estetik
Kenyamanan:produk sangat nyaman

Bagus bangett, buat kado sepupuku yg mau nikah sukanya yg warna pinky"". Tpi pas dateng kok aku jga jdi pengen punya🤣",5,2025-05-30 08:36
user_4791,Flashdisk 64GB,Kualitas sangat buruk.,1,2024-07-16
user_23076,Kemeja Pria,Ukuran tidak sesuai deskripsi.,2,2024-07-25
user_7757,Celana Jeans,"Barang palsu, bukan original.",2,2024-05-01
user_12663,Skincare Serum,"Barang cacat, sangat mengecewakan.",2,2024-02-26
prayogaganjaran,Dompet Kulit,"Harga terjangkau, kualitas mantap!",4,2025-05-17
ffikriiii1,Tas ransel Backpack urban factor - Buddy | Tas laptop Pria Kasual,Mantap weeeeeeeeeeeeeeeeeeeeeeeeeeeeeeeeeeeeeeeeeeeee,5,2025-03-01 22:01
user_2627,Flashdisk 64GB,Suka banget sama produk ini.,4,2023-09-26
user_22380,Buku Catatan,Baru dipakai sebentar sudah rusak.,1,2023-11-15
user_16251,Keyboard Mechanical,Produk tidak sesuai gambar.,1,2023-09-20
denurela27,Tas Selempang Wanita Sophie Martin Official Terbaru T8854B5 Sling Bag,Realpict terimakasih banyak kaka,5,2025-06-10 18:54
user_8395,Parfum Wanita,Packing rapi dan aman sampai tujuan.,5,2024-03-24
user_4921,Meja Belajar,Kualitas di atas ekspektasi saya!,4,2024-12-31
user_17915,Flashdisk 64GB,Warna dan bentuk persis seperti di gambar.,5,2024-10-29
user_17991,Lampu Tidur,Packing asal-asalan.,2,2024-10-25
user_24680,Lampu Tidur,Sangat kecewa dengan produk ini.,1,2024-11-14
violethardiansyah,Kemeja Polos,"Pengiriman cepat, packing rapi. Recommended!",4,2024-09-04
oktositorus,Tumbler Stainless,"Packing rapi banget, penjual ramah.",5,2024-12-29
user_8266,Parfum Wanita,Harga terjangkau dengan kualitas oke.,5,2023-02-23
user_10185,Jam Tangan Digital,Warna tidak sesuai pesanan.,2,2024-09-18
user_9491,Lampu Tidur,Baru dipakai sebentar sudah rusak.,1,2024-09-19
user_20894,Rak Sepatu,Sudah komplain tapi tidak ada solusi.,2,2023-05-05
rpradipta,Sandals Pria,"Sesuai deskripsi, kualitas oke dan tahan lama.",5,2025-03-01
user_8033,Smartphone Android,Produk tidak sesuai gambar.,1,2023-06-28
user_24795,Buku Catatan,Terlalu mahal untuk kualitas seperti ini.,1,2024-05-05
hadinainggolan,Keyboard Mechanical,"Respon penjual cepat, barang dikirim hari itu juga.",4,2024-06-29
user_7323,Parfum Wanita,Barang rusak saat diterima.,2,2023-02-02
rmanullang,Keyboard Mechanical,"Respon penjual cepat, barang dikirim hari itu juga.",5,2025-05-20
kusumoargono,Mouse Wireless,Produk original dan kualitasnya premium.,5,2025-03-25
cawuk14,Kaos Oblong,"Sesuai deskripsi, kualitas oke dan tahan lama.",5,2025-02-11
user_12875,Kursi Lipat,"Mantap, gak nyesel beli di sini.",4,2023-06-12
user_4212,Skincare Serum,Sudah komplain tapi tidak ada solusi.,2,2023-07-07
user_3325,Celana Jeans,"Servis buruk, tidak profesional.",2,2024-10-18
user_7782,Kaos Polos,Worth it banget untuk harga segini.,5,2024-10-28
user_3413,Makeup Set,Ukuran tidak sesuai deskripsi.,2,2024-03-15
user_17529,Kemeja Pria,"Barang palsu, bukan original.",2,2024-04-18
user_13583,Makeup Set,"Barang palsu, bukan original.",2,2023-08-03
user_16673,Rak Sepatu,Top banget! Bakal order lagi nanti.,4,2023-05-05
user_3308,Mouse Wireless,"Barang palsu, bukan original.",2,2023-06-20
mangunsongjefri,Kaos Oblong,"Produk bagus, bahan adem dan sesuai gambar.",4,2025-06-13
user_18706,Skincare Serum,"Barang palsu, bukan original.",2,2023-07-04
user_6600,Smartphone Android,Kualitas di atas ekspektasi saya!,5,2024-01-21
user_23043,Smartphone Android,Warna tidak sesuai pesanan.,2,2024-07-28
user_9931,Kemeja Pria,"Servis buruk, tidak profesional.",2,2023-11-15
user_9126,Kursi Lipat,Barang tidak berfungsi dengan baik.,1,2024-06-15
irajata,Powerbank 10000mAh,Barang sampai dengan aman dan cepat.,5,2025-04-28
user_12377,Lampu Tidur,Tidak direkomendasikan sama sekali.,2,2024-12-26
user_4060,Flashdisk 64GB,Tidak direkomendasikan sama sekali.,2,2024-07-01
user_12627,Kursi Lipat,Sangat puas dengan pelayanan toko ini.,4,2024-05-05
user_6886,Keyboard Mechanical,Penjual sangat ramah dan fast respon.,4,2023-06-15
user_24472,Powerbank,Baru dipakai sebentar sudah rusak.,2,2023-06-11
prabu78,Kemeja Polos,Produk original dan kualitasnya premium.,4,2024-11-26
mursininpranowo,Kemeja Polos,Barang sampai dengan aman dan cepat.,4,2025-05-25
user_14770,Smartphone Android,Produk sangat bagus dan sesuai deskripsi!,5,2024-09-17
user_23647,Parfum Wanita,Top banget! Bakal order lagi nanti.,5,2024-01-11
user_15906,Celana Jeans,Produk kotor dan tidak layak pakai.,1,2023-08-01
user_20778,Makeup Set,Barang tidak berfungsi dengan baik.,1,2023-10-07
user_15579,Parfum Wanita,Kualitas sangat buruk.,2,2024-01-05
user_15643,Keyboard Mechanical,"Pelayanan cepat, packing aman, produk oke!",5,2023-05-31
user_35,Powerbank,"Barang cacat, sangat mengecewakan.",2,2023-09-29
user_13279,Kemeja Pria,Barang rusak saat diterima.,1,2023-03-01
user_4667,Kaos Polos,Harga terjangkau dengan kualitas oke.,4,2023-02-10
fifiiiii13,"Gosh Paperbag 005 (TIDAK DIJUAL PPBG AJA, ORDER HARUS SESUAI QUANTITY PEMBELIAN PRODUK)","Desain:GA DIKIRIM PAPERBAGNYA
Ukuran:GA DIKIRIM PAPERBAGNYA
Keaslian:GA DIKIRIM PAPERBAGNYA",1,2025-06-13 01:22
user_19416,Celana Jeans,Barang rusak saat diterima.,2,2023-01-19
user_20916,Jam Tangan Digital,Packing asal-asalan.,2,2023-07-21
user_23120,Parfum Wanita,Pengiriman cepat dan aman.,4,2024-10-12
user_24943,Keyboard Mechanical,Barang tidak berfungsi dengan baik.,2,2023-07-11
ellafitria12345,Gosh Lunaria 459 Shoulder Bag,Thx u kak😍,5,2025-06-07 15:43
user_21281,Lampu Tidur,Warna tidak sesuai pesanan.,1,2023-08-07
user_23774,Skincare Serum,Warna dan bentuk persis seperti di gambar.,5,2023-09-01
d*****a,SKIN1004 Madagascar Centella Air-Fit Suncream Light SPF30 PA+++,"Cocok untuk:kulit muka
Kondisi Barang:baik
Berat:ringan

Terimakasih kak barangnya sudah sampai semoga bermanfaat aamiin",5,2025-06-11 18:17
user_15418,Kaos Polos,Barang tidak berfungsi dengan baik.,2,2023-04-26
user_7034,Kemeja Pria,Sangat kecewa dengan produk ini.,2,2023-04-29
amihalimah,Mouse Wireless,"Warnanya cantik dan tahan lama, puas banget!",5,2025-06-09
prasetyonasab,Sepatu Sneakers,"Packing rapi banget, penjual ramah.",5,2025-05-23
user_7854,Parfum Wanita,Sudah beli berkali-kali di sini dan selalu puas.,5,2024-06-28
user_468,Smartphone Android,Worth it banget untuk harga segini.,4,2024-09-13
pradanauli,Keyboard Mechanical,"Sudah belanja beberapa kali, selalu puas.",5,2024-08-24
user_11059,Celana Jeans,"Mantap, gak nyesel beli di sini.",5,2023-02-17
user_10837,Keyboard Mechanical,Produk sangat bagus dan sesuai deskripsi!,4,2024-12-08
dina5114,HijabChic Dalena Creme Pink Top - Baju Blouse Motif Bunga Satin Premium Karet Pinggang Slimfit,"Desain:menarik dengan detail yang apik
Bahan:sangat menyenangkan
Kenyamanan:adem dan sangat nyaman di pakai

Mantap",5,2025-06-10 15:06
user_6131,Keyboard Mechanical,Produk sangat bagus dan sesuai deskripsi!,4,2024-04-16
_*****_,[MUST HAVE] BNB barenbliss Apple Makes Adorable Mousse Tint   Lip Mousse Tint Transferproof Anti Kering Tahan 12 Jam  Mousse Tint Melembapkan  Transferproof  Hasil Satin 12 Jam,"Tekstur:ok
Warna:ok
Cocok untuk:ok

Warnanya kalau di bibir aku jd merah gelap sih tp cocok sih sm warna tone muka. Ini soalnya bibirku emang base gelap ya. Tp ok kok buat muka kuning bangsat 😂 hahah langsat ye",5,2025-06-14 22:17
user_18893,Keyboard Mechanical,Rating tinggi tapi kualitas rendah.,2,2023-02-10
user_15012,Buku Catatan,Ukuran pas dan sesuai pesanan.,5,2024-08-10
user_23221,Smartphone Android,Kualitas sangat buruk.,2,2023-08-31
user_24244,Headset Gaming,Worth it banget untuk harga segini.,4,2023-08-18
user_11836,Smartphone Android,Top banget! Bakal order lagi nanti.,5,2023-03-21
user_1460,Kaos Polos,Ukuran pas dan sesuai pesanan.,4,2023-10-20
user_8315,Kemeja Pria,Kualitas sangat buruk.,2,2024-01-11
user_4279,Powerbank,"Puas banget, terima kasih seller!",5,2023-01-12
user_4172,Kaos Polos,Sangat kecewa dengan produk ini.,2,2024-09-27
user_12614,Lampu Tidur,Barang tidak berfungsi dengan baik.,1,2023-10-13
uchitawaluyo,Sepatu Sneakers,Produk original dan kualitasnya premium.,5,2025-05-24
ophelia16,Kemeja Polos,"Respon penjual cepat, barang dikirim hari itu juga.",5,2025-06-01
handayaniyuni,Celana Jeans,"Produk bagus, bahan adem dan sesuai gambar.",4,2024-08-12
user_731,Flashdisk 64GB,Terlalu mahal untuk kualitas seperti ini.,1,2024-02-09
user_10516,Headset Gaming,Terlalu mahal untuk kualitas seperti ini.,2,2024-08-11
user_18480,Buku Catatan,"Mantap, gak nyesel beli di sini.",5,2023-09-22
user_12377,Sepatu Sneakers,Sangat kecewa dengan produk ini.,2,2024-12-04
user_17023,Tas Wanita,Produk tidak sesuai gambar.,2,2024-02-28
user_8306,Buku Catatan,Packing asal-asalan.,2,2024-12-04
h*****n,SKINTIFIC UV Shield Sunscreen All Series - SPF50+ SPF35 PA++++ Skincare | Matte Fit / 5X Ceramide / Aqua Light Daily/ Light Serum Brightening Sunscreen With Vitamin C 5X Ceramide Zinc PCA Ectoin Oat Extract UVA/UVB Filter,"kecewa beli 2 malah di kirim 1 mana pake ga video unboxing lagih jujur ga tau siapa yang salah juga tapi demi apapun bener” kecewa bgt uang ku hangus begitu saja huff, lain kali kedepanya lebih teliti lagi ya min, kasian kalo emng paketnya di buka bukan sama orangnya malah yang buka orang rumah ga ngerti harus di videoin huhuu sedih beneran sangat” kecewa bgt huhuu menangiss lagi awet” uang teh ya allah adaa wehhhhhh huahhhh",1,2025-06-10 16:04
user_14977,Kaos Polos,Tidak direkomendasikan sama sekali.,1,2024-03-12
padmihutapea,Sandals Pria,"Sudah belanja beberapa kali, selalu puas.",5,2025-01-16
user_14121,Tas Wanita,"Barang palsu, bukan original.",1,2024-05-24
user_2760,Smartphone Android,Produk kotor dan tidak layak pakai.,1,2023-05-01
bajragin80,Jaket Hoodie,"Pengiriman cepat, packing rapi. Recommended!",4,2024-10-06
user_13385,Meja Belajar,Sangat kecewa dengan produk ini.,2,2024-10-25
mputra,Headset Bluetooth,Barang sampai dengan aman dan cepat.,5,2024-12-12
user_24018,Tas Wanita,"Barang cacat, sangat mengecewakan.",2,2023-08-20
user_19310,Jam Tangan Digital,Barang rusak saat diterima.,1,2023-09-04
user_24372,Parfum Wanita,Rating tinggi tapi kualitas rendah.,2,2024-11-24
0hgzja30c3,Kacamata Transparan Cat Eye Frameless Kaca Mata Tren Simple Port Korea,"Desain:warna tidak sesuai yg dipesan kacamata warna putih malah dikirim kacamata warna merah
Kualitas:buruk",1,2025-06-03 08:51
user_2122,Tas Wanita,Kualitas di atas ekspektasi saya!,4,2023-12-02
kuswoyomaman,Tas Ransel,"Warnanya cantik dan tahan lama, puas banget!",5,2024-11-28
wmandala,Headset Bluetooth,"Respon penjual cepat, barang dikirim hari itu juga.",4,2025-03-18
user_13819,Tas Wanita,"Barang palsu, bukan original.",2,2024-07-08
dzakira.sajidah,WARDAH UV Shield Sunscreen All Series - SPF 35 SPF 50 - Skincare,Baru nyoba mudah mudahan cocok,5,2025-06-13 11:22
user_15630,Sepatu Sneakers,Barang tidak berfungsi dengan baik.,2,2023-10-07
warsaagustina,Parfum Unisex,"Harga terjangkau, kualitas mantap!",5,2025-03-29
user_11641,Lampu Tidur,Packing rapi dan aman sampai tujuan.,4,2023-11-27
user_9631,Jam Tangan Digital,Terlalu mahal untuk kualitas seperti ini.,2,2023-05-25
user_15211,Keyboard Mechanical,Kualitas sangat buruk.,2,2024-04-28
user_9061,Tas Wanita,Warna dan bentuk persis seperti di gambar.,5,2024-12-29
niyagafirgantoro,Dompet Kulit,"Sudah belanja beberapa kali, selalu puas.",5,2025-06-02
user_1492,Buku Catatan,Barang original dan berkualitas.,5,2024-10-24
user_4009,Buku Catatan,Baru dipakai sebentar sudah rusak.,2,2023-12-25
user_14038,Celana Jeans,Top banget! Bakal order lagi nanti.,4,2023-04-23
tamaratamara511,"sofa lipat, sofa lesehan, kursi lipat lesehan, kursi lesehan","Kenyamanan:males foto2, lagi sungguh asik nyender. males bangun. jangan ganggu. nih bintang 5! rekomen sekali buat kamu kamu kaum nyender.
Ukuran:pewe.
Desain:kurang tebel aja sih busa bagian bawahnya, jadi harus beli tambahan bantal lagi kalo mau perfect. tapi ini subjectif.",5,2025-06-06 17:33
user_1814,Meja Belajar,Sudah komplain tapi tidak ada solusi.,1,2023-07-12
user_8242,Rak Sepatu,"Servis buruk, tidak profesional.",2,2024-03-08
e*****7,[​ ! TERBATAS ! ] SKINTIFIC - All Day Light Sunscreen Mist SPF 50 PA++++ 120ml | Sunscreen Spray UV Mist Tone Up Sun Shield Sunscreen Sunblock Whitening Glowing BPOM Barrier Brightening Whitening Mencerahkan Wajah Melindungi Kulit dari Sinar UVA UVB,"Tekstur:mist
Aroma:tidak
Keaslian:ori

Pengiriman cepat",5,2025-06-11 17:45
n92eu76hci,[ ! TERBATAS ! ] SKINTIFIC - Facial Serum BIG SIZE Essence Wajah - 5X Ceramide Barrier Serum 50ml / SymWhite 377 Dark Spot Brightening Serum / niacinamide Brightening serum / Salicylic Acid Anti Acne Serum,Paket saya kurang satu pcs,1,2025-06-12 10:30
user_13282,Mouse Wireless,Warna tidak sesuai pesanan.,2,2024-01-12
user_11618,Kursi Lipat,Rating tinggi tapi kualitas rendah.,2,2023-03-22
tedi69,Celana Jeans,Barang sampai dengan aman dan cepat.,5,2024-08-17
user_8929,Headset Gaming,Kualitas sangat buruk.,1,2023-03-09
user_8038,Kursi Lipat,Packing rapi dan aman sampai tujuan.,4,2024-04-04
user_13989,Rak Sepatu,"Barang cacat, sangat mengecewakan.",1,2024-12-02
user_24204,Powerbank,Sangat kecewa dengan produk ini.,2,2023-08-03
user_24259,Kursi Lipat,"Beli karena review bagus, ternyata zonk.",2,2024-09-16
user_9923,Headset Gaming,"Barang cacat, sangat mengecewakan.",1,2023-10-27
user_7642,Tas Wanita,"Barang cacat, sangat mengecewakan.",2,2024-11-21
user_4071,Mouse Wireless,Barang datang lebih cepat dari perkiraan.,4,2023-12-29
user_3120,Buku Catatan,Sangat direkomendasikan untuk semua orang.,5,2024-07-22
amansur,Headset Bluetooth,"Harga terjangkau, kualitas mantap!",4,2024-07-26
user_19229,Sepatu Sneakers,Worth it banget untuk harga segini.,4,2024-04-01
user_19735,Meja Belajar,Tidak direkomendasikan sama sekali.,2,2023-03-14
user_1996,Jam Tangan Digital,Kualitas sangat buruk.,2,2023-03-31
user_13935,Flashdisk 64GB,Penjual sangat ramah dan fast respon.,4,2024-10-14
prof.indra91,H&M Wanita Oversized printed T-shirt 1227727_5,"Kenyamanan:sangat nyaman enak dipakai
Styling:bagus
Kualitas:bagus tebal kuat

Paket diterima dalam keadaan bagus tidak rusak. Produk kaos oversize juga bagus tidak cacat, enak dipakai.. mantapp.. halus lembut",5,2025-06-12 23:08
user_3009,Kemeja Pria,Produk sangat bagus dan sesuai deskripsi!,5,2023-05-04
user_15188,Powerbank,"Barang palsu, bukan original.",1,2023-11-25
user_9054,Rak Sepatu,Terlalu mahal untuk kualitas seperti ini.,2,2023-03-08
user_16337,Parfum Wanita,Sangat direkomendasikan untuk semua orang.,5,2024-09-20
user_22471,Jam Tangan Digital,Produk kotor dan tidak layak pakai.,1,2024-01-26
cnashiruddin,Headset Bluetooth,Barang sampai dengan aman dan cepat.,5,2024-10-03
user_18112,Keyboard Mechanical,Packing rapi dan aman sampai tujuan.,4,2024-01-02
atmajasitompul,Jaket Hoodie,"Sudah belanja beberapa kali, selalu puas.",5,2024-08-08
user_6601,Smartphone Android,Sangat kecewa dengan produk ini.,2,2023-12-19
user_1048,Sepatu Sneakers,"Servis buruk, tidak profesional.",2,2024-09-10
user_2300,Kemeja Pria,Baru dipakai sebentar sudah rusak.,2,2023-04-07
user_16510,Sepatu Sneakers,Produk sangat bagus dan sesuai deskripsi!,4,2023-05-14
user_20714,Meja Belajar,Terlalu mahal untuk kualitas seperti ini.,2,2023-07-05
user_5072,Makeup Set,Suka banget sama produk ini.,5,2023-04-27
user_23974,Celana Jeans,Baru dipakai sebentar sudah rusak.,2,2024-12-17
user_22994,Kemeja Pria,Barang datang lebih cepat dari perkiraan.,5,2023-01-27
,Sepatu slipon ringan triset,"Suka banget sma sepatu ny. Bagus banget, cantik, elegan bnget. Pkok ny top dech",5,2021-11-25 17:26
user_8441,Powerbank,Produk kotor dan tidak layak pakai.,1,2024-06-18
user_23630,Mouse Wireless,Terlalu mahal untuk kualitas seperti ini.,2,2024-01-10
user_21005,Meja Belajar,"Barang palsu, bukan original.",1,2024-01-21
shilmaisnal,Gosh Asti 428 Comfort Sandal,Bagus pas kalo packingnya ada boxnya mungkin akan lebih bagus lagi buat kado hehehw,5,2025-06-10 08:44
a*****5,Connexion SMCS09 Sandal Heels Wanita 121753952,"saya pesen 2 sandal yang dikirim cuma 1??? yg 1 dicancel sepihak, saya order lagi barang tidak dikirim sampe 1 minggu lebih gak dikirim2, saya chat komplain tiap hari juga gak ada tindakan dari penjual, penjual tidak amanah, dzolim, sepertinya dibiarkan tidak dikirim2 sampe batal otomatis sistem, sangat mengecewakan !!!!",1,2025-06-12 09:54
yolandahilda,Sandals Pria,"Sudah belanja beberapa kali, selalu puas.",4,2024-08-20
user_20066,Smartphone Android,Produk tidak sesuai gambar.,2,2024-08-31
wira99,Lipstik Matte,"Respon penjual cepat, barang dikirim hari itu juga.",5,2025-04-14
utamacarub,Dompet Kulit,Produk original dan kualitasnya premium.,5,2025-02-11
user_3598,Tas Wanita,"Beli karena review bagus, ternyata zonk.",1,2023-10-15
user_15983,Meja Belajar,"Barang cacat, sangat mengecewakan.",1,2024-02-02
user_13805,Sepatu Sneakers,Warna tidak sesuai pesanan.,1,2023-04-06
user_15254,Kemeja Pria,Suka banget sama produk ini.,4,2024-10-30
user_8456,Kemeja Pria,Sangat direkomendasikan untuk semua orang.,4,2024-02-01
user_6846,Rak Sepatu,Produk sangat bagus dan sesuai deskripsi!,4,2023-06-23
user_1125,Rak Sepatu,Sesuai dengan rating dan review yang saya baca.,4,2024-06-17
astutiokta,Parfum Unisex,"Sesuai deskripsi, kualitas oke dan tahan lama.",5,2024-08-14
mustofabudiyanto,Parfum Unisex,"Packing rapi banget, penjual ramah.",4,2025-01-05
a*****a,SKINTIFIC - 5X Ceramide Barrier Moisturizer Gel 30g | Cream pencerah Wajah Calming Whitening Brightening Dark Spot Pelembab Wajah Pemutih Wajah Facial Moisturizer Day Cream Night Cream Skincare BPOM Niacinamide with Centella Acid Sooth Sunburn,Pesan 2 tapi yg dikirim cuma 1,1,2025-06-08 13:10
user_4924,Mouse Wireless,Harga terjangkau dengan kualitas oke.,5,2024-12-21
user_4579,Tas Wanita,"Pelayanan cepat, packing aman, produk oke!",4,2024-11-20
wastutiagnes,Jam Tangan Digital,"Harga terjangkau, kualitas mantap!",4,2025-06-03
iswahyudijayadi,Tumbler Stainless,"Produk bagus, bahan adem dan sesuai gambar.",5,2024-10-21
user_11462,Makeup Set,Sudah komplain tapi tidak ada solusi.,1,2023-01-26
user_17998,Jam Tangan Digital,Tidak direkomendasikan sama sekali.,2,2024-08-14
user_8814,Powerbank,Produk tidak sesuai gambar.,2,2023-01-16
user_3133,Rak Sepatu,Suka banget sama produk ini.,4,2024-02-25
user_7440,Jam Tangan Digital,Produk tidak sesuai gambar.,2,2024-01-01
eviyuliana33,Gio Saverino Sepatu Wanita Flat Shoes Wanita Terbaru Bella,"Desain:bagus
Kenyamanan:nyaman banget
Warna:hitam sesuai di gambar",5,2025-06-11 19:20
user_22708,Tas Wanita,Ukuran tidak sesuai deskripsi.,1,2024-01-09
user_20478,Lampu Tidur,Sangat kecewa dengan produk ini.,1,2024-10-10
user_3101,Lampu Tidur,"Mantap, gak nyesel beli di sini.",4,2023-05-16
user_10069,Skincare Serum,Barang original dan berkualitas.,4,2023-01-13
user_6998,Kaos Polos,Produk kotor dan tidak layak pakai.,2,2024-05-12
user_14152,Meja Belajar,Pengiriman sangat lama.,2,2024-10-11
suartiniellis,Headset Bluetooth,"Sudah belanja beberapa kali, selalu puas.",5,2025-04-02
user_14517,Buku Catatan,Pengiriman sangat lama.,1,2023-10-28
user_4509,Parfum Wanita,"Beli karena review bagus, ternyata zonk.",2,2023-08-23
harjo55,Kemeja Polos,"Warnanya cantik dan tahan lama, puas banget!",5,2025-05-07
nhutagalung,Jaket Hoodie,"Warnanya cantik dan tahan lama, puas banget!",4,2024-06-20
user_18573,Kemeja Pria,Sangat kecewa dengan produk ini.,1,2024-12-17
user_7766,Keyboard Mechanical,Pengiriman sangat lama.,2,2023-05-05
user_21016,Headset Gaming,Rating tinggi tapi kualitas rendah.,1,2024-01-14
user_2918,Skincare Serum,Barang rusak saat diterima.,2,2024-05-21
user_3358,Parfum Wanita,Baru dipakai sebentar sudah rusak.,1,2024-08-07
jeeew8mzro,SKINTIFIC - 360° Crystal Massager Lifting Eye Cream 20ml | Dengan Massager Getar Eyecream Mata Panda Eye Serum Retinal 3D Peptides Niacinamide Caffeine,"Tekstur:cair
Aroma:pas
Keaslian:asli

paket smapai dengan selamat, kemasan aman. ga ada yg penyok.
baru pertama liat produk ini langsung pengen nyoba. semoga serum mata bekerja dengan baik
emang semua produk skintific kualitasnya oke.
Makasih buat seller.",5,2025-06-10 11:37
user_24312,Flashdisk 64GB,"Servis buruk, tidak profesional.",2,2023-04-11
user_22753,Tas Wanita,Terlalu mahal untuk kualitas seperti ini.,1,2023-11-08
user_21210,Headset Gaming,Harga terjangkau dengan kualitas oke.,5,2023-12-22
user_6003,Meja Belajar,Tidak direkomendasikan sama sekali.,1,2024-03-11
user_18922,Lampu Tidur,Barang tidak berfungsi dengan baik.,1,2024-10-20
user_4158,Sepatu Sneakers,Tidak direkomendasikan sama sekali.,1,2024-10-05
user_3897,Sepatu Sneakers,Ukuran tidak sesuai deskripsi.,2,2024-01-18
user_14444,Parfum Wanita,Sudah komplain tapi tidak ada solusi.,2,2024-06-27
user_2710,Headset Gaming,Packing asal-asalan.,2,2023-12-05
user_18235,Headset Gaming,"Barang palsu, bukan original.",2,2024-09-27
nofar023,Gosh Lunaria 377 Shoulder Bag,"Kapasitas:Toko tidak amanah
Kualitas:bagus

Saya pesan tas dengan paperbag, yang di kirimnya cuman tas aja, paperbag nya tidak ada",1,2025-06-01 19:19
ohakim,Kemeja Polos,Produk original dan kualitasnya premium.,5,2025-05-28
user_12204,Jam Tangan Digital,Produk tidak sesuai gambar.,2,2024-12-07
user_17412,Smartphone Android,"Barang palsu, bukan original.",2,2023-08-17
user_20990,Smartphone Android,Sangat kecewa dengan produk ini.,2,2024-09-21
user_5294,Flashdisk 64GB,Sudah beli berkali-kali di sini dan selalu puas.,4,2023-02-14
user_21079,Celana Jeans,Produk kotor dan tidak layak pakai.,1,2023-08-03
user_8545,Jam Tangan Digital,Kualitas sangat buruk.,1,2024-08-23
user_13710,Headset Gaming,Warna dan bentuk persis seperti di gambar.,4,2023-07-18
user_6207,Tas Wanita,Ukuran tidak sesuai deskripsi.,2,2023-03-07
user_7500,Mouse Wireless,Baru dipakai sebentar sudah rusak.,2,2023-10-24
user_16833,Lampu Tidur,Warna tidak sesuai pesanan.,2,2023-01-09
user_8426,Lampu Tidur,Ukuran pas dan sesuai pesanan.,5,2023-06-03
wasitabaktiono,Mouse Wireless,Barang sampai dengan aman dan cepat.,5,2024-10-30
shenumar,Tas ransel Backpack Lazzardi - Splendido | Tas laptop,"Kata istri sya barang nya bagus, sya sih blm liat krna LG kerja",5,2025-03-13 11:38
ganepmayasari,Lipstik Matte,Produk original dan kualitasnya premium.,5,2024-11-13
rkurniawan,Powerbank 10000mAh,"Warnanya cantik dan tahan lama, puas banget!",4,2024-08-01
user_11498,Tas Wanita,Ukuran tidak sesuai deskripsi.,1,2024-10-25
user_14285,Kursi Lipat,Rating tinggi tapi kualitas rendah.,2,2023-04-27
user_6068,Makeup Set,"Servis buruk, tidak profesional.",1,2024-05-01
vinomansur,Mouse Wireless,"Pengiriman cepat, packing rapi. Recommended!",5,2025-05-14
user_7656,Rak Sepatu,Ukuran tidak sesuai deskripsi.,1,2023-10-09
kwaluyo,Sepatu Sneakers,Produk original dan kualitasnya premium.,5,2025-06-01
xbudiman,Sepatu Sneakers,"Harga terjangkau, kualitas mantap!",5,2024-12-23
28d8mfw9v0,SKINTIFIC - 377 Dark Spot 2pcs Set | Moisture Gel 30g + Serum 20ml | Niacinamide Brightening Tranexamic Acid Lightening Acne Glowing Barrier Anti-Aging Brightening Whitening Blackhead Removal Peeling Paket-Skincare,"Tekstur:lembut dan wangi
Daya Serap:cepat menyerap
Keaslian:👍",5,2025-06-07 19:34
user_16586,Jam Tangan Digital,Worth it banget untuk harga segini.,4,2024-06-28
rrahmawati,Parfum Unisex,"Packing rapi banget, penjual ramah.",5,2025-02-14
hfirmansyah,Headset Bluetooth,"Pengiriman cepat, packing rapi. Recommended!",5,2024-07-05
r*****i,SKIN1004 Madagascar Centella Hyalu-Cica Brightening Toner 30ml,"Tekstur:-
Cocok untuk:-

Seller salah kirim! Order toner tapi yg dikirim sun stick. Saran untuk pembeli, jangan lupa unboxing video.",1,2025-06-04 08:57
dadiwidodo,Powerbank 10000mAh,"Packing rapi banget, penjual ramah.",4,2024-10-22
user_10434,Jam Tangan Digital,Sudah beli berkali-kali di sini dan selalu puas.,5,2023-05-06
user_3484,Keyboard Mechanical,Barang tidak berfungsi dengan baik.,2,2024-03-29
user_2611,Keyboard Mechanical,Tidak direkomendasikan sama sekali.,2,2023-03-06
wardaya05,Parfum Unisex,"Harga terjangkau, kualitas mantap!",5,2025-02-19
user_18190,Kursi Lipat,Kualitas di atas ekspektasi saya!,4,2023-10-09
enugroho,Jam Tangan Digital,"Packing rapi banget, penjual ramah.",5,2025-01-28
user_15467,Jam Tangan Digital,"Beli karena review bagus, ternyata zonk.",2,2024-10-27
user_11358,Powerbank,Tidak direkomendasikan sama sekali.,2,2023-12-31
rafid40,Dompet Kulit,"Harga terjangkau, kualitas mantap!",5,2024-06-17
danggraini,Kaos Oblong,"Respon penjual cepat, barang dikirim hari itu juga.",5,2025-04-08
umaya01,Jaket Hoodie,Barang sampai dengan aman dan cepat.,4,2025-02-13
user_2038,Headset Gaming,Produk tidak sesuai gambar.,2,2023-10-02
kembasitumorang,Lipstik Matte,"Harga terjangkau, kualitas mantap!",4,2024-11-23
user_16162,Kemeja Pria,Produk tidak sesuai gambar.,2,2024-10-08
user_12071,Skincare Serum,Warna tidak sesuai pesanan.,2,2023-05-14
user_18046,Keyboard Mechanical,"Puas banget, terima kasih seller!",5,2024-02-02
user_14358,Skincare Serum,Produk kotor dan tidak layak pakai.,1,2024-03-16
user_18339,Kursi Lipat,Warna tidak sesuai pesanan.,1,2023-07-23
y*****a,Gosh Lunaria 281 Sling Bag,"Desain:bagus dan menarik banget
Pas untuk Acara:jalan2
Kapasitas:muat banyak

Bagus warna nya pink muda cuantik banget, suka banget. Dapat tali panjang dan pendek",5,2025-06-14 10:16
user_6559,Kursi Lipat,Penjual sangat ramah dan fast respon.,5,2024-08-18
putrydianasianipar,H&M  Wanita Cropped T-shirt 1201712_3,Kualitas:bagus,5,2025-06-12 07:43
user_10388,Sepatu Sneakers,Barang original dan berkualitas.,4,2023-01-11
rudinapitupulu,Dompet Kulit,Barang sampai dengan aman dan cepat.,5,2025-01-05
wijayantianom,Tumbler Stainless,Barang sampai dengan aman dan cepat.,4,2024-10-10
user_8071,Powerbank,Rating tinggi tapi kualitas rendah.,1,2024-02-22
user_6405,Makeup Set,Sesuai dengan rating dan review yang saya baca.,4,2024-03-08
user_2133,Kursi Lipat,Pengiriman sangat lama.,2,2024-02-12
fannyavrielna,[NEW LAUNCH] BNB barenbliss Star-Glazing Steel Lipcerin Hidrasi 72 Jam Lipstick stained Bibir Plumpy & Glossy Lip dengan 5X Ceramide dan 2X Peptides dengan UV SPF 25 PA+++ dan Aplikator Steel serta Liptint Stain Tahan Lama dan Vitamin E,"BnB Star-Glazing benar-benar bikin kulit bibir tampak glowing natural! Teksturnya ringan, mudah meresap, dan hasil akhirnya bikin wajah terlihat sehat berkilau tanpa terasa lengket. Cocok banget dipakai harian atau untuk look glam tapi tetap effortless. Worth to try!",5,2025-06-14 19:43
kmarpaung,Celana Jeans,Produk original dan kualitasnya premium.,4,2024-11-17
user_480,Parfum Wanita,Ukuran pas dan sesuai pesanan.,4,2024-05-01
rpudjiastuti,Kaos Oblong,"Respon penjual cepat, barang dikirim hari itu juga.",5,2025-03-03
user_17211,Lampu Tidur,Sesuai dengan rating dan review yang saya baca.,4,2023-08-27
user_5336,Powerbank,Penjual tidak merespon chat.,1,2023-12-13
erzadelfira022,"Gosh TAMBAHAN BOX (TIDAK DIJUAL BOX AJA, ORDER HARUS SESUAI QUANTITY PEMBELIAN PRODUK)","Bagus sesuai foto...
Pengiriman cepat cuman packingnannya jelek 
Perbaiki lagi gak bagus bnget untuk isinya gak apa2",5,2025-06-02 14:25
user_1304,Kursi Lipat,Penjual tidak merespon chat.,2,2023-03-15
user_11221,Parfum Wanita,Pengiriman sangat lama.,2,2023-10-13
user_14510,Mouse Wireless,Ukuran tidak sesuai deskripsi.,2,2023-11-11
user_16879,Lampu Tidur,Pengiriman cepat dan aman.,4,2023-04-14
user_11806,Kaos Polos,"Barang cacat, sangat mengecewakan.",1,2023-03-29
user_18982,Powerbank,Ukuran tidak sesuai deskripsi.,2,2024-01-10
yodewi,TAS SLING BAG WANITA SOPHIE MARTIN PARIS OFFICIAL ORIGINAL PROMO TERBARU SHOPIE MARTIN SLEMPANG WANITA SOFIE SHOPPIE SOPIE MARTIN - T9137B5,"Desain:simple biasa
Bahan:halus ,tipis
Ukuran:ukuran standar

Tas nya tingan tipis bahnnya, cocok buat abg. Tuangan tas lumayan bisa masuk hp,tisu dompet lipat,kosmetik.",5,2025-05-31 14:24
qpermadi,Dompet Kulit,"Sesuai deskripsi, kualitas oke dan tahan lama.",5,2024-07-17
suryonooliva,Parfum Unisex,"Respon penjual cepat, barang dikirim hari itu juga.",5,2025-01-29
s*****1,[​NEW ADVANCED FORMULA] SKINTIFIC - SPF50+ PA++++ Sunscreen Collection | Matte Fit Serum Sunscreen 50ml / 5X Ceramide Serum Sunscreen / Aqua Light Daily Sunscreen / Light Serum Brightening Sunscreen | Oil Control Cepat Menyerap Fast-Absorbing Melembapkan,"Tekstur:yg formula terbaru ini lengket dan berat
Aroma:noasa aja gada pewsngi

Aku dulu puasss baangeet tt .untuk yg sekarang formula baru aku ga suka bgt..nyesell mana beli yg ukuran gede..
Dari cinta banvett skrg jdi bencii..maaf",2,2025-06-10 16:27
adika44,Celana Jeans,"Packing rapi banget, penjual ramah.",5,2024-09-26
user_24059,Meja Belajar,"Mantap, gak nyesel beli di sini.",5,2024-01-08
user_10909,Kursi Lipat,Produk tidak sesuai gambar.,1,2023-06-25
user_229,Keyboard Mechanical,Pengiriman sangat lama.,2,2023-03-01
nalar30,Sandals Pria,"Warnanya cantik dan tahan lama, puas banget!",5,2024-07-11
pwibowo,Tas Ransel,"Respon penjual cepat, barang dikirim hari itu juga.",5,2025-03-01
user_2086,Jam Tangan Digital,Produk tidak sesuai gambar.,1,2023-04-05
user_8046,Makeup Set,Terlalu mahal untuk kualitas seperti ini.,2,2023-09-26
ghanirajata,Powerbank 10000mAh,"Packing rapi banget, penjual ramah.",4,2024-07-26
nofar023,Gosh Lunaria 377 Shoulder Bag,"Kapasitas:Toko tidak amanah
Kualitas:bagus

Saya pesan tas dengan paperbag, yang di kirimnya cuman tas aja, paperbag nya tidak ada",1,2025-06-01 19:19
user_8916,Kursi Lipat,Produk tidak sesuai gambar.,2,2023-01-25
user_16157,Powerbank,"Barang cacat, sangat mengecewakan.",1,2023-09-11
user_2197,Keyboard Mechanical,Suka banget sama produk ini.,4,2024-12-30
user_15014,Makeup Set,Sudah komplain tapi tidak ada solusi.,2,2024-04-09
puput59,Dompet Kulit,"Pengiriman cepat, packing rapi. Recommended!",5,2024-08-08
purwadipertiwi,Kaos Oblong,"Pengiriman cepat, packing rapi. Recommended!",5,2025-03-22
user_20571,Meja Belajar,Produk tidak sesuai gambar.,1,2023-08-16
user_7644,Celana Jeans,Packing asal-asalan.,2,2024-05-10
daruna39,Mouse Wireless,"Produk bagus, bahan adem dan sesuai gambar.",5,2024-12-06
user_17310,Keyboard Mechanical,Produk sangat bagus dan sesuai deskripsi!,5,2024-09-26
lazuardinova,Mouse Wireless,"Harga terjangkau, kualitas mantap!",5,2025-03-10
user_18659,Kemeja Pria,"Barang cacat, sangat mengecewakan.",1,2024-06-17
user_16287,Kemeja Pria,Suka banget sama produk ini.,5,2024-05-08
user_12631,Sepatu Sneakers,"Pelayanan cepat, packing aman, produk oke!",4,2024-11-23
prakosa81,Sandals Pria,Produk original dan kualitasnya premium.,5,2025-01-11
sudiaticemani,Kemeja Polos,"Packing rapi banget, penjual ramah.",4,2024-10-31
user_11920,Lampu Tidur,Worth it banget untuk harga segini.,5,2023-10-12
langgenglatupono,Dompet Kulit,"Packing rapi banget, penjual ramah.",4,2024-10-30
chardiansyah,Mouse Wireless,"Packing rapi banget, penjual ramah.",5,2024-11-12
user_13460,Parfum Wanita,Worth it banget untuk harga segini.,4,2023-08-13
r*****a,ESQA Goddess Eyeshadow Palette,"Warna natural, cocok untuk sehari-hari karna warna yg dihasilkan tidak begitu mencolok",5,2025-06-12 23:23
user_24531,Headset Gaming,Pengiriman cepat dan aman.,5,2024-12-06
user_20709,Mouse Wireless,Worth it banget untuk harga segini.,5,2024-08-06
user_10746,Mouse Wireless,"Beli karena review bagus, ternyata zonk.",1,2024-06-30
user_1024,Parfum Wanita,Sudah komplain tapi tidak ada solusi.,2,2024-04-07
user_3430,Kemeja Pria,Produk tidak sesuai gambar.,1,2023-05-07
user_8346,Celana Jeans,Ukuran tidak sesuai deskripsi.,1,2023-12-01
user_1798,Jam Tangan Digital,Top banget! Bakal order lagi nanti.,5,2023-10-08
user_12348,Headset Gaming,"Puas banget, terima kasih seller!",4,2023-03-19
user_10586,Headset Gaming,Terlalu mahal untuk kualitas seperti ini.,2,2024-08-09
user_22263,Kemeja Pria,Packing asal-asalan.,1,2024-01-08
user_22437,Sepatu Sneakers,Kualitas di atas ekspektasi saya!,5,2023-10-11
jhearoi,Tas SHOPIE MARTIN Original Selempang Wanita SOPHIE MARTIN Sling Bag Slempang Cewek SHOPEE SHOPPE,"Desain:menarik
Keaslian:sesuai diskripsi
Kapasitas:dpt menampung bbrp barang

Paket tasnya dah sampai bagus",5,2025-06-02 03:46
user_13846,Lampu Tidur,Packing asal-asalan.,1,2023-06-16
user_23167,Powerbank,Produk sangat bagus dan sesuai deskripsi!,4,2024-08-19
user_8787,Keyboard Mechanical,Barang rusak saat diterima.,2,2023-08-30
user_23859,Headset Gaming,Produk kotor dan tidak layak pakai.,1,2024-06-20
pangesturaden,Jam Tangan Digital,Barang sampai dengan aman dan cepat.,4,2025-02-22
user_12186,Rak Sepatu,Produk kotor dan tidak layak pakai.,1,2023-02-03
user_12169,Buku Catatan,Sangat kecewa dengan produk ini.,1,2023-06-27
user_4578,Rak Sepatu,"Mantap, gak nyesel beli di sini.",4,2024-05-29
wibowoeluh,Sandals Pria,Produk original dan kualitasnya premium.,5,2025-05-04
rahmiwijaya,Celana Jeans,"Respon penjual cepat, barang dikirim hari itu juga.",4,2025-04-24
user_19009,Makeup Set,Sesuai dengan rating dan review yang saya baca.,5,2024-12-12
user_413,Mouse Wireless,Harga terjangkau dengan kualitas oke.,5,2023-12-18
fdabukke,Powerbank 10000mAh,Barang sampai dengan aman dan cepat.,5,2024-10-07
user_8394,Smartphone Android,Barang rusak saat diterima.,1,2024-03-08
user_23455,Lampu Tidur,Warna tidak sesuai pesanan.,2,2024-09-02
user_15147,Parfum Wanita,Produk tidak sesuai gambar.,1,2024-09-04
user_13666,Buku Catatan,"Servis buruk, tidak profesional.",2,2023-03-11
faridadaliono,Tas Ransel,"Produk bagus, bahan adem dan sesuai gambar.",4,2024-09-14
user_2288,Kemeja Pria,Kualitas sangat buruk.,1,2023-04-21
user_4721,Smartphone Android,Worth it banget untuk harga segini.,5,2023-08-13
windasaputra,Lipstik Matte,"Warnanya cantik dan tahan lama, puas banget!",4,2025-01-02
user_5182,Kaos Polos,Suka banget sama produk ini.,4,2023-02-12
user_5586,Smartphone Android,"Mantap, gak nyesel beli di sini.",5,2024-10-03
user_3337,Kursi Lipat,Suka banget sama produk ini.,4,2023-06-28
qrahimah,Headset Bluetooth,"Sesuai deskripsi, kualitas oke dan tahan lama.",4,2024-10-12
user_23889,Tas Wanita,"Servis buruk, tidak profesional.",2,2024-03-01
user_22553,Lampu Tidur,"Barang palsu, bukan original.",1,2024-01-31
user_5311,Flashdisk 64GB,Warna tidak sesuai pesanan.,1,2023-03-08
yunita85,Jaket Hoodie,"Packing rapi banget, penjual ramah.",5,2024-12-13
vmangunsong,Sandals Pria,"Warnanya cantik dan tahan lama, puas banget!",4,2025-05-01
padmayolanda,Kemeja Polos,"Warnanya cantik dan tahan lama, puas banget!",5,2025-03-11
user_20342,Tas Wanita,Barang tidak berfungsi dengan baik.,1,2023-11-21
dewi12,Dompet Kulit,"Warnanya cantik dan tahan lama, puas banget!",5,2024-09-20
user_6169,Kursi Lipat,Barang tidak berfungsi dengan baik.,1,2024-07-27
user_6758,Kemeja Pria,Kualitas sangat buruk.,2,2023-08-01
lelypurba961,URBAN&CO Basic Flat Shoes Sepatu Slip On FlatShoes Casual - Willy,"Ini juga kekecilan.. Wkwkwkwk
Salah ambil size",5,2025-06-15 11:08
user_5365,Meja Belajar,Produk tidak sesuai gambar.,1,2024-04-27
user_22675,Powerbank,Produk tidak sesuai gambar.,1,2023-10-16
user_14451,Parfum Wanita,Barang rusak saat diterima.,2,2024-08-12
user_8705,Smartphone Android,Tidak direkomendasikan sama sekali.,2,2023-11-30
user_24124,Kaos Polos,Barang original dan berkualitas.,5,2024-04-12
prabowodanuja,Tas Ransel,Produk original dan kualitasnya premium.,5,2024-10-10
user_13396,Meja Belajar,Sudah komplain tapi tidak ada solusi.,2,2023-09-28
rama69,Kaos Oblong,"Pengiriman cepat, packing rapi. Recommended!",5,2025-06-12
user_18946,Meja Belajar,Kualitas sangat buruk.,1,2024-02-12
user_9629,Kemeja Pria,Kualitas di atas ekspektasi saya!,5,2023-10-06
user_10904,Kursi Lipat,"Servis buruk, tidak profesional.",2,2023-02-22
s*****7,Gosh Amaryllis 157 Hand Bag,Desain:pengiriman lama bgt,5,2025-06-14 11:42
radikasuryatmi,Keyboard Mechanical,"Packing rapi banget, penjual ramah.",5,2024-10-20
user_14810,Keyboard Mechanical,Harga terjangkau dengan kualitas oke.,5,2023-02-27
user_3773,Makeup Set,Barang tidak berfungsi dengan baik.,2,2024-04-29
7uh_iypklz,Dompet Shopie Martin Wanita W2374B7,Warna:warna jelek sekali tidak seperti di foto...dompet saya juga yang lama seperti ini tapi tidak sejelek ini warnanya...sangat kecewa 😤😤,1,2025-06-01 17:36
user_11057,Buku Catatan,Tidak direkomendasikan sama sekali.,2,2024-08-08
user_4912,Jam Tangan Digital,"Barang cacat, sangat mengecewakan.",1,2023-09-07
user_8279,Rak Sepatu,Worth it banget untuk harga segini.,4,2023-11-09
legawa56,Headset Bluetooth,Produk original dan kualitasnya premium.,5,2025-01-15
user_16594,Mouse Wireless,Baru dipakai sebentar sudah rusak.,2,2023-06-24
user_15310,Skincare Serum,Sangat puas dengan pelayanan toko ini.,5,2024-06-24
user_15694,Celana Jeans,Baru dipakai sebentar sudah rusak.,1,2024-03-22
user_9843,Keyboard Mechanical,Produk kotor dan tidak layak pakai.,2,2024-01-05
user_2604,Flashdisk 64GB,"Puas banget, terima kasih seller!",5,2023-07-31
wahyudintaufik,Kemeja Polos,"Produk bagus, bahan adem dan sesuai gambar.",5,2025-02-13
user_17407,Kursi Lipat,"Barang palsu, bukan original.",2,2024-07-29
user_12109,Kaos Polos,Penjual tidak merespon chat.,2,2023-04-24
adika14,Jaket Hoodie,"Packing rapi banget, penjual ramah.",4,2025-05-22
user_13498,Flashdisk 64GB,Produk tidak sesuai gambar.,2,2023-09-04
user_13398,Keyboard Mechanical,Ukuran pas dan sesuai pesanan.,4,2024-08-13
kasiyahhutagalung,Mouse Wireless,"Packing rapi banget, penjual ramah.",5,2024-06-25
user_10545,Tas Wanita,"Puas banget, terima kasih seller!",4,2023-03-23
user_690,Buku Catatan,Ukuran tidak sesuai deskripsi.,1,2024-10-10
user_7157,Parfum Wanita,"Servis buruk, tidak profesional.",2,2024-06-26
qwidiastuti,Sepatu Sneakers,"Warnanya cantik dan tahan lama, puas banget!",5,2024-10-18
user_19368,Kemeja Pria,Suka banget sama produk ini.,5,2024-12-06
user_5274,Flashdisk 64GB,Suka banget sama produk ini.,5,2024-07-17
user_23089,Buku Catatan,Baru dipakai sebentar sudah rusak.,1,2023-08-18
kmahendra,Parfum Unisex,Barang sampai dengan aman dan cepat.,4,2025-04-28
user_4066,Flashdisk 64GB,Baru dipakai sebentar sudah rusak.,1,2023-09-24
user_19367,Lampu Tidur,Worth it banget untuk harga segini.,5,2023-03-31
user_18411,Jam Tangan Digital,Tidak direkomendasikan sama sekali.,1,2023-12-06
habibimumpuni,Powerbank 10000mAh,"Respon penjual cepat, barang dikirim hari itu juga.",5,2025-02-20
user_8496,Rak Sepatu,"Servis buruk, tidak profesional.",1,2023-02-05
user_8903,Skincare Serum,Sangat puas dengan pelayanan toko ini.,4,2023-11-18
user_20645,Jam Tangan Digital,Rating tinggi tapi kualitas rendah.,2,2023-09-05
hartatiaditya,Mouse Wireless,"Pengiriman cepat, packing rapi. Recommended!",5,2024-07-16
carakaagustina,Headset Bluetooth,wangi cepat oke terjangkau bagus,5,2025-06-11
wpalastri,Keyboard Mechanical,"Packing rapi banget, penjual ramah.",5,2025-02-16
user_19069,Celana Jeans,"Servis buruk, tidak profesional.",1,2024-05-03
user_3437,Jam Tangan Digital,"Beli karena review bagus, ternyata zonk.",2,2023-02-07
user_18557,Buku Catatan,"Servis buruk, tidak profesional.",1,2023-04-05
user_14303,Kemeja Pria,Terlalu mahal untuk kualitas seperti ini.,2,2023-07-01
user_23541,Kemeja Pria,Tidak direkomendasikan sama sekali.,2,2024-01-14
user_19646,Tas Wanita,"Barang cacat, sangat mengecewakan.",1,2024-11-03
puput17,Jam Tangan Digital,"Harga terjangkau, kualitas mantap!",5,2025-01-03
elisarajasa,Lipstik Matte,"Respon penjual cepat, barang dikirim hari itu juga.",5,2024-11-14
user_19722,Buku Catatan,Pengiriman sangat lama.,2,2024-06-16
vgunarto,Powerbank 10000mAh,"Warnanya cantik dan tahan lama, puas banget!",5,2025-04-19
user_12350,Kaos Polos,Barang tidak berfungsi dengan baik.,1,2023-10-10
user_4743,Headset Gaming,Terlalu mahal untuk kualitas seperti ini.,2,2024-01-05
user_18875,Kemeja Pria,"Barang palsu, bukan original.",2,2023-04-21
user_24195,Kursi Lipat,Barang tidak berfungsi dengan baik.,1,2023-04-06
mustofajelita,Kemeja Polos,"Packing rapi banget, penjual ramah.",5,2025-04-14
user_5878,Keyboard Mechanical,Produk sangat bagus dan sesuai deskripsi!,5,2024-10-26
user_10120,Lampu Tidur,Tidak direkomendasikan sama sekali.,1,2023-08-30
user_16816,Jam Tangan Digital,Tidak direkomendasikan sama sekali.,2,2023-09-28
user_15788,Meja Belajar,Tidak direkomendasikan sama sekali.,2,2023-08-13
user_8023,Kaos Polos,Terlalu mahal untuk kualitas seperti ini.,2,2024-03-15
putri51,Tumbler Stainless,"Packing rapi banget, penjual ramah.",4,2024-11-30
user_15300,Lampu Tidur,Barang tidak berfungsi dengan baik.,2,2024-11-22
user_4225,Flashdisk 64GB,Packing rapi dan aman sampai tujuan.,5,2024-08-08
s*****0,SKIN1004 Madagascar Centella Toning Toner 30ml,"Tekstur:oke
Daya Serap:oke
Cocok untuk:all skin type

semoga cocok ya makasih seller",5,2025-06-02 21:22
user_14672,Lampu Tidur,Barang original dan berkualitas.,5,2023-10-04
user_15851,Smartphone Android,"Servis buruk, tidak profesional.",2,2023-06-08
user_3847,Sepatu Sneakers,Kualitas di atas ekspektasi saya!,5,2024-03-19
user_3143,Kemeja Pria,Packing asal-asalan.,1,2024-01-05
user_3906,Parfum Wanita,Terlalu mahal untuk kualitas seperti ini.,1,2023-07-04
bahuraksayuniar,Lipstik Matte,"Sudah belanja beberapa kali, selalu puas.",5,2025-01-18
user_18243,Celana Jeans,"Pelayanan cepat, packing aman, produk oke!",4,2023-06-19
user_647,Makeup Set,Sangat kecewa dengan produk ini.,2,2024-08-14
user_4555,Tas Wanita,Barang datang lebih cepat dari perkiraan.,4,2023-08-12
darsirahprasetya,Sandals Pria,Produk original dan kualitasnya premium.,5,2025-04-25
user_15544,Tas Wanita,Penjual tidak merespon chat.,1,2023-01-27
jindrasamosir,Headset Bluetooth,"Harga terjangkau, kualitas mantap!",5,2024-12-01
user_18162,Flashdisk 64GB,Warna dan bentuk persis seperti di gambar.,4,2024-06-10
prayitnasusanti,Tas Ransel,"Produk bagus, bahan adem dan sesuai gambar.",5,2025-05-24
user_22403,Celana Jeans,"Barang palsu, bukan original.",2,2023-12-20
user_22679,Flashdisk 64GB,Pengiriman cepat dan aman.,5,2023-10-05
user_6358,Kemeja Pria,"Pelayanan cepat, packing aman, produk oke!",4,2024-05-16
user_4544,Skincare Serum,"Barang cacat, sangat mengecewakan.",1,2024-11-25
user_6628,Kursi Lipat,Warna tidak sesuai pesanan.,2,2024-09-29
user_10788,Tas Wanita,Sudah beli berkali-kali di sini dan selalu puas.,5,2024-11-09
user_2205,Makeup Set,Sesuai dengan rating dan review yang saya baca.,4,2023-07-22
user_17193,Skincare Serum,Warna dan bentuk persis seperti di gambar.,4,2024-09-09
salwaprasetya,Dompet Kulit,"Sesuai deskripsi, kualitas oke dan tahan lama.",5,2025-02-17
user_464,Skincare Serum,"Barang cacat, sangat mengecewakan.",1,2023-02-03
qpurnawati,Sepatu Sneakers,Produk original dan kualitasnya premium.,4,2024-06-18
user_21630,Makeup Set,"Servis buruk, tidak profesional.",1,2023-11-13
anggichoiriandiniharahap_99,"[6.6 MEGA DEALS] [5IN1 Free Creamy Foam]  WARDAH Lightening Symradiance 399 + 10% Niacinamide Skin Care All Series Lengkap ADV Bright & Barrier Boost - Mencerahkan Kulit Kusam Bekas Jerawat, Mencegah Hiperpigmentasi, Pelembab Mencerahkan, Bright & Barrier",Bagus,4,2025-06-13 11:31
user_24234,Mouse Wireless,Harga terjangkau dengan kualitas oke.,4,2023-10-09
user_17979,Celana Jeans,Sudah komplain tapi tidak ada solusi.,1,2024-04-09
qlaesya,HijabChic Megumi Stripe Top - Atasan Kaos Muslim Combed Lembut Kasual Lengan Loose Oversize,"Bahan:ok
Warna:real pict
Kenyamanan:nyaman",5,2025-06-15 17:25
kalimbudiyanto,Tas Ransel,"Warnanya cantik dan tahan lama, puas banget!",5,2025-01-24
user_1833,Celana Jeans,Produk kotor dan tidak layak pakai.,2,2024-08-17
user_15646,Powerbank,Warna tidak sesuai pesanan.,2,2023-05-25
user_1205,Makeup Set,Rating tinggi tapi kualitas rendah.,1,2023-10-24
kanipuspita,Keyboard Mechanical,Produk original dan kualitasnya premium.,5,2024-07-04
cha_may90,URBAN&CO Allyn Basic Mules Flatshoes Sepatu Kerja Slip On Wanita Kekinian,"Desain:keren
Warna:cantik
Kenyamanan:bahannya enak

Sayang bgt pengemasannya yg kurang baik untuk sekelas brand ternama",5,2025-06-13 21:12
suartinieluh,Sandals Pria,"Respon penjual cepat, barang dikirim hari itu juga.",5,2024-12-27
kkuswoyo,Parfum Unisex,Barang sampai dengan aman dan cepat.,5,2024-09-08
user_6556,Parfum Wanita,"Beli karena review bagus, ternyata zonk.",2,2024-08-04
user_22208,Meja Belajar,Harga terjangkau dengan kualitas oke.,5,2023-07-13
user_13290,Powerbank,Produk kotor dan tidak layak pakai.,2,2024-10-17
user_19724,Kaos Polos,"Barang cacat, sangat mengecewakan.",1,2023-08-31
user_16660,Buku Catatan,Ukuran pas dan sesuai pesanan.,5,2024-06-23
user_1980,Lampu Tidur,Penjual tidak merespon chat.,1,2023-04-18
user_19783,Headset Gaming,Produk tidak sesuai gambar.,2,2023-11-11
user_3892,Kaos Polos,Sudah komplain tapi tidak ada solusi.,1,2024-10-04
user_12772,Kemeja Pria,Penjual sangat ramah dan fast respon.,4,2024-06-21
user_10241,Kursi Lipat,Ukuran tidak sesuai deskripsi.,2,2023-09-09
user_22604,Kemeja Pria,"Pelayanan cepat, packing aman, produk oke!",5,2023-08-08
user_1770,Makeup Set,Sesuai dengan rating dan review yang saya baca.,4,2023-11-21
user_6565,Makeup Set,Kualitas sangat buruk.,2,2024-09-21
user_11889,Lampu Tidur,Top banget! Bakal order lagi nanti.,4,2024-10-09
user_5818,Flashdisk 64GB,Top banget! Bakal order lagi nanti.,5,2023-09-05
mahmud81,Lipstik Matte,"Sudah belanja beberapa kali, selalu puas.",5,2025-05-05
user_1293,Buku Catatan,"Barang palsu, bukan original.",2,2024-06-16
pradanadewi,Sandals Pria,"Produk bagus, bahan adem dan sesuai gambar.",5,2024-07-19
nia93k,BOSTANTEN Dompet Pria Lipat Bahan Kulit PU Kualitas Premium Hitam/Coklat,"Desain:bagus
Tekstur:lembut
Warna:hitam",5,2025-06-12 14:53
user_14100,Lampu Tidur,Sangat kecewa dengan produk ini.,2,2023-07-04
user_5552,Meja Belajar,Kualitas di atas ekspektasi saya!,4,2024-06-07
user_1564,Powerbank,Rating tinggi tapi kualitas rendah.,2,2023-03-13
user_2381,Skincare Serum,"Barang palsu, bukan original.",2,2023-09-20
user_14356,Tas Wanita,Kualitas di atas ekspektasi saya!,5,2024-02-02
hhidayat,Lipstik Matte,"Pengiriman cepat, packing rapi. Recommended!",5,2024-08-26
user_10755,Sepatu Sneakers,"Servis buruk, tidak profesional.",2,2024-08-23
user_16416,Buku Catatan,Baru dipakai sebentar sudah rusak.,2,2023-11-06
joko89,Keyboard Mechanical,"Respon penjual cepat, barang dikirim hari itu juga.",5,2024-12-20
user_24505,Mouse Wireless,"Barang cacat, sangat mengecewakan.",1,2023-08-16
user_2011,Headset Gaming,Barang tidak berfungsi dengan baik.,2,2023-11-03
user_20748,Flashdisk 64GB,"Servis buruk, tidak profesional.",2,2023-12-03
wibowoirma,Jam Tangan Digital,Barang sampai dengan aman dan cepat.,5,2025-04-15
user_3777,Mouse Wireless,Sudah komplain tapi tidak ada solusi.,1,2024-06-20
saputraparamita,Kaos Oblong,Produk original dan kualitasnya premium.,5,2024-11-25
v*****.,[ ! TERBATAS ! ] SKINTIFIC -  12% Acid Peeling Solution Glowing Serum 30ml | Eksfoliasi Wajah  Exfoliasi Exfoliating Serum Essence Penghalusan Kulit  Mengangkat Sel Kulit Mati Membersihkan Anti Acne Mencerahkan Jerawat Mengencangkan Kulit Glass Skin,"Aroma:wangi ga wajar terlalu kenceng fragrance nya

tanya di live kenapa muka cekat cekitnya ga wajar sampe pedes banget dan perih pas dipake BAHKAN SETELAH DIBILAS 15 menitan ga ilang” perih pedes panas nya di muka malah dibilang skin barrier rusak dan disuru pake 5x ceramide. hello?! tiap malem juga pake moist itu kali n my skin is perfectly healty. 

padahal udh cobain sekian produk peeling baru kali ini doang yg begini. masih mening produk sebelah yg fragrance nya sewajarnya peeling serum ga wangi bgt kyk parfum gini",1,2025-06-09 20:13
l*****l,Fleurette | Sandal Tali Wanita | HAZEL,"Kualitas:ga sesuai harga
Berat:ringan
Styling:biasa aja

Ya ampun TERKEJUTNYA sandal kek gini di jual 249.000 ?! Ga sesuai harga banget kek sandal 100 rb . Kecewa banget, ini sih ngejual brg murah tapi harga mahal, solnya keras lagi, ntah lah 🤦🤦🤦 kapok plus sakit hati ",1,2025-03-28 11:37
user_8328,Sepatu Sneakers,Sesuai dengan rating dan review yang saya baca.,5,2024-11-15
rahayuyono,Sepatu Sneakers,"Pengiriman cepat, packing rapi. Recommended!",5,2024-11-30
novitaalya1,Finally Found You! Soy Bright! Moisturizer - 2in1 Primer Makeup dan Gel Pelembab Krim Siang & Malam,"Tekstur:ringan
Aroma:segar
Efek:hidrasi

barang sampai dg aman",5,2025-06-13 09:17
user_5329,Mouse Wireless,"Servis buruk, tidak profesional.",1,2024-07-11
4*****j,"( HARGA PROMO )kursi lipat lesehan, kursi Lesehan "" OSCAR""ini",kecewa. kursinya cuma bisa lurus aja.,2,2025-04-27 11:29
user_11030,Flashdisk 64GB,Sudah komplain tapi tidak ada solusi.,2,2023-06-16
user_6175,Lampu Tidur,"Barang cacat, sangat mengecewakan.",1,2024-02-29
user_8036,Keyboard Mechanical,Barang rusak saat diterima.,2,2023-10-12
lhabibi,Tumbler Stainless,Barang sampai dengan aman dan cepat.,4,2025-01-04
rsuwarno,Dompet Kulit,"Pengiriman cepat, packing rapi. Recommended!",4,2025-02-19
user_10530,Parfum Wanita,Sangat puas dengan pelayanan toko ini.,5,2023-01-15
user_2671,Sepatu Sneakers,Penjual tidak merespon chat.,2,2023-07-11
user_16471,Sepatu Sneakers,Produk tidak sesuai gambar.,1,2023-10-02
ksihombing,Dompet Kulit,Barang sampai dengan aman dan cepat.,4,2024-08-13
user_22348,Mouse Wireless,"Barang palsu, bukan original.",2,2024-01-09
prayogolatupono,Lipstik Matte,"Harga terjangkau, kualitas mantap!",5,2025-02-10
user_19198,Celana Jeans,Worth it banget untuk harga segini.,4,2023-09-28
user_14832,Meja Belajar,"Pelayanan cepat, packing aman, produk oke!",4,2023-11-15
firgantorosadina,Kemeja Polos,"Pengiriman cepat, packing rapi. Recommended!",4,2024-09-22
user_11956,Rak Sepatu,Produk tidak sesuai gambar.,1,2024-10-29
user_19885,Powerbank,Top banget! Bakal order lagi nanti.,4,2024-10-19
user_16382,Smartphone Android,"Barang palsu, bukan original.",1,2024-11-03
user_5768,Kursi Lipat,Sangat kecewa dengan produk ini.,1,2024-12-14
wulandaridaru,Mouse Wireless,"Produk bagus, bahan adem dan sesuai gambar.",5,2024-07-02
user_16139,Jam Tangan Digital,Sangat kecewa dengan produk ini.,2,2023-07-05
user_23914,Sepatu Sneakers,"Servis buruk, tidak profesional.",2,2023-07-09
user_22892,Smartphone Android,Baru dipakai sebentar sudah rusak.,2,2023-11-07
user_14711,Jam Tangan Digital,Packing rapi dan aman sampai tujuan.,5,2023-07-06
user_10118,Rak Sepatu,Sangat kecewa dengan produk ini.,1,2024-07-18
jatmiko07,Tumbler Stainless,"Sesuai deskripsi, kualitas oke dan tahan lama.",5,2024-09-06
user_21637,Makeup Set,Packing asal-asalan.,1,2023-11-06
user_20162,Kursi Lipat,Produk kotor dan tidak layak pakai.,2,2024-05-10
y*****y,HijabChic Megumi Stripe Top - Atasan Kaos Muslim Combed Lembut Kasual Lengan Loose Oversize,"Warna:bagus
Bahan:lembut dan adem
Kenyamanan:nyaman

cantik, tp terlalu besar buat badan aq yg kucil, tp oke lah yg penting nyaman",5,2025-04-07 14:38
bakti54,Mouse Wireless,"Respon penjual cepat, barang dikirim hari itu juga.",5,2025-05-15
user_11267,Parfum Wanita,Produk tidak sesuai gambar.,1,2023-10-15
user_2105,Flashdisk 64GB,Sangat kecewa dengan produk ini.,1,2023-02-21
user_19066,Lampu Tidur,Suka banget sama produk ini.,5,2023-09-19
user_21575,Flashdisk 64GB,Sudah komplain tapi tidak ada solusi.,2,2024-02-05
urajata,Headset Bluetooth,"Warnanya cantik dan tahan lama, puas banget!",4,2024-09-21
user_14884,Buku Catatan,Produk kotor dan tidak layak pakai.,1,2024-12-02
user_10067,Keyboard Mechanical,Produk sangat bagus dan sesuai deskripsi!,4,2023-05-05
user_3391,Skincare Serum,Baru dipakai sebentar sudah rusak.,1,2024-11-20
wahyudinophelia,Sandals Pria,"Packing rapi banget, penjual ramah.",4,2025-06-08
user_10587,Kursi Lipat,Suka banget sama produk ini.,5,2024-11-16
user_24295,Kemeja Pria,Warna dan bentuk persis seperti di gambar.,5,2024-03-20
user_21209,Buku Catatan,Pengiriman sangat lama.,1,2024-10-08
user_24101,Kaos Polos,Kualitas sangat buruk.,1,2023-01-29
bellapratiwi15,SKINTIFIC - All Day Perfect Serum Foundation 25ml | tinted serum foundation make up bb cream cc cream powder cushion kosmetik original  official concealer kosmetik wajah matte tahan lama,Pesen 03 dikirim 02.. udh kebuka segel gimana cara refundnya ribet juga kirain dah pas 03 makanya main buka segel.. lain kali JANGAN RUGIIN PEMBELI YA min,1,2025-06-08 20:40
user_22904,Mouse Wireless,"Beli karena review bagus, ternyata zonk.",2,2024-12-15
user_12451,Smartphone Android,Baru dipakai sebentar sudah rusak.,2,2023-05-09
user_14970,Powerbank,Tidak direkomendasikan sama sekali.,2,2023-02-22
user_2817,Kursi Lipat,Barang original dan berkualitas.,5,2024-06-27
user_11082,Headset Gaming,Barang rusak saat diterima.,2,2024-11-24
manullangdadap,Tas Ransel,Barang sampai dengan aman dan cepat.,5,2025-03-14
user_9036,Rak Sepatu,Penjual sangat ramah dan fast respon.,4,2024-10-01
user_22715,Headset Gaming,Sangat kecewa dengan produk ini.,2,2024-07-22
mulya28,Jam Tangan Digital,"Pengiriman cepat, packing rapi. Recommended!",5,2025-03-17
noviafriany,SKINTIFIC - Setting Spray 80ml Lock The Look 16h | Moisturizing Oil-Control Natural Matte Fine Mist Finishing Spray Breathable Face Mist Primer Matte Lock MakeUp Kosmetik Wajah with Ferulic acid Hyaluronic acid Ectoin make up tahan lama,katanya mengunci make up agar tdk transfer/nempel di hijab bukti nya  masih tetap transfer/nempel ke hijab dll....,2,2025-06-12 03:40
user_18953,Jam Tangan Digital,Kualitas di atas ekspektasi saya!,5,2024-01-04
user_6692,Tas Wanita,Sangat puas dengan pelayanan toko ini.,4,2023-10-20
dartonohutasoit,Sandals Pria,Produk original dan kualitasnya premium.,5,2025-01-29
rra36__,Gosh Calabria 495 Pump Shoes,"Ketahanan:bagus semoga awet
Desain:lucuuu sekalii
Kualitas:originall

Lucu modelnya nygaaa ga pasaran sama kaya merekk mel*** heheh pokonyaa bagus bahnnya juga bagusss",5,2025-05-31 20:13
nurainilembah,Powerbank 10000mAh,"Warnanya cantik dan tahan lama, puas banget!",5,2024-07-18
user_3800,Kemeja Pria,Ukuran tidak sesuai deskripsi.,2,2023-04-19
haeria72,Gosh Amaryllis 421 Hand Bag,Alhamdulillah terimakasih paket udah sampai dengan selamat tuk semua biar bintang yang bicara. Barangnya bagus Cuman sayangnya bukan kotak boknya cuman di kotakin pake gardus biasa 🙏🙏,5,2025-06-11 18:47
user_4171,Sepatu Sneakers,Rating tinggi tapi kualitas rendah.,2,2023-08-07
user_11633,Powerbank,Penjual tidak merespon chat.,2,2023-02-13
m*****a,Gosh Bolzano 490 Sneakers,"Kayak bekas dipakai, banyak noda. Yg noda merah tidak bisa hilang walau sudah dibersihkan. Barang diterima 19.52. Itu saya buka 20.30an..saya foto 20.50an. Jd kotor uda jelas bkn karena saya ya. Waktunya aja gak mungkin saya pakai buat jalan2 dulu kan. Sudah lah. Saya gak buat video unboxing karena percaya nama Gosh, tapi ternyata sebelum dikirim gak diperiksa dulu.",1,2025-06-12 10:47
user_11883,Parfum Wanita,Tidak direkomendasikan sama sekali.,1,2023-03-01
kandasaputra,Lipstik Matte,Barang sampai dengan aman dan cepat.,4,2025-05-03
user_21680,Skincare Serum,Pengiriman sangat lama.,2,2024-04-12
user_10114,Powerbank,Produk sangat bagus dan sesuai deskripsi!,5,2024-04-19
user_23526,Keyboard Mechanical,Baru dipakai sebentar sudah rusak.,2,2023-09-01
user_5037,Jam Tangan Digital,Rating tinggi tapi kualitas rendah.,1,2023-08-04
user_19102,Powerbank,Ukuran tidak sesuai deskripsi.,2,2023-11-25
user_12169,Skincare Serum,Terlalu mahal untuk kualitas seperti ini.,2,2024-01-19
user_1710,Kursi Lipat,Warna tidak sesuai pesanan.,2,2024-09-15
user_4224,Kursi Lipat,Barang tidak berfungsi dengan baik.,2,2023-02-10
user_7311,Mouse Wireless,Rating tinggi tapi kualitas rendah.,2,2023-06-29
s*****1,[​NEW ADVANCED FORMULA] SKINTIFIC - SPF50+ PA++++ Sunscreen Collection | Matte Fit Serum Sunscreen 50ml / 5X Ceramide Serum Sunscreen / Aqua Light Daily Sunscreen / Light Serum Brightening Sunscreen | Oil Control Cepat Menyerap Fast-Absorbing Melembapkan,"Tekstur:yg formula terbaru ini lengket dan berat
Aroma:noasa aja gada pewsngi

Aku dulu puasss baangeet tt .untuk yg sekarang formula baru aku ga suka bgt..nyesell mana beli yg ukuran gede..
Dari cinta banvett skrg jdi bencii..maaf",2,2025-06-10 16:27
0809rm,URBAN&CO - Mystery Box 45,mantap,5,2025-06-13 09:40
user_2766,Keyboard Mechanical,Sudah komplain tapi tidak ada solusi.,2,2024-12-12
user_16170,Skincare Serum,"Pelayanan cepat, packing aman, produk oke!",4,2023-10-30
user_24860,Flashdisk 64GB,Sangat kecewa dengan produk ini.,2,2023-01-26
diah07,Keyboard Mechanical,"Warnanya cantik dan tahan lama, puas banget!",5,2025-06-03
eva.windi,Sandal Wedges Anak LED Nevada Disney,"Wort it bgt 
Dapet free masker little M hebat bgt 
Trimksih semoga makin sukses",5,2024-04-01 15:42
user_19598,Kursi Lipat,Pengiriman sangat lama.,1,2024-04-18
user_7727,Keyboard Mechanical,Warna dan bentuk persis seperti di gambar.,5,2023-09-07
user_21569,Headset Gaming,Rating tinggi tapi kualitas rendah.,1,2024-03-03
purwa42,Keyboard Mechanical,"Sesuai deskripsi, kualitas oke dan tahan lama.",5,2025-02-22
user_13111,Skincare Serum,Baru dipakai sebentar sudah rusak.,2,2023-11-12
user_17603,Mouse Wireless,Suka banget sama produk ini.,4,2023-04-03
user_10870,Kemeja Pria,Top banget! Bakal order lagi nanti.,5,2023-04-25
niayudha,100Pcs Disposable Gloves Glove Hand Sarung Tangan Plastik Sekali Pakai,Tipis banget,4,2025-06-10 06:16
user_6236,Headset Gaming,Produk tidak sesuai gambar.,2,2023-05-26
user_17096,Keyboard Mechanical,Rating tinggi tapi kualitas rendah.,2,2024-07-16
user_7011,Makeup Set,Produk kotor dan tidak layak pakai.,1,2023-10-31
18ella_,Blackmores I-Folic BPOM Kalbe 60 Tab | Suplemen Program Kehamilan Dengan Yodium Dan Asam Folat,Lama bgt nyampe d lokasi saya smpe lewat 5hari dari estimasi tibaa,2,2025-06-12 19:55
user_5649,Makeup Set,Barang tidak berfungsi dengan baik.,1,2023-10-27
aisyahharahap890,[ ! TERBATAS ! ] SKINTIFIC -  12% Acid Peeling Solution Glowing Serum 30ml | Eksfoliasi Wajah  Exfoliasi Exfoliating Serum Essence Penghalusan Kulit  Mengangkat Sel Kulit Mati Membersihkan Anti Acne Mencerahkan Jerawat Dark Spot Mengencangkan Kulit,"Aroma:aromanya aneh bau gitu
Efek:pas di pake muka saya panas trus merah"" ngk tau apa karna ngk cocok udh mahal pula eh malah ngk cocok buat kalian kalo mau beli mikir"" deh",2,2025-06-11 21:15
user_12901,Meja Belajar,Kualitas di atas ekspektasi saya!,5,2023-11-14
user_21941,Smartphone Android,Sangat direkomendasikan untuk semua orang.,5,2023-02-21
user_14585,Powerbank,Sangat kecewa dengan produk ini.,2,2024-12-26
cy8pf7kntf,"WARDAH Crystal Secret Series Lengkap - Milk Cleanser, Micellar Cleansing Gel, Foaming Cleanser, Exfoliating Toner, Pure Treatment Essence, Serum, Dark Spot Corrector, Day Moisturizer, Night Moisturizer, Refreshing Day Gel, Radiance Serum Mask - Skincare",Berat:ringan dikulit Kenyamanan:nyaman Kandungan:berkualitas mantap,5,2025-06-13 09:58
bakda87,Sandals Pria,"Warnanya cantik dan tahan lama, puas banget!",5,2024-11-27
user_5267,Powerbank,Kualitas sangat buruk.,2,2023-10-14
user_28,Sepatu Sneakers,Produk sangat bagus dan sesuai deskripsi!,5,2023-04-22
user_3007,Sepatu Sneakers,"Barang palsu, bukan original.",1,2024-05-12
emulyani,Parfum Unisex,"Produk bagus, bahan adem dan sesuai gambar.",5,2024-11-28
user_18461,Jam Tangan Digital,Warna tidak sesuai pesanan.,1,2023-06-24
namagapatricia,Keyboard Mechanical,Barang sampai dengan aman dan cepat.,4,2025-02-08
user_18164,Mouse Wireless,Barang tidak berfungsi dengan baik.,1,2023-09-03
user_16300,Skincare Serum,Terlalu mahal untuk kualitas seperti ini.,2,2024-11-12
mtampubolon,Mouse Wireless,"Produk bagus, bahan adem dan sesuai gambar.",5,2024-11-29
jailanijessica,Celana Jeans,Produk original dan kualitasnya premium.,4,2025-04-19
e*****o,SKINTIFIC - Symwhite 377 Dark Spot Serum 20ml | Niacinamide Serum Mencerahkan Tumpas Komedo Penghilang Noda Hitam Perbaikan Bekas Jerawat Dark Spot Anti-Acne Eksfoliasi Mengangkat Sel Kulit Mati Exfoliating Whitening Serum pencerah,Br coba,5,2025-05-25 16:06
dpratama,Parfum Unisex,"Sesuai deskripsi, kualitas oke dan tahan lama.",5,2025-03-12
user_17233,Parfum Wanita,Warna tidak sesuai pesanan.,2,2024-12-29
alaksmiwati,Keyboard Mechanical,"Packing rapi banget, penjual ramah.",5,2024-08-27
user_21592,Celana Jeans,Rating tinggi tapi kualitas rendah.,2,2024-03-11
user_1820,Mouse Wireless,Barang datang lebih cepat dari perkiraan.,4,2024-04-09
user_4998,Tas Wanita,Barang datang lebih cepat dari perkiraan.,4,2023-03-08
chabibi,Tas Ransel,"Harga terjangkau, kualitas mantap!",4,2025-04-02
fprasetya,Parfum Unisex,"Sudah belanja beberapa kali, selalu puas.",5,2025-01-21
f*****9,HijabChic Alta Tunic - Tunik Muslim Cantik Renda Princess Ramah Busui Anti Kusut,"Ekspektasi nya bagus banget pas dibadan meskipun badannya mongil 😁 aman...
Bahan bagus GK mudah kusut modelnya elagant cocok buat segala acara ...",5,2025-05-04 14:29
user_10093,Meja Belajar,"Barang cacat, sangat mengecewakan.",2,2023-05-24
user_16582,Kursi Lipat,"Servis buruk, tidak profesional.",2,2024-12-08
user_14342,Celana Jeans,Produk sangat bagus dan sesuai deskripsi!,4,2024-01-13
xputra,Keyboard Mechanical,Produk original dan kualitasnya premium.,5,2025-02-24
user_22420,Meja Belajar,Rating tinggi tapi kualitas rendah.,1,2024-02-12
nasrullahsalahudin,Keyboard Mechanical,"Harga terjangkau, kualitas mantap!",4,2024-12-15
user_22580,Kemeja Pria,Pengiriman cepat dan aman.,5,2023-10-05
user_15169,Kursi Lipat,Barang rusak saat diterima.,2,2024-06-13
habibiella,Celana Jeans,"Harga terjangkau, kualitas mantap!",5,2025-01-13
katelya22,"sofa lipat, sofa lesehan, kursi lipat lesehan, kursi lesehan","Kenyamanan:ga nyaman, dikit & tipis isian dakronnya di dudukin terasa keras alasnya. mahal si menurut saya dakronnya irit bgt",2,2025-04-30 12:46
kwidiastuti,Celana Jeans,Barang sampai dengan aman dan cepat.,5,2025-02-28
user_3182,Tas Wanita,Produk sangat bagus dan sesuai deskripsi!,4,2024-10-18
yiyi_collection,Gosh Lunaria 357 Sling Bag,"Styling:casual, formal

Tas sesuai..semoga awet..modelnya bagus beli pas harganya turun😊",5,2025-06-04 20:57
user_2001,Makeup Set,Sudah komplain tapi tidak ada solusi.,1,2023-05-06
user_10069,Lampu Tidur,Produk kotor dan tidak layak pakai.,2,2024-08-25
user_22925,Lampu Tidur,Sangat kecewa dengan produk ini.,2,2024-02-11
user_4349,Celana Jeans,"Barang palsu, bukan original.",1,2023-05-21
pradiptamalik,Kaos Oblong,"Pengiriman cepat, packing rapi. Recommended!",5,2025-03-15
user_5184,Rak Sepatu,Pengiriman sangat lama.,2,2024-12-08
user_22945,Tas Wanita,Sudah komplain tapi tidak ada solusi.,2,2024-12-13
hendra21,Powerbank 10000mAh,"Respon penjual cepat, barang dikirim hari itu juga.",5,2025-02-03
user_10953,Sepatu Sneakers,"Servis buruk, tidak profesional.",1,2023-06-27
user_3433,Meja Belajar,Barang tidak berfungsi dengan baik.,1,2024-03-07
user_23297,Parfum Wanita,Barang rusak saat diterima.,2,2023-08-12
user_20899,Buku Catatan,Rating tinggi tapi kualitas rendah.,1,2023-09-23
vhalim,Tumbler Stainless,"Produk bagus, bahan adem dan sesuai gambar.",4,2024-09-04
user_2669,Tas Wanita,"Beli karena review bagus, ternyata zonk.",1,2024-11-15
unajmudin,Tumbler Stainless,"Pengiriman cepat, packing rapi. Recommended!",5,2024-12-19
user_3758,Sepatu Sneakers,Sangat kecewa dengan produk ini.,1,2024-06-08
user_6059,Kaos Polos,Top banget! Bakal order lagi nanti.,5,2023-10-02
user_5590,Lampu Tidur,Kualitas di atas ekspektasi saya!,5,2024-12-25
user_9552,Makeup Set,Top banget! Bakal order lagi nanti.,4,2024-05-25
user_3412,Rak Sepatu,Barang rusak saat diterima.,1,2024-01-11
user_16758,Rak Sepatu,"Beli karena review bagus, ternyata zonk.",2,2024-04-23
yunitagunarto,Kemeja Polos,"Harga terjangkau, kualitas mantap!",5,2024-08-03
user_16289,Powerbank,Produk sangat bagus dan sesuai deskripsi!,5,2023-12-30
user_1082,Celana Jeans,Produk kotor dan tidak layak pakai.,2,2023-01-11
user_739,Headset Gaming,Harga terjangkau dengan kualitas oke.,4,2023-08-16
raihansaefullah,Tas Ransel,"Sudah belanja beberapa kali, selalu puas.",5,2024-08-06
putrialdaferamarta,Pelentik Penjepit Bulu Mata Eyelash Curler - Lentik Rambut Alis Eye Glenco Jepit Clip Beauty Eyes Lash,"pesanan saya tidak datang, penjualnya tidak amanah dan tidak balas chat customer",1,2025-06-07 06:35
user_12327,Flashdisk 64GB,"Barang cacat, sangat mengecewakan.",1,2023-12-19
user_19638,Meja Belajar,Penjual tidak merespon chat.,1,2024-09-25
a*****1,SKINTIFIC - Perfect Stay Velvet Matte Cushion | Foundation Compact Oil-Control Waterproof Sweatproof Matte Finish Poreless Blue Cushion Foundation Flawless BB&CC Cream Makeup High-Coverage Bedak Skin Tint,Kalau ada bintang 0 kukasih bintang 0 ni seller nya,1,2025-06-10 21:46
user_1464,Meja Belajar,Baru dipakai sebentar sudah rusak.,1,2024-11-14
user_13137,Mouse Wireless,Warna tidak sesuai pesanan.,2,2023-02-11
user_1124,Kursi Lipat,Rating tinggi tapi kualitas rendah.,1,2024-10-20
aynara_store,Cole Rainny Artistic Celana Boxer Pria 121609500,"Pelayanan sangat buruk untuk label sekelas mall ! 

Sudah cekout 2x masing-masing 4 pcs
Produk tersedia di keranjang
Ketika sudah di cekout, dikirim hanya 1 pcs!!",1,2025-06-13 08:32
user_10445,Keyboard Mechanical,Warna tidak sesuai pesanan.,2,2023-12-01
user_19091,Tas Wanita,Barang tidak berfungsi dengan baik.,1,2024-09-22
bebbyferrel,HijabChic Ariella Top - Baju Blouse Lebaran Brukat Bunga Elegan Tulle Layer Furing Layer Kerut,"Kualitas Jahitan:bagus
Desain:cantik

Alhamdulillah yg model ini lumayan bagus tdk mengecewakan",5,2025-03-18 17:52
user_18695,Sepatu Sneakers,Ukuran pas dan sesuai pesanan.,4,2024-02-22
user_22905,Kursi Lipat,Sudah beli berkali-kali di sini dan selalu puas.,4,2023-09-01
user_17777,Kemeja Pria,"Servis buruk, tidak profesional.",1,2024-07-17
user_8015,Mouse Wireless,Packing rapi dan aman sampai tujuan.,4,2024-05-04
user_11265,Powerbank,Ukuran tidak sesuai deskripsi.,1,2023-02-20
user_19557,Tas Wanita,Penjual tidak merespon chat.,1,2024-10-28
user_15051,Skincare Serum,Barang rusak saat diterima.,1,2023-02-25
user_16334,Kaos Polos,Barang datang lebih cepat dari perkiraan.,5,2023-04-20
user_22450,Kursi Lipat,"Mantap, gak nyesel beli di sini.",4,2023-08-15
estiawanfujiati,Keyboard Mechanical,Barang sampai dengan aman dan cepat.,5,2025-01-10
tsamosir,Kaos Oblong,"Respon penjual cepat, barang dikirim hari itu juga.",5,2024-11-29
hwahyudin,Tas Ransel,"Packing rapi banget, penjual ramah.",4,2024-08-26
user_18439,Jam Tangan Digital,Produk kotor dan tidak layak pakai.,1,2023-11-14
xhutapea,Tas Ransel,"Packing rapi banget, penjual ramah.",5,2024-09-22
user_24896,Lampu Tidur,Produk tidak sesuai gambar.,1,2023-03-23
user_13945,Tas Wanita,Rating tinggi tapi kualitas rendah.,2,2024-08-23
user_14099,Buku Catatan,Warna tidak sesuai pesanan.,2,2023-03-23
user_21268,Kursi Lipat,"Pelayanan cepat, packing aman, produk oke!",5,2023-03-25
jatmiko00,Sepatu Sneakers,"Warnanya cantik dan tahan lama, puas banget!",4,2025-05-28
gambira87,Celana Jeans,"Pengiriman cepat, packing rapi. Recommended!",5,2024-10-05
user_14497,Kursi Lipat,Rating tinggi tapi kualitas rendah.,1,2023-12-17
user_7801,Meja Belajar,"Mantap, gak nyesel beli di sini.",5,2023-11-14
user_18952,Lampu Tidur,"Servis buruk, tidak profesional.",1,2023-04-28
user_18068,Kaos Polos,Sudah komplain tapi tidak ada solusi.,2,2023-06-09
user_320,Lampu Tidur,Packing asal-asalan.,2,2024-12-16
user_11756,Rak Sepatu,Pengiriman sangat lama.,1,2023-06-18
user_18858,Rak Sepatu,"Barang palsu, bukan original.",2,2023-10-20
user_21850,Rak Sepatu,Tidak direkomendasikan sama sekali.,2,2024-09-26
user_2998,Skincare Serum,Terlalu mahal untuk kualitas seperti ini.,1,2023-05-29
user_24287,Powerbank,"Servis buruk, tidak profesional.",1,2023-05-19
user_22188,Kursi Lipat,Worth it banget untuk harga segini.,5,2024-05-18
enababan,Tas Ransel,Produk original dan kualitasnya premium.,5,2024-12-17
user_17424,Sepatu Sneakers,"Puas banget, terima kasih seller!",4,2023-12-15
user_21306,Celana Jeans,Barang tidak berfungsi dengan baik.,1,2024-03-09
novi89890,SKINTIFIC - Perfect Stay Velvet Matte Cushion - Refill 11ml,Gak bagusss dempul,1,2025-06-10 15:45
s*****y,COD / SARUNG BANTAL / POLOS / PILLOW CASE / CUSTOM / BABY PINK / LYLAC / HIJAU / PINK / PEACH / BABY / MURAH / PREMIUM / LEMBUT / ADEM / CINTA / JUMBO / DOBEL / SARUNG / BANTAL,"nnt akan d update, barang lgsg masuk cargo",2,2025-05-22 17:08
user_1664,Makeup Set,"Puas banget, terima kasih seller!",4,2023-11-22
user_18980,Jam Tangan Digital,Produk tidak sesuai gambar.,1,2023-09-12
user_1616,Tas Wanita,Tidak direkomendasikan sama sekali.,2,2023-05-12
user_9605,Jam Tangan Digital,Sangat puas dengan pelayanan toko ini.,5,2023-06-15
user_22660,Meja Belajar,Produk sangat bagus dan sesuai deskripsi!,4,2023-10-03
nasyiahrespati,Tas Ransel,"Sesuai deskripsi, kualitas oke dan tahan lama.",5,2024-09-20
user_21766,Rak Sepatu,Ukuran tidak sesuai deskripsi.,1,2023-06-15
user_1776,Headset Gaming,Warna dan bentuk persis seperti di gambar.,4,2023-03-13
user_22935,Celana Jeans,Sudah beli berkali-kali di sini dan selalu puas.,4,2024-08-24
niralia_sora12,Bed Cover Set Elsa Mix Baby Pink - 90x200 - 200x200 - Evedaily,Rekomend bagus sekali,5,2025-05-16 15:28
user_11230,Kemeja Pria,"Barang cacat, sangat mengecewakan.",2,2024-05-26
user_9488,Jam Tangan Digital,Top banget! Bakal order lagi nanti.,5,2023-08-29
purwantigamblang,Keyboard Mechanical,"Produk bagus, bahan adem dan sesuai gambar.",5,2024-06-20
chikitalisa,SKIN1004 Madagascar Centella Tone Brightening Capsule Ampoule 100ml,Pengiriman oke pengemasan juga oke aman pk dus untuk product menurut ku bekerja ya cuma slowly thank you seller,5,2025-05-31 07:55
user_22124,Buku Catatan,Worth it banget untuk harga segini.,5,2023-07-04
atmadabukke,Lipstik Matte,Barang sampai dengan aman dan cepat.,5,2025-04-26
edi72,Sepatu Sneakers,"Respon penjual cepat, barang dikirim hari itu juga.",5,2025-04-18
user_24672,Rak Sepatu,Baru dipakai sebentar sudah rusak.,2,2024-10-28
user_15604,Kemeja Pria,Barang rusak saat diterima.,2,2023-11-27
user_14037,Rak Sepatu,Produk tidak sesuai gambar.,2,2023-06-27
user_22719,Tas Wanita,"Mantap, gak nyesel beli di sini.",5,2023-08-26
user_13800,Rak Sepatu,"Mantap, gak nyesel beli di sini.",4,2024-12-19
novi89890,SKINTIFIC - Perfect Stay Velvet Matte Cushion - Refill 11ml,Gak bagusss dempul,1,2025-06-10 15:45
user_1628,Headset Gaming,Suka banget sama produk ini.,5,2024-02-24
user_19100,Sepatu Sneakers,"Servis buruk, tidak profesional.",2,2023-10-26
nofar023,Gosh Lunaria 377 Shoulder Bag,"Kapasitas:Toko tidak amanah
Kualitas:bagus

Saya pesan tas dengan paperbag, yang di kirimnya cuman tas aja, paperbag nya tidak ada",1,2025-06-01 19:19
suwarnoilyas,Parfum Unisex,Barang sampai dengan aman dan cepat.,5,2025-01-18
user_8818,Tas Wanita,"Servis buruk, tidak profesional.",1,2024-11-13
user_595,Rak Sepatu,"Barang cacat, sangat mengecewakan.",1,2024-09-05
user_16884,Smartphone Android,Barang rusak saat diterima.,1,2023-07-28
user_20727,Sepatu Sneakers,Tidak direkomendasikan sama sekali.,2,2024-07-17
iswahyudiprakosa,Dompet Kulit,"Sudah belanja beberapa kali, selalu puas.",4,2024-06-18
pancasimanjuntak,Keyboard Mechanical,"Warnanya cantik dan tahan lama, puas banget!",5,2025-04-28
user_9554,Keyboard Mechanical,Terlalu mahal untuk kualitas seperti ini.,2,2023-08-11
n*****y,Gosh Zinnia 434 Backpack,"Desain:biasa
Kapasitas:biasa
Pas untuk Acara:untuk school, jalan² juga oke

kok GOSH semakin kesini kwalitasnya kurang..
g seperti dulu Krn saya pengguna gosh dari zaman saya masih SMP, dan sekarang turun ke anak saya
minta tolong kwalitasnya dijaga

untuk jas akirim paket sudah terkoyak dan sepertinya sudah dibuka paketnya",2,2025-06-10 11:41
user_11030,Smartphone Android,Rating tinggi tapi kualitas rendah.,1,2023-03-17
esihombing,Dompet Kulit,"Harga terjangkau, kualitas mantap!",5,2025-04-30
z0hpmry7oo,Botol Parfum Mini Refill Travel 5 ML / Wadah Tempat Body Spray Isi Ulang 5ML,"Warna:baguss
Ukuran:Praktisaa Buat Buat Dibawa Kemana²
Kualitas:memenuhi standar Dngan Yg saya Harapkan",1,2025-06-02 00:08
user_8329,Powerbank,Baru dipakai sebentar sudah rusak.,1,2024-12-01
user_5084,Headset Gaming,Kualitas sangat buruk.,2,2023-06-07
dmegantara,Sepatu Sneakers,"Produk bagus, bahan adem dan sesuai gambar.",5,2024-11-13
user_6077,Smartphone Android,Packing rapi dan aman sampai tujuan.,4,2023-09-10
user_8995,Lampu Tidur,Ukuran tidak sesuai deskripsi.,2,2024-01-31
fifiiiii13,Gosh Amaryllis 305 Hand Bag,"Desain:GA DIKIRIM PAPERBAGNYA
Kualitas:GA DIKIRIM PAPERBAGNYA
Kapasitas:GA DIKIRIM PAPERBAGNYA",1,2025-06-13 01:22
zulaikajasmani,Kaos Oblong,"Produk bagus, bahan adem dan sesuai gambar.",5,2025-04-12
wahyuniatmaja,Sandals Pria,"Packing rapi banget, penjual ramah.",4,2024-10-14
user_6095,Kaos Polos,"Barang cacat, sangat mengecewakan.",2,2023-07-11
cemeti26,Dompet Kulit,"Sesuai deskripsi, kualitas oke dan tahan lama.",5,2025-03-05
user_5866,Lampu Tidur,Sangat puas dengan pelayanan toko ini.,5,2024-03-05
jokorahmawati,Celana Jeans,Barang sampai dengan aman dan cepat.,5,2024-08-20
user_6860,Celana Jeans,"Servis buruk, tidak profesional.",1,2023-06-15
r*****i,SKIN1004 Madagascar Centella Toning Toner 30ml,"TOLONG ADMIN PACKING PAKET LEBIH TELITI!!! 
KIRIM SALAH SEMUA!!!",1,2025-06-11 18:55
wasitaayu,Lipstik Matte,Produk original dan kualitasnya premium.,5,2025-01-11
olivagunawan,Parfum Unisex,"Sudah belanja beberapa kali, selalu puas.",4,2024-11-05
kaniawidodo,Celana Jeans,Produk original dan kualitasnya premium.,5,2024-12-11
r*****2,HijabChic Giuli Pale Pink Tunic - Tunik Stripe Katun Premium Bordir Bunga Mewah Busui Friendly,"Desain:menarik
Kenyamanan:nyaman dipakai
Kualitas:bagus

Hijabchic pasti oklah gak diragukan lagi model dan kualitasnya…cumaaa yg edisi seri ini bahan di bagian badan (bukan lengan) agak tipis…mesti pake tank top lagi yaa",5,2025-04-13 22:00
user_15387,Parfum Wanita,Suka banget sama produk ini.,4,2023-08-10
user_18717,Kemeja Pria,"Barang palsu, bukan original.",2,2024-04-18
iftahillahiif,HijabChic Serena Dress - Dress Elegan Brukat Bunga Tulle Mewah Ruffle Furing Kondangan,"Desain:cantik
Kenyamanan:sangat nyaman
Kualitas:keren, berkelas

Bagus banget rencana buat lebaran",5,2025-05-31 15:00
user_6148,Smartphone Android,Produk tidak sesuai gambar.,2,2024-07-13
user_22394,Smartphone Android,Ukuran tidak sesuai deskripsi.,2,2023-10-21
l*****3,[ ! TERBATAS ! ] SKINTIFIC -  12% Acid Peeling Solution Glowing Serum 30ml | Eksfoliasi Wajah  Exfoliasi Exfoliating Serum Essence Penghalusan Kulit  Mengangkat Sel Kulit Mati Membersihkan Anti Acne Mencerahkan Jerawat Mengencangkan Kulit Glass Skin,dipakai sakit cekit” panas banget kaya cabe 😭😭😭,1,2025-06-11 20:25
user_20211,Mouse Wireless,Produk tidak sesuai gambar.,1,2023-03-21
user_20184,Kursi Lipat,Barang rusak saat diterima.,2,2023-12-03
user_176,Rak Sepatu,"Barang cacat, sangat mengecewakan.",1,2024-10-25
user_15725,Tas Wanita,Barang tidak berfungsi dengan baik.,2,2023-07-16
user_8224,Celana Jeans,Sesuai dengan rating dan review yang saya baca.,5,2023-03-03
user_24921,Celana Jeans,"Servis buruk, tidak profesional.",1,2023-02-16
user_15609,Rak Sepatu,Sesuai dengan rating dan review yang saya baca.,5,2023-02-06
user_13798,Kemeja Pria,"Beli karena review bagus, ternyata zonk.",2,2024-07-02
user_20797,Parfum Wanita,"Puas banget, terima kasih seller!",4,2024-03-17
user_11301,Mouse Wireless,Kualitas sangat buruk.,2,2024-04-17
user_19718,Headset Gaming,Ukuran pas dan sesuai pesanan.,5,2024-12-14
s*****1,[​NEW ADVANCED FORMULA] SKINTIFIC - SPF50+ PA++++ Sunscreen Collection | Matte Fit Serum Sunscreen 50ml / 5X Ceramide Serum Sunscreen / Aqua Light Daily Sunscreen / Light Serum Brightening Sunscreen | Oil Control Cepat Menyerap Fast-Absorbing Melembapkan,"Tekstur:yg formula terbaru ini lengket dan berat
Aroma:noasa aja gada pewsngi

Aku dulu puasss baangeet tt .untuk yg sekarang formula baru aku ga suka bgt..nyesell mana beli yg ukuran gede..
Dari cinta banvett skrg jdi bencii..maaf",2,2025-06-10 16:27
user_19203,Kaos Polos,Sangat puas dengan pelayanan toko ini.,5,2024-09-01
user_5741,Headset Gaming,"Mantap, gak nyesel beli di sini.",5,2023-04-23
padmasarikamila,Tas Ransel,"Packing rapi banget, penjual ramah.",4,2025-05-11
nurulrahayu,Mouse Wireless,"Harga terjangkau, kualitas mantap!",5,2025-03-09
user_11881,Buku Catatan,"Pelayanan cepat, packing aman, produk oke!",5,2023-03-10
user_3462,Kursi Lipat,Produk sangat bagus dan sesuai deskripsi!,5,2023-08-01
user_22483,Buku Catatan,Harga terjangkau dengan kualitas oke.,5,2024-08-21
user_6342,Makeup Set,Tidak direkomendasikan sama sekali.,2,2024-05-29
user_5745,Powerbank,Ukuran pas dan sesuai pesanan.,5,2023-10-07
user_16038,Buku Catatan,Ukuran pas dan sesuai pesanan.,5,2024-03-13
elisanainggolan,Tas Ransel,"Pengiriman cepat, packing rapi. Recommended!",5,2024-10-30
user_11406,Kemeja Pria,Sangat kecewa dengan produk ini.,2,2024-05-14
neneng307__,[GIFT] BNB barenbliss Mari Mori Make Up Remover Wipes,"Yey 🥰😍 Finally aku bisa beli cushion BNB semoga cocok Dan sesuai di aku 🥰 semoga cocok bisa beli lagi products BNB. 
Sukaaaaa sama kemasan Dan product nya semoga cocoklah yaa😍",5,2025-06-15 09:49
putraparis,Celana Jeans,Barang sampai dengan aman dan cepat.,5,2025-03-26
user_14068,Kursi Lipat,Baru dipakai sebentar sudah rusak.,2,2024-10-29
user_8659,Parfum Wanita,Terlalu mahal untuk kualitas seperti ini.,2,2024-08-06
user_20416,Meja Belajar,Sudah beli berkali-kali di sini dan selalu puas.,4,2024-10-12
user_20709,Tas Wanita,Kualitas sangat buruk.,1,2023-06-25
user_11696,Mouse Wireless,Sudah beli berkali-kali di sini dan selalu puas.,5,2024-12-10
user_18187,Lampu Tidur,Barang tidak berfungsi dengan baik.,1,2024-10-09
user_7853,Jam Tangan Digital,Barang original dan berkualitas.,4,2024-05-23
l*****i,HijabChic Megumi Stripe Top - Atasan Kaos Muslim Combed Lembut Kasual Lengan Loose Oversize,"Warna:warna sesuai pesanan
Bahan:adem gak gerah samsel
Kenyamanan:nyaman, cutingan lucu, jadi keliatan gendut kalo di pake",5,2025-06-13 17:15
user_19631,Kursi Lipat,"Mantap, gak nyesel beli di sini.",4,2024-07-18
caturmegantara,Dompet Kulit,"Respon penjual cepat, barang dikirim hari itu juga.",5,2025-06-10
j*****g,[GIFT] BNB barenbliss Mari Mori Make Up Remover Wipes,"Warna nya pucat tidak seperti di foto
Dan susah di blend
Tidak sperti yang pertama beli",2,2025-06-15 11:16
user_9727,Meja Belajar,"Servis buruk, tidak profesional.",1,2023-11-11
user_16237,Celana Jeans,Top banget! Bakal order lagi nanti.,4,2024-02-23
user_24383,Powerbank,Terlalu mahal untuk kualitas seperti ini.,2,2024-01-20
user_9832,Powerbank,Barang tidak berfungsi dengan baik.,1,2023-10-19
user_16248,Kaos Polos,Pengiriman cepat dan aman.,4,2023-08-28
shelyoktareshaf,SKIN1004 Madagascar Centella Hyalu-Cica Water-Fit Sun Serum 100ml,"Daya Serap:cepat
Tekstur:lembut
Berat:ringan saat dipake

Aarrghhh happyyyy bangeeett, dapet bonus centella ampoulenya yang 30 ml, timakaciiii min<33",5,2025-06-11 19:50
user_17157,Headset Gaming,Sangat direkomendasikan untuk semua orang.,4,2023-10-29
user_2352,Meja Belajar,Warna dan bentuk persis seperti di gambar.,5,2024-05-31
lsn0888,BOSTANTEN Dompet Lipat Pria Kulit PU Hitam/Kopi BSB0624217,"Desain:tampilan keren dan modern
Kualitas Jahitan:sangat rapih dan kuat
Kualitas Bahan:menggunakan bahan yang bagus dan awet",5,2025-06-12 12:22
user_13519,Makeup Set,"Beli karena review bagus, ternyata zonk.",2,2023-12-03
user_9736,Meja Belajar,"Barang palsu, bukan original.",2,2023-08-05
user_9824,Kursi Lipat,Warna dan bentuk persis seperti di gambar.,5,2023-10-18
user_22470,Smartphone Android,"Servis buruk, tidak profesional.",1,2024-12-14
putrawardaya,Lipstik Matte,"Pengiriman cepat, packing rapi. Recommended!",5,2025-04-03
user_19519,Skincare Serum,Penjual tidak merespon chat.,1,2024-01-30
user_1421,Smartphone Android,"Puas banget, terima kasih seller!",5,2023-09-02
user_17996,Buku Catatan,Barang tidak berfungsi dengan baik.,2,2023-04-08
nyunyun.s,Sepatu slipon ringan dewasa Triset (36-40),Puas dengan produknya...,5,2022-04-21 18:21
user_15738,Headset Gaming,Penjual tidak merespon chat.,1,2023-03-29
user_12163,Sepatu Sneakers,Produk kotor dan tidak layak pakai.,2,2024-04-16
sucintsya,SKIN1004  Madagascar Centella Poremizing Tinted Suncream 50ml,"Pilihan tepat buat jadiin ini tinted sunscreen, meskipun ada tinted nya dia tetep bikin kulit kita natural aja gitu, tapi bonus nya kita dpt warna kulit yang rata. Rekomended bngt sih",5,2025-06-04 05:45
user_19995,Mouse Wireless,"Pelayanan cepat, packing aman, produk oke!",4,2023-05-17
n*****v,[BEST SELLING] BNB barenbliss High To Volume Mascara Long Lasting Waterproof Smudgeproof Maskara dengan Vitamin E 24 Jam Panjang & Lentik Tanpa Gumpal,Sesuai dg deskripsi. Produknya emang mantep pol.,5,2025-06-14 17:43
user_16264,Skincare Serum,Top banget! Bakal order lagi nanti.,4,2023-08-21
user_2055,Tas Wanita,Ukuran pas dan sesuai pesanan.,5,2023-07-30
user_20670,Flashdisk 64GB,"Mantap, gak nyesel beli di sini.",5,2024-12-13
user_15978,Skincare Serum,Tidak direkomendasikan sama sekali.,1,2024-04-28
nwahyudin,Lipstik Matte,"Respon penjual cepat, barang dikirim hari itu juga.",5,2025-06-12
user_18991,Meja Belajar,Packing asal-asalan.,1,2023-06-02
user_11554,Powerbank,Sudah beli berkali-kali di sini dan selalu puas.,5,2024-02-11
user_3786,Smartphone Android,Sangat kecewa dengan produk ini.,1,2024-10-02
user_3897,Tas Wanita,Sesuai dengan rating dan review yang saya baca.,5,2024-12-08
user_12109,Parfum Wanita,Baru dipakai sebentar sudah rusak.,2,2023-04-22
user_2971,Jam Tangan Digital,Harga terjangkau dengan kualitas oke.,5,2024-06-24
user_4813,Keyboard Mechanical,"Beli karena review bagus, ternyata zonk.",1,2024-12-06
l*****i,[ ! TERBATAS ! ] SKINTIFIC -  12% Acid Peeling Solution Glowing Serum 30ml | Eksfoliasi Wajah  Exfoliasi Exfoliating Serum Essence Penghalusan Kulit  Mengangkat Sel Kulit Mati Membersihkan Anti Acne Mencerahkan Jerawat Mengencangkan Kulit Glass Skin,"Kondisi Barang:bagus
Aroma:wangi enak
Efek:pertama kali pake dan langsung keliatan hasilnya

Bagus banget dan pertama pake sudah keliatan hasilnya. Emaizing sekali. Terimakasih",5,2025-06-11 11:45
user_2248,Flashdisk 64GB,"Puas banget, terima kasih seller!",5,2023-08-24
feri.fei,Gosh Asti 448 Sandal Comfort,"Saran Tampilan:Respon nya d perbaiki lagi

Masa order hari jum'at jam 15:40 tapi br d respon hari selasa, jd gak sesuai sama ketentuan pengiriman, padahal tidak ada tanggal merah...",5,2025-06-05 16:56
user_15706,Rak Sepatu,"Pelayanan cepat, packing aman, produk oke!",5,2024-11-01
user_2060,Smartphone Android,Ukuran tidak sesuai deskripsi.,2,2023-02-15
user_10400,Kemeja Pria,Warna tidak sesuai pesanan.,2,2023-06-10
user_19177,Kursi Lipat,Terlalu mahal untuk kualitas seperti ini.,2,2024-08-21
gastiagustina,Kemeja Polos,"Sudah belanja beberapa kali, selalu puas.",5,2024-06-14
user_23861,Powerbank,Kualitas sangat buruk.,1,2024-06-11
user_14895,Headset Gaming,Warna tidak sesuai pesanan.,2,2023-10-30
rekamardalena,Bed Cover Set Keira - Bunga Putih - Terbaru - 90x200 - 200x200 - Evedaily,"Ga seperti di foto ,niatnya beli krna liat foto motif nya dlm dan luar nya beda,ternyta sma aja ini jd ga ckep dah",2,2025-05-31 09:23
user_3572,Kaos Polos,Produk tidak sesuai gambar.,2,2024-11-03
kezia61,Jaket Hoodie,"Harga terjangkau, kualitas mantap!",5,2025-01-18
user_5808,Headset Gaming,Kualitas sangat buruk.,1,2023-06-11
user_2450,Powerbank,Barang tidak berfungsi dengan baik.,2,2023-08-23
adhiarja18,Jam Tangan Digital,Produk original dan kualitasnya premium.,4,2024-10-11
user_20014,Headset Gaming,Rating tinggi tapi kualitas rendah.,1,2024-10-22
user_5123,Lampu Tidur,Barang rusak saat diterima.,1,2023-11-08
user_10912,Rak Sepatu,"Barang palsu, bukan original.",1,2023-12-25
user_20421,Meja Belajar,"Barang cacat, sangat mengecewakan.",2,2023-03-12
user_10236,Makeup Set,Terlalu mahal untuk kualitas seperti ini.,1,2024-05-19
widya70,Dompet Kulit,"Harga terjangkau, kualitas mantap!",4,2024-09-10
user_10120,Mouse Wireless,Baru dipakai sebentar sudah rusak.,1,2024-02-13
user_377,Rak Sepatu,Penjual sangat ramah dan fast respon.,5,2023-09-26
user_1500,Tas Wanita,Terlalu mahal untuk kualitas seperti ini.,1,2023-12-13
user_4198,Buku Catatan,Warna tidak sesuai pesanan.,2,2024-03-19
user_15052,Flashdisk 64GB,Harga terjangkau dengan kualitas oke.,4,2024-07-08
user_24014,Smartphone Android,"Barang palsu, bukan original.",1,2023-01-23
user_20189,Parfum Wanita,Produk tidak sesuai gambar.,1,2024-01-05
fifiiiii13,"Gosh Paperbag 005 (TIDAK DIJUAL PPBG AJA, ORDER HARUS SESUAI QUANTITY PEMBELIAN PRODUK)","Desain:GA DIKIRIM PAPERBAGNYA
Ukuran:GA DIKIRIM PAPERBAGNYA
Keaslian:GA DIKIRIM PAPERBAGNYA",1,2025-06-13 01:22
znashiruddin,Celana Jeans,"Pengiriman cepat, packing rapi. Recommended!",4,2025-02-04
user_13665,Kaos Polos,Sudah komplain tapi tidak ada solusi.,1,2024-02-27
user_2958,Powerbank,Pengiriman sangat lama.,1,2023-04-01
samiahpermata,Headset Bluetooth,Produk original dan kualitasnya premium.,5,2024-06-17
user_16447,Rak Sepatu,Penjual tidak merespon chat.,1,2024-08-27
syariahfidela23,SKIN1004 [Tone Brightening Basic 4] Tone Brightening Gel Foam 125ml+Toner 210ml+Ampoule 100ml+Cream 75ml,"Tekstur:bagus
Cocok untuk:kulit kusam
Efek:melembabkan

bagus, bikin glowing dan melembabkan, semoga bisa cepat memperbaiki kulit aku yg ada bekas jerawat dan kusam",5,2025-06-02 21:16
eman67,Kemeja Polos,"Produk bagus, bahan adem dan sesuai gambar.",4,2025-03-22
user_12712,Rak Sepatu,Produk tidak sesuai gambar.,2,2023-03-27
user_4167,Headset Gaming,Kualitas di atas ekspektasi saya!,4,2024-12-28
thartati,Powerbank 10000mAh,"Harga terjangkau, kualitas mantap!",5,2025-02-12
user_18814,Makeup Set,Ukuran tidak sesuai deskripsi.,2,2023-08-03
user_8127,Powerbank,Sudah beli berkali-kali di sini dan selalu puas.,5,2023-05-02
user_23817,Smartphone Android,Suka banget sama produk ini.,4,2024-03-21
user_24822,Headset Gaming,Penjual sangat ramah dan fast respon.,5,2024-11-08
ssuartini,Jam Tangan Digital,"Harga terjangkau, kualitas mantap!",5,2025-01-31
tasnim42,Mouse Wireless,"Warnanya cantik dan tahan lama, puas banget!",5,2025-02-06
a*****7,[GIFT] BNB barenbliss Mari Mori Make Up Remover Wipes,"Tekstur:lembut
Cocok untuk:belum coba
Aroma:wangi

Dapet bonus make up remover biar bisa di bawa kemana2 buat hapus make up",5,2025-06-14 16:09
user_19847,Jam Tangan Digital,Sudah beli berkali-kali di sini dan selalu puas.,5,2023-11-03
e*****3,Gosh Lunaria 277 Sling Bag,"Desain:menarik
Kualitas:di buat dengan detail yg menarik

terimakasih barang di terima dengan baik, tas kecil imut
bagus , cantik",5,2025-06-03 19:48
hamdahmunifah976,HijabChic Syahira Pink Nude Dress - Gaun Brukat Tulle Kondangan Elegan Best Seller,"Desain:biasa aja
Bahan:biasa aja",1,2025-06-11 21:50
user_21049,Mouse Wireless,Top banget! Bakal order lagi nanti.,5,2024-05-22
user_2272,Jam Tangan Digital,Harga terjangkau dengan kualitas oke.,5,2024-01-18
user_24960,Kaos Polos,Warna tidak sesuai pesanan.,1,2024-06-14
darmana30,Powerbank 10000mAh,"Sesuai deskripsi, kualitas oke dan tahan lama.",5,2025-04-06
user_11072,Kursi Lipat,Barang original dan berkualitas.,4,2023-11-07
user_8134,Tas Wanita,"Pelayanan cepat, packing aman, produk oke!",5,2023-12-23
user_7074,Kaos Polos,Suka banget sama produk ini.,5,2024-08-23
user_18475,Parfum Wanita,Sudah beli berkali-kali di sini dan selalu puas.,4,2023-12-05
user_15871,Makeup Set,Packing asal-asalan.,1,2024-02-07
user_18832,Kemeja Pria,Produk tidak sesuai gambar.,1,2023-04-30
n*****7,ESQA Flawless Powder Foundation,"Tekstur:baik
Cocok untuk:semua
Warna:baik

Barangnya sudah sampai dengan aman sesuai dengan pesanan. Pengiriman juga lumayan cepat.",5,2025-06-13 05:15
user_11729,Powerbank,Pengiriman sangat lama.,2,2023-09-04
user_21915,Rak Sepatu,Top banget! Bakal order lagi nanti.,5,2023-08-20
user_22680,Mouse Wireless,"Mantap, gak nyesel beli di sini.",4,2023-08-09
haryantivirman,Tumbler Stainless,"Harga terjangkau, kualitas mantap!",5,2025-04-07
user_12741,Celana Jeans,Penjual tidak merespon chat.,1,2023-04-08
cengkirmansur,Kaos Oblong,Barang sampai dengan aman dan cepat.,4,2024-06-23
user_20790,Smartphone Android,"Beli karena review bagus, ternyata zonk.",2,2023-07-31
user_21219,Kaos Polos,Ukuran tidak sesuai deskripsi.,2,2024-01-24
user_15059,Kursi Lipat,Barang datang lebih cepat dari perkiraan.,5,2024-02-27
user_5735,Powerbank,Barang rusak saat diterima.,2,2023-09-13
vpalastri,Powerbank 10000mAh,"Respon penjual cepat, barang dikirim hari itu juga.",5,2025-01-10
user_3194,Flashdisk 64GB,Penjual tidak merespon chat.,2,2023-09-22
putrialdaferamarta,Gunting Ladypop 4.5 inch Stainless Serbaguna / Office Scissors Multifungsi,"pesanan saya tidak datang, penjualnya tidak amanah dan tidak balas chat customer",1,2025-06-07 06:35
user_16112,Lampu Tidur,Barang rusak saat diterima.,1,2024-06-07
user_8370,Skincare Serum,Tidak direkomendasikan sama sekali.,1,2024-10-12
user_6947,Keyboard Mechanical,Sudah komplain tapi tidak ada solusi.,2,2023-09-13
user_22823,Lampu Tidur,Warna dan bentuk persis seperti di gambar.,5,2024-11-14
nurd4w4ti_w4ti,Fleurette| Sendal Wanita |LAYA,"Kenyamanan:sangat nyaman
Kualitas:bagus, tidak licin & melindungi kaki
Styling:fashionable",5,2025-03-27 14:01
user_2479,Kemeja Pria,"Barang cacat, sangat mengecewakan.",2,2023-12-15
user_12589,Mouse Wireless,Baru dipakai sebentar sudah rusak.,1,2023-11-22
user_5602,Keyboard Mechanical,Kualitas di atas ekspektasi saya!,4,2024-10-09
dinda87,Jaket Hoodie,"Pengiriman cepat, packing rapi. Recommended!",5,2024-06-30
user_13517,Rak Sepatu,Rating tinggi tapi kualitas rendah.,2,2024-06-28
user_3485,Makeup Set,Packing asal-asalan.,1,2024-05-04
g*****8,Gosh Lunaria 441 Shoulder Bag,"Desain:gemas
Pas untuk Acara:hang out
Kapasitas:medium

overall so pretty, wondering embos tulisan gosh dipict pertama emang begitu? sisanya imut mwah",5,2025-06-14 12:28
dadyganteng,"( HARGA PROMO)kursi lipat lesehan, kursi lesehan "" OSCAR""","Ukuran:lebarnya pas panjangnya kurang
Kenyamanan:memuaskan
Tekstur:lembut & nyaman

pembelian kedua utk produk sejenis di toko ini. kualitas produk masih terjaga. thx & sukses terus buat lapaknya ya",4,2025-06-12 17:51
user_8932,Skincare Serum,Sangat direkomendasikan untuk semua orang.,4,2023-10-18
user_12303,Makeup Set,Barang rusak saat diterima.,2,2024-02-15
ksitumorang,Sandals Pria,"Sudah belanja beberapa kali, selalu puas.",4,2024-11-01
user_24481,Jam Tangan Digital,Barang rusak saat diterima.,2,2024-01-14
user_4693,Powerbank,Baru dipakai sebentar sudah rusak.,1,2024-01-21
user_6146,Smartphone Android,Barang tidak berfungsi dengan baik.,2,2023-06-02
user_1551,Headset Gaming,"Mantap, gak nyesel beli di sini.",5,2023-02-20
bakiadikurniawan,Celana Jeans,"Harga terjangkau, kualitas mantap!",5,2025-01-21
febiagustina,Headset Bluetooth,"Sesuai deskripsi, kualitas oke dan tahan lama.",5,2024-09-06
user_20350,Powerbank,"Beli karena review bagus, ternyata zonk.",2,2024-11-09
user_10730,Flashdisk 64GB,"Pelayanan cepat, packing aman, produk oke!",5,2024-12-19
anugroho,Tumbler Stainless,"Respon penjual cepat, barang dikirim hari itu juga.",5,2025-05-05
user_24952,Parfum Wanita,Barang datang lebih cepat dari perkiraan.,4,2024-12-16
maryadicitra,Headset Bluetooth,"Sesuai deskripsi, kualitas oke dan tahan lama.",5,2024-12-27
jaswadidamanik,Jam Tangan Digital,"Harga terjangkau, kualitas mantap!",5,2024-08-19
user_17437,Powerbank,Terlalu mahal untuk kualitas seperti ini.,2,2023-04-10
m*****a,[BACK IN STOCK] BNB barenbliss Bloomdew Inner Light Serum Tint Skin Tint Serum Glowy & Dewy Finish 24H Long-Lasting SPF 30 PA++++,baguss bangete 😍❤️❤️,5,2025-06-14 15:36
user_15125,Buku Catatan,"Barang cacat, sangat mengecewakan.",1,2023-01-29
user_654,Flashdisk 64GB,Penjual tidak merespon chat.,2,2023-09-14
user_351,Smartphone Android,Pengiriman sangat lama.,1,2024-10-03
user_7350,Kemeja Pria,Tidak direkomendasikan sama sekali.,1,2023-06-21
user_5833,Sepatu Sneakers,Warna dan bentuk persis seperti di gambar.,5,2023-06-03
user_15913,Jam Tangan Digital,"Barang palsu, bukan original.",2,2023-07-30
user_1153,Kursi Lipat,Sudah komplain tapi tidak ada solusi.,2,2024-10-02
user_2305,Mouse Wireless,Produk tidak sesuai gambar.,2,2023-11-26
user_18387,Mouse Wireless,Produk sangat bagus dan sesuai deskripsi!,4,2023-09-20
user_22251,Parfum Wanita,Sudah komplain tapi tidak ada solusi.,1,2024-10-13
user_20028,Parfum Wanita,Barang rusak saat diterima.,1,2023-10-15
lmandasari,Tumbler Stainless,"Respon penjual cepat, barang dikirim hari itu juga.",4,2025-01-23
user_2037,Headset Gaming,Barang tidak berfungsi dengan baik.,2,2023-01-24
user_3094,Kemeja Pria,Produk sangat bagus dan sesuai deskripsi!,5,2024-04-13
msamosir,Tumbler Stainless,Barang sampai dengan aman dan cepat.,4,2024-11-22
user_12824,Flashdisk 64GB,"Barang cacat, sangat mengecewakan.",2,2023-05-06
user_20826,Powerbank,"Barang palsu, bukan original.",1,2023-03-06
o*****a,Oneda Estelle Tas Bahu Tote Bag Wanita #Y987,"Desain:elegant
Kapasitas:cukup luas

Bagus bangett di luar ekspektasi akuu bagusnyaaa sukak bgt pokoknyaa 🥰",5,2025-06-13 12:55
user_18616,Headset Gaming,Produk kotor dan tidak layak pakai.,1,2023-12-26
user_21152,Jam Tangan Digital,Pengiriman sangat lama.,2,2024-09-01
user_1694,Parfum Wanita,Top banget! Bakal order lagi nanti.,4,2024-05-07
user_17787,Kaos Polos,Kualitas sangat buruk.,2,2023-06-24
koko25,Parfum Unisex,"Sesuai deskripsi, kualitas oke dan tahan lama.",5,2025-02-12
user_23659,Smartphone Android,Barang tidak berfungsi dengan baik.,2,2023-11-03
user_10003,Smartphone Android,Warna tidak sesuai pesanan.,2,2023-04-26
user_5681,Parfum Wanita,Pengiriman sangat lama.,2,2024-10-27
martaka95,Jam Tangan Digital,"Warnanya cantik dan tahan lama, puas banget!",5,2025-01-29
latuponocayadi,Headset Bluetooth,Produk original dan kualitasnya premium.,4,2024-10-22
user_4671,Lampu Tidur,Barang tidak berfungsi dengan baik.,1,2023-03-11
uanggraini,Keyboard Mechanical,"Sesuai deskripsi, kualitas oke dan tahan lama.",5,2024-12-01
user_21208,Lampu Tidur,Kualitas di atas ekspektasi saya!,4,2024-07-09
user_10666,Lampu Tidur,Baru dipakai sebentar sudah rusak.,2,2024-02-05
user_24013,Tas Wanita,Kualitas di atas ekspektasi saya!,5,2023-04-23
user_10536,Tas Wanita,Barang datang lebih cepat dari perkiraan.,4,2023-07-23
mangunsongadhiarja,Dompet Kulit,"Packing rapi banget, penjual ramah.",4,2024-12-07
user_12760,Meja Belajar,Kualitas di atas ekspektasi saya!,4,2024-03-14
user_16409,Skincare Serum,Rating tinggi tapi kualitas rendah.,2,2023-02-09
user_11597,Skincare Serum,Tidak direkomendasikan sama sekali.,2,2024-06-26
dhirwatis_saadah,HijabChic Eidlyn Outer - Outer Kondangan Lace Elegan Tali Samping Timeless Kekinian Cantik,"Bahan:bagus
Desain:ok

Barang yg d kirim reject,
Dlm waktu berdekatan 3x order product d hijabchic.yg ketiga dpt barang reject.keliatan bgt ud sobek d jahit alus,tp ttp d kirim.
Maaf g bisa kasih bintang 5",1,2025-03-23 07:33
user_21988,Powerbank,"Mantap, gak nyesel beli di sini.",4,2023-10-11
user_3963,Buku Catatan,Packing asal-asalan.,1,2023-03-10
mbakreva,[ ! TERBATAS ! ] SKINTIFIC -  12% Acid Peeling Solution Glowing Serum 30ml | Eksfoliasi Wajah  Exfoliasi Exfoliating Serum Essence Penghalusan Kulit  Mengangkat Sel Kulit Mati Membersihkan Anti Acne Mencerahkan Jerawat Mengencangkan Kulit Glass Skin,Efek:panas di muka,1,2025-06-12 21:22
user_3920,Headset Gaming,"Barang cacat, sangat mengecewakan.",1,2024-05-12
user_2057,Headset Gaming,Barang original dan berkualitas.,5,2023-04-18
user_10167,Tas Wanita,Kualitas sangat buruk.,2,2024-06-26
user_24396,Kaos Polos,Terlalu mahal untuk kualitas seperti ini.,1,2024-10-18
user_4404,Kaos Polos,Sudah beli berkali-kali di sini dan selalu puas.,5,2023-12-05
ulyarahayu,Kemeja Polos,"Respon penjual cepat, barang dikirim hari itu juga.",5,2025-02-12
user_13572,Kaos Polos,Tidak direkomendasikan sama sekali.,2,2023-08-25
user_18640,Celana Jeans,Produk sangat bagus dan sesuai deskripsi!,4,2023-12-13
user_23300,Keyboard Mechanical,Top banget! Bakal order lagi nanti.,5,2024-01-30
halimahkiandra,Sandals Pria,"Sudah belanja beberapa kali, selalu puas.",5,2024-08-27
m*****9,BOSTANTEN Sabuk Pinggang Gesper Otomatis Dapat Disesuaikan Kulit Sapi Asli,"Desain:bagus
Warna:sesuai
Kualitas:bagus",5,2025-06-12 15:21
hutasoitelon,Powerbank 10000mAh,"Warnanya cantik dan tahan lama, puas banget!",5,2024-08-06
nppd_,Dompet Shopie Martin Wanita W2374B7,"Walaupun lama, tpi kualitas barangnya ga kaleng” 👍🏻👍🏻❤️",5,2025-06-01 10:57
user_512,Celana Jeans,"Barang cacat, sangat mengecewakan.",2,2024-10-07
user_22504,Lampu Tidur,Barang datang lebih cepat dari perkiraan.,5,2024-08-06
user_22385,Smartphone Android,Barang original dan berkualitas.,5,2023-03-27
user_20557,Makeup Set,Sudah komplain tapi tidak ada solusi.,1,2024-01-02
user_8961,Skincare Serum,Pengiriman sangat lama.,1,2023-06-12
user_21233,Mouse Wireless,Packing asal-asalan.,2,2023-11-10
novaulyana21,SKINTIFIC - Amino Acid Ultra Gentle Cleansing Mousse 100ml,Saya sudah chat admin minta tolong dikasih expired yang paling lama. Tapi dikasih yang tahun 2026 😥😥,2,2025-06-07 19:39
m*****a,Gosh Bolzano 490 Sneakers,"Kayak bekas dipakai, banyak noda. Yg noda merah tidak bisa hilang walau sudah dibersihkan. Barang diterima 19.52. Itu saya buka 20.30an..saya foto 20.50an. Jd kotor uda jelas bkn karena saya ya. Waktunya aja gak mungkin saya pakai buat jalan2 dulu kan. Sudah lah. Saya gak buat video unboxing karena percaya nama Gosh, tapi ternyata sebelum dikirim gak diperiksa dulu.",1,2025-06-12 10:47
user_9930,Mouse Wireless,Barang original dan berkualitas.,5,2024-10-14
narjisalahudin,Dompet Kulit,"Harga terjangkau, kualitas mantap!",4,2024-07-24
fifiiiii13,"Gosh Paperbag 005 (TIDAK DIJUAL PPBG AJA, ORDER HARUS SESUAI QUANTITY PEMBELIAN PRODUK)","Desain:GA DIKIRIM PAPERBAGNYA
Ukuran:GA DIKIRIM PAPERBAGNYA
Keaslian:GA DIKIRIM PAPERBAGNYA",1,2025-06-13 01:22
user_8170,Tas Wanita,Barang rusak saat diterima.,2,2023-03-01
user_9622,Mouse Wireless,"Barang palsu, bukan original.",1,2023-01-20
user_20031,Parfum Wanita,Packing asal-asalan.,1,2023-11-08
anisa3_43,Promo Tas Selempang Premium Pria Wanita Unisex Urban Factor - Nomad Terlaris,"Desain:unik kapasitas besar bahan halus jahitan rapi
Warna:hitam
Kenyamanan:sangat nyaman dipake cocok buat healing""",5,2025-02-20 18:59
user_19907,Keyboard Mechanical,Tidak direkomendasikan sama sekali.,1,2023-12-27
user_21306,Parfum Wanita,"Servis buruk, tidak profesional.",1,2023-12-24
user_11302,Skincare Serum,"Servis buruk, tidak profesional.",2,2023-11-04
ndamanik,Kaos Oblong,Produk original dan kualitasnya premium.,5,2025-01-21
dwijaya,Lipstik Matte,Barang sampai dengan aman dan cepat.,5,2024-11-08
user_12045,Lampu Tidur,"Barang palsu, bukan original.",1,2023-05-06
user_16635,Smartphone Android,Kualitas sangat buruk.,2,2024-02-09
user_4937,Sepatu Sneakers,Produk tidak sesuai gambar.,2,2023-10-25
user_7757,Sepatu Sneakers,Pengiriman cepat dan aman.,5,2023-03-22
cpurwanti,Dompet Kulit,"Warnanya cantik dan tahan lama, puas banget!",4,2024-08-13
user_17184,Makeup Set,"Beli karena review bagus, ternyata zonk.",2,2023-03-15
user_8330,Mouse Wireless,Warna dan bentuk persis seperti di gambar.,5,2023-07-27
user_21196,Mouse Wireless,"Beli karena review bagus, ternyata zonk.",2,2023-11-06
kamilaum,SKIN1004 Madagascar Centella Soothing Cream 30ml,"Bagus banget experience pakenya, tapi kurang cocok di kulitku. AKU JUAL RUGI YA GUYS, 159k buat big size + travel size + gratis ongkir khusus jabodetabek. Ige aku nauraaizaaa",5,2025-06-11 20:48
user_5510,Sepatu Sneakers,Pengiriman cepat dan aman.,5,2023-02-21
user_690,Celana Jeans,Sudah komplain tapi tidak ada solusi.,1,2023-04-07
user_14162,Tas Wanita,Terlalu mahal untuk kualitas seperti ini.,1,2023-11-15
user_11072,Skincare Serum,Barang tidak berfungsi dengan baik.,1,2023-03-12
user_23209,Smartphone Android,Barang rusak saat diterima.,2,2023-06-30
bakiono52,Kemeja Polos,"Packing rapi banget, penjual ramah.",5,2024-11-18
user_12444,Buku Catatan,Barang tidak berfungsi dengan baik.,1,2024-02-24
user_21728,Meja Belajar,Baru dipakai sebentar sudah rusak.,2,2023-04-27
user_10675,Kemeja Pria,Penjual tidak merespon chat.,2,2023-07-30
user_16044,Flashdisk 64GB,"Servis buruk, tidak profesional.",2,2023-08-27
user_14596,Celana Jeans,Sudah beli berkali-kali di sini dan selalu puas.,4,2024-03-08
user_2286,Mouse Wireless,Sangat direkomendasikan untuk semua orang.,4,2024-08-25
pancamayasari,Sandals Pria,"Pengiriman cepat, packing rapi. Recommended!",5,2024-07-28
user_1799,Sepatu Sneakers,"Servis buruk, tidak profesional.",1,2023-09-17
user_19062,Mouse Wireless,Sangat kecewa dengan produk ini.,1,2023-01-15
user_6530,Parfum Wanita,Pengiriman sangat lama.,1,2023-10-15
user_6321,Smartphone Android,Ukuran pas dan sesuai pesanan.,5,2023-08-03
user_12091,Tas Wanita,Sudah beli berkali-kali di sini dan selalu puas.,4,2024-01-02
user_11814,Headset Gaming,Sudah beli berkali-kali di sini dan selalu puas.,4,2023-04-28
user_10640,Meja Belajar,"Barang palsu, bukan original.",2,2023-11-20
user_13399,Meja Belajar,Barang tidak berfungsi dengan baik.,2,2024-01-10
user_15339,Meja Belajar,"Barang palsu, bukan original.",2,2024-11-23
mansursakura,Headset Bluetooth,"Respon penjual cepat, barang dikirim hari itu juga.",5,2024-11-11
user_6544,Powerbank,Warna tidak sesuai pesanan.,2,2023-03-29
user_12458,Keyboard Mechanical,Produk kotor dan tidak layak pakai.,1,2024-05-15
user_22855,Rak Sepatu,Top banget! Bakal order lagi nanti.,5,2024-03-21
user_15818,Lampu Tidur,Sangat direkomendasikan untuk semua orang.,5,2023-08-18
user_15997,Powerbank,Sudah komplain tapi tidak ada solusi.,2,2023-07-29
user_18398,Lampu Tidur,Packing asal-asalan.,2,2023-02-15
user_9625,Celana Jeans,Rating tinggi tapi kualitas rendah.,2,2023-04-18
user_4300,Buku Catatan,Produk sangat bagus dan sesuai deskripsi!,5,2024-11-01
user_10825,Mouse Wireless,Penjual tidak merespon chat.,2,2024-12-02
user_2082,Buku Catatan,Ukuran tidak sesuai deskripsi.,2,2023-12-15
user_8402,Keyboard Mechanical,"Servis buruk, tidak profesional.",1,2024-11-23
user_4899,Rak Sepatu,Sesuai dengan rating dan review yang saya baca.,4,2023-04-23
user_23792,Powerbank,Barang tidak berfungsi dengan baik.,1,2024-06-10
laksitahana,Keyboard Mechanical,"Produk bagus, bahan adem dan sesuai gambar.",5,2024-06-18
user_300,Tas Wanita,Sangat direkomendasikan untuk semua orang.,4,2024-03-06
user_7925,Powerbank,Sudah komplain tapi tidak ada solusi.,2,2023-08-03
user_10921,Powerbank,Worth it banget untuk harga segini.,5,2023-08-20
user_19887,Flashdisk 64GB,Warna tidak sesuai pesanan.,2,2023-11-24
pratamayoga,Tumbler Stainless,"Sesuai deskripsi, kualitas oke dan tahan lama.",4,2024-12-16
user_22271,Tas Wanita,"Puas banget, terima kasih seller!",4,2023-03-13
user_13950,Parfum Wanita,Sudah komplain tapi tidak ada solusi.,1,2024-09-08
user_17939,Buku Catatan,"Beli karena review bagus, ternyata zonk.",1,2024-12-06
user_14652,Smartphone Android,"Beli karena review bagus, ternyata zonk.",1,2023-05-27
olivaramadan,Celana Jeans,"Produk bagus, bahan adem dan sesuai gambar.",5,2024-10-30
vdamanik,Celana Jeans,"Pengiriman cepat, packing rapi. Recommended!",5,2025-01-16
user_23320,Meja Belajar,"Beli karena review bagus, ternyata zonk.",2,2023-09-17
user_12432,Kaos Polos,"Puas banget, terima kasih seller!",5,2023-02-26
user_15129,Mouse Wireless,Harga terjangkau dengan kualitas oke.,5,2024-10-11
user_2192,Makeup Set,Produk sangat bagus dan sesuai deskripsi!,4,2023-02-21
user_17371,Jam Tangan Digital,Barang original dan berkualitas.,5,2023-10-17
cindy77,Powerbank 10000mAh,"Packing rapi banget, penjual ramah.",5,2024-10-09
maryadiasmuni,Sepatu Sneakers,"Sudah belanja beberapa kali, selalu puas.",4,2024-12-27
user_2277,Meja Belajar,"Barang cacat, sangat mengecewakan.",1,2023-12-09
user_262,Kemeja Pria,Kualitas sangat buruk.,1,2023-12-19
user_7690,Keyboard Mechanical,Terlalu mahal untuk kualitas seperti ini.,2,2024-01-21
user_5763,Keyboard Mechanical,"Puas banget, terima kasih seller!",5,2024-11-20
nababanyulia,Kaos Oblong,"Produk bagus, bahan adem dan sesuai gambar.",4,2024-06-16
user_12305,Mouse Wireless,Ukuran tidak sesuai deskripsi.,1,2024-08-16
adityawidodo,Powerbank 10000mAh,"Pengiriman cepat, packing rapi. Recommended!",5,2024-12-08
user_4600,Meja Belajar,Terlalu mahal untuk kualitas seperti ini.,1,2023-04-13
user_16156,Headset Gaming,Kualitas sangat buruk.,2,2024-04-01
user_10103,Buku Catatan,Kualitas di atas ekspektasi saya!,5,2023-09-03
goktaviani,Lipstik Matte,"Warnanya cantik dan tahan lama, puas banget!",4,2024-09-09
marwata99,Dompet Kulit,"Packing rapi banget, penjual ramah.",4,2025-02-03
nasyidahlidya,Tas Ransel,"Respon penjual cepat, barang dikirim hari itu juga.",4,2025-05-13
user_16916,Kaos Polos,"Pelayanan cepat, packing aman, produk oke!",5,2024-10-05
user_3539,Kemeja Pria,Pengiriman sangat lama.,2,2024-10-31
user_14516,Flashdisk 64GB,Barang tidak berfungsi dengan baik.,2,2024-03-26
a*****7,Judydoll Highlight & Contour Palette (Multifungsi Makeup Palette Untuk Hasil Natural 3D & Sculpted Look Dengan Pigmentasi Formula Yang Tahan Lama),"Desain:mewah
Ukuran:pas

Buat yg kulitnya agak gelap ga recomended cool tone, pilih yg warm aja biar lebih keluar warnanya. So far cocok buat daily sih",5,2025-06-12 22:15
user_24031,Headset Gaming,Pengiriman cepat dan aman.,4,2024-04-12
cputra,Parfum Unisex,"Produk bagus, bahan adem dan sesuai gambar.",4,2025-02-08
user_6230,Flashdisk 64GB,Harga terjangkau dengan kualitas oke.,5,2024-08-05
ajengmaulana,Powerbank 10000mAh,Barang sampai dengan aman dan cepat.,5,2025-02-24
user_8585,Headset Gaming,Warna tidak sesuai pesanan.,1,2023-07-18
user_18155,Skincare Serum,Kualitas di atas ekspektasi saya!,4,2023-10-16
user_16448,Kaos Polos,Penjual tidak merespon chat.,2,2023-07-15
user_21096,Jam Tangan Digital,Ukuran pas dan sesuai pesanan.,5,2024-08-18
user_21800,Rak Sepatu,Ukuran tidak sesuai deskripsi.,1,2023-12-30
user_12431,Buku Catatan,Sangat direkomendasikan untuk semua orang.,5,2024-03-19
user_8948,Headset Gaming,Barang rusak saat diterima.,1,2024-02-29
pudjiastutimartaka,Tumbler Stainless,"Packing rapi banget, penjual ramah.",5,2025-04-13
user_7046,Tas Wanita,Rating tinggi tapi kualitas rendah.,2,2023-04-01
lazuardiibun,Headset Bluetooth,"Harga terjangkau, kualitas mantap!",5,2024-12-11
user_22187,Meja Belajar,"Servis buruk, tidak profesional.",1,2023-05-12
user_3978,Kaos Polos,Penjual tidak merespon chat.,1,2023-07-10
siregarmaya,Jaket Hoodie,"Produk bagus, bahan adem dan sesuai gambar.",4,2024-10-19
user_655,Buku Catatan,Kualitas sangat buruk.,1,2023-10-13
ratihsimanjuntak,Kaos Oblong,"Respon penjual cepat, barang dikirim hari itu juga.",5,2024-07-01
yuliartimartani,Jaket Hoodie,"Sudah belanja beberapa kali, selalu puas.",5,2025-04-19
upranowo,Sandals Pria,"Respon penjual cepat, barang dikirim hari itu juga.",4,2025-03-31
karsa88,Tas Ransel,"Sesuai deskripsi, kualitas oke dan tahan lama.",5,2024-07-30
ayuknadeonathan08,[ ! TERBATAS ! ] SKINTIFIC - Aqua Light Daily Sunscreen SPF 35 PA+++ 50ml | Skincare Sunscreen Skin True to Skin Tinted Sunscreen Aqua Sunblock Sunblock Badan Sun Stick Glowing Barrier Anti-Aging Brightening Whitening Mencerahkan Wajah Melindungi,"Tekstur:pas
Berat:ringan
Aroma:enakk

Uda 1 tahun menggunakannya",5,2025-05-29 10:46
user_10985,Smartphone Android,Harga terjangkau dengan kualitas oke.,5,2024-12-16
user_16049,Tas Wanita,Pengiriman sangat lama.,2,2024-10-23
user_599,Jam Tangan Digital,Pengiriman sangat lama.,2,2023-04-16
user_14203,Mouse Wireless,Ukuran tidak sesuai deskripsi.,1,2023-03-14
user_16216,Mouse Wireless,Barang original dan berkualitas.,4,2024-01-14
nababantitin,Sepatu Sneakers,Barang sampai dengan aman dan cepat.,5,2024-11-27
user_7402,Skincare Serum,Sudah komplain tapi tidak ada solusi.,1,2024-04-14
n92eu76hci,SKINTIFIC - 3X Acid Acne Gel Cleanser 120ml | Salicilyc Acid Facial Wash Cleanses Excess Sebum Face Wash Sabun Cuci Muka Acner Glowing Barrier Brightening Whitening Blackhead Removal Calming with 3X ACID Complex,Maskernya kurang 1 saya beli 2 kok datang nya cuma 1,1,2025-06-12 10:30
cakrawala81,Celana Jeans,"Pengiriman cepat, packing rapi. Recommended!",5,2024-10-26
user_12519,Mouse Wireless,Packing asal-asalan.,1,2023-12-26
user_24295,Kursi Lipat,Rating tinggi tapi kualitas rendah.,2,2024-03-22
mahfudaryani,Lipstik Matte,"Respon penjual cepat, barang dikirim hari itu juga.",5,2025-01-18
user_16326,Rak Sepatu,Ukuran tidak sesuai deskripsi.,2,2023-06-26
maryatiwage,Kaos Oblong,Barang sampai dengan aman dan cepat.,5,2025-04-26
user_22250,Lampu Tidur,Barang tidak berfungsi dengan baik.,2,2024-05-31
septiindriyani_1,SKIN1004 Madagascar Centella Ampoule Foam 125ml,"Tekstur:lembut
Cocok untuk:kulit berminyak dan sensitif jerawat
Kenyamanan:lembut tanpa meninggalkan sebum.

Kulit mukaku termasuk kulit sensitif yang gampang banget berjerawat. Selama ini nggak berani pakai facial foam. Udah coba berkali kali tapi selalu kecewa. Untung aku menemukan produk skin 1004.  Produk ini cocok banget dikulitku. Kulitku makin sehat, dan sekarang aku repeat order lagi karena produk ini memang sebagus itu.",5,2025-06-11 23:05
user_22868,Kursi Lipat,Harga terjangkau dengan kualitas oke.,5,2023-11-24
user_5039,Skincare Serum,Penjual sangat ramah dan fast respon.,4,2023-11-03
user_17910,Mouse Wireless,Warna tidak sesuai pesanan.,2,2023-07-19
user_16977,Flashdisk 64GB,Ukuran tidak sesuai deskripsi.,2,2023-12-26
user_1645,Sepatu Sneakers,Packing rapi dan aman sampai tujuan.,5,2023-01-25
user_7362,Meja Belajar,Penjual tidak merespon chat.,1,2024-11-17
uwahyuni,Dompet Kulit,"Sudah belanja beberapa kali, selalu puas.",4,2025-05-13
h*****h,Sandal Jepit Disney,"Baik bagus sesuai, baik bagus sesuai, baik bagus sesuai order ke 2x",5,2024-10-24 17:07
user_18442,Powerbank,Warna tidak sesuai pesanan.,2,2023-11-23
user_17555,Smartphone Android,Harga terjangkau dengan kualitas oke.,5,2024-12-08
user_19100,Makeup Set,Terlalu mahal untuk kualitas seperti ini.,2,2024-05-24
ade14,Celana Jeans,"Packing rapi banget, penjual ramah.",5,2024-12-12
user_1348,Kursi Lipat,Barang tidak berfungsi dengan baik.,1,2023-02-28
user_14397,Jam Tangan Digital,Produk kotor dan tidak layak pakai.,2,2023-11-01
user_5829,Rak Sepatu,Tidak direkomendasikan sama sekali.,2,2024-10-10
hardanagunarto,Mouse Wireless,"Produk bagus, bahan adem dan sesuai gambar.",5,2025-03-30
user_7500,Kaos Polos,Tidak direkomendasikan sama sekali.,2,2024-06-03
user_14976,Meja Belajar,Sangat kecewa dengan produk ini.,1,2024-08-27
user_11537,Flashdisk 64GB,Baru dipakai sebentar sudah rusak.,1,2023-05-30
user_2165,Rak Sepatu,Ukuran pas dan sesuai pesanan.,5,2024-02-12
user_20524,Kaos Polos,Tidak direkomendasikan sama sekali.,2,2023-07-15
user_5907,Skincare Serum,"Barang palsu, bukan original.",2,2024-07-02
user_20507,Tas Wanita,Ukuran pas dan sesuai pesanan.,5,2023-04-01
user_23469,Makeup Set,Baru dipakai sebentar sudah rusak.,1,2023-05-05
user_19176,Powerbank,Pengiriman sangat lama.,1,2024-09-14
gmarbun,Celana Jeans,"Produk bagus, bahan adem dan sesuai gambar.",5,2025-02-02
user_19822,Buku Catatan,Produk tidak sesuai gambar.,2,2023-09-19
user_7761,Powerbank,Baru dipakai sebentar sudah rusak.,1,2023-06-05
user_12761,Powerbank,Kualitas di atas ekspektasi saya!,4,2024-12-20
user_13460,Celana Jeans,"Barang palsu, bukan original.",1,2023-06-28
natsirgangsa,Dompet Kulit,"Warnanya cantik dan tahan lama, puas banget!",5,2024-12-08
user_17663,Kursi Lipat,"Puas banget, terima kasih seller!",5,2024-10-23
user_4914,Flashdisk 64GB,Produk kotor dan tidak layak pakai.,1,2024-08-10
user_22183,Makeup Set,Sangat kecewa dengan produk ini.,2,2024-03-03
user_21336,Makeup Set,Barang tidak berfungsi dengan baik.,1,2023-04-29
user_13999,Smartphone Android,"Barang palsu, bukan original.",2,2023-08-22
user_20972,Smartphone Android,Kualitas di atas ekspektasi saya!,5,2024-11-28
user_324,Celana Jeans,Produk tidak sesuai gambar.,1,2024-01-17
haryati085324867526,Gio Saverino Sepatu Wedges Kerja Wanita Hanna,"Desain:elegan
Kenyamanan:nyaman
Warna:hitam

alhamdulillah paketan sepatunya dah nyampe maaf ya kak baru kasih ulasan,bagus banget sepatunya aku syuka tapi ini mah size 37 agak logor dipakenya harusnya ngambil nomor 36 nya doalnya kan sepatu beda nomor merk makasih kk sangat puas deh belanja ditoki ini semoga jualannya laris manis ya.thank you juga buat shopee dan kang kurirnya",5,2025-06-12 08:00
r*****o,Gosh Lunaria 462 Shoulder Bag,Tasnya kecil ga cocok buat orang yg body tinggi besar dan bahu gede,4,2025-06-10 15:47
user_8968,Kursi Lipat,Tidak direkomendasikan sama sekali.,2,2023-02-19
ssaptono,Kemeja Polos,"Sesuai deskripsi, kualitas oke dan tahan lama.",4,2024-06-25
user_10595,Tas Wanita,Sesuai dengan rating dan review yang saya baca.,5,2023-11-16
gatottampubolon,Jam Tangan Digital,"Packing rapi banget, penjual ramah.",4,2025-01-19
user_20029,Mouse Wireless,Sangat kecewa dengan produk ini.,1,2024-06-19
user_14524,Meja Belajar,Baru dipakai sebentar sudah rusak.,1,2023-11-26
user_12932,Parfum Wanita,Sangat direkomendasikan untuk semua orang.,4,2023-07-02
user_4173,Tas Wanita,"Barang palsu, bukan original.",1,2024-04-28
user_17388,Sepatu Sneakers,Barang original dan berkualitas.,4,2023-09-03
user_14729,Lampu Tidur,Warna tidak sesuai pesanan.,1,2024-01-29
user_3101,Kursi Lipat,"Barang palsu, bukan original.",2,2023-03-06
user_3493,Buku Catatan,"Barang palsu, bukan original.",2,2023-10-14
maryanto02,Celana Jeans,"Sudah belanja beberapa kali, selalu puas.",4,2024-08-12
taniarajasa,Tumbler Stainless,Barang sampai dengan aman dan cepat.,5,2025-02-17
user_7414,Sepatu Sneakers,Baru dipakai sebentar sudah rusak.,1,2024-06-04
user_7046,Kemeja Pria,"Servis buruk, tidak profesional.",1,2023-05-14
user_5198,Tas Wanita,Sangat kecewa dengan produk ini.,2,2024-05-31
wibisonobalapati,Tas Ransel,"Sesuai deskripsi, kualitas oke dan tahan lama.",5,2025-01-02
user_6210,Makeup Set,Kualitas di atas ekspektasi saya!,5,2024-12-27
user_22492,Sepatu Sneakers,Pengiriman cepat dan aman.,4,2023-07-17
elvina21,Kaos Oblong,"Packing rapi banget, penjual ramah.",4,2025-01-08
malineline,HijabChic Alora Soft Pink Top - Baju Lebaran Kekinian Motif Bunga Pink Ruffle Pita Lengan Balon,"Desain:bagus
Kenyamanan:bagus
Kualitas Bahan:bagus

Sebenarnya bagus semua sih..
Hanya bagian belakang terlalu lebar, sehingga kalau dipakai jadi kelihatan gemuk..
Tapi tetap akubkasih bintang 5 kak.. thx",5,2025-03-15 17:35
user_1628,Jam Tangan Digital,Barang rusak saat diterima.,1,2023-09-04
user_21494,Kemeja Pria,Sangat kecewa dengan produk ini.,2,2024-11-07
user_23146,Kemeja Pria,"Pelayanan cepat, packing aman, produk oke!",4,2024-04-23
user_11519,Buku Catatan,Warna tidak sesuai pesanan.,1,2023-03-13
user_18036,Rak Sepatu,Barang rusak saat diterima.,1,2023-09-08
user_106,Smartphone Android,Warna tidak sesuai pesanan.,2,2023-08-18
user_17362,Kursi Lipat,Penjual tidak merespon chat.,2,2024-06-11
user_5204,Powerbank,"Puas banget, terima kasih seller!",4,2023-08-10
user_19150,Celana Jeans,"Barang palsu, bukan original.",1,2024-07-25
egunawan,Mouse Wireless,"Sudah belanja beberapa kali, selalu puas.",5,2025-06-01
n92eu76hci,SKINTIFIC - 3X Acid Intensive Acne Spot Set | Salicilyc Acid Spot Serum Salicylic Lactic Lactobionic Acid Excess Sebum Acner Glowing Barrier Brightening Calming Down Reduce Inflammation,Barang nya kurang satu,1,2025-06-12 10:30
ysitorus,Sandals Pria,"Sesuai deskripsi, kualitas oke dan tahan lama.",5,2024-08-18
user_14466,Sepatu Sneakers,Baru dipakai sebentar sudah rusak.,2,2023-05-12
user_9435,Skincare Serum,Sangat kecewa dengan produk ini.,2,2024-03-27
user_9013,Rak Sepatu,Produk kotor dan tidak layak pakai.,1,2023-10-05
badriansyah,Kemeja Polos,"Sesuai deskripsi, kualitas oke dan tahan lama.",5,2024-07-06
user_19075,Celana Jeans,Terlalu mahal untuk kualitas seperti ini.,2,2024-01-21
hartatiajimat,Keyboard Mechanical,Barang sampai dengan aman dan cepat.,5,2025-04-21
user_16817,Headset Gaming,"Servis buruk, tidak profesional.",1,2024-03-06
user_4732,Kursi Lipat,"Servis buruk, tidak profesional.",2,2024-10-17
user_9535,Jam Tangan Digital,Ukuran tidak sesuai deskripsi.,2,2023-12-06
user_13762,Parfum Wanita,Produk kotor dan tidak layak pakai.,1,2023-05-26
user_20036,Headset Gaming,Barang rusak saat diterima.,2,2023-10-27
a*****i,Oneda Liora Dompet Kartu Pria Wanita #W211,"Desain:Menarik
Warna:Nude
Kualitas:tahan

Barang sampai dengan selamat dan sesuai deskripsi. Kualitas produk bagus, harga terjangkau, pengemasan rapi, dan pengiriman juga cepat. Seller ramah dan responsif. Puas belanja di toko ini, akan repeat order lagi kalau butuh. Terima kasih!",5,2025-06-10 00:29
user_15162,Meja Belajar,"Barang cacat, sangat mengecewakan.",2,2023-09-27
user_20039,Meja Belajar,Barang rusak saat diterima.,2,2023-03-11
user_17302,Smartphone Android,Packing rapi dan aman sampai tujuan.,4,2024-07-13
user_18527,Lampu Tidur,Rating tinggi tapi kualitas rendah.,2,2023-10-13
yuliana3413,SKINTIFIC - Glycolic Acid Exfoliating Daily Clarifying Toner AHA PHA Eksfoliasi Kulit Acne Treatment Eksfoliasi Wajah Summer Autumn Skin Barrier Improve,Gk sesuai. Saya kira ada yg ukuran besar 120ml. Co yg besar mahal malah dpat yg 80ml + yg kecil” tapi warna beda walau secara itungan ml sama.. kecewaa,2,2025-06-09 23:42
hassanahokta,Tumbler Stainless,"Pengiriman cepat, packing rapi. Recommended!",5,2024-09-12
mulyaninyoman,Headset Bluetooth,Barang sampai dengan aman dan cepat.,5,2025-01-21
jhidayat,Tas Ransel,"Harga terjangkau, kualitas mantap!",5,2024-12-30
yuliantihamzah,Jaket Hoodie,"Packing rapi banget, penjual ramah.",5,2025-04-03
radityanamaga,Mouse Wireless,"Respon penjual cepat, barang dikirim hari itu juga.",5,2024-12-15
user_17687,Mouse Wireless,Produk sangat bagus dan sesuai deskripsi!,4,2024-10-16
user_11988,Tas Wanita,"Puas banget, terima kasih seller!",5,2023-10-22
user_2212,Smartphone Android,Sesuai dengan rating dan review yang saya baca.,5,2024-02-19
user_13598,Kursi Lipat,Packing asal-asalan.,1,2024-10-12
ega69,Kaos Oblong,"Sesuai deskripsi, kualitas oke dan tahan lama.",4,2025-04-21
agustinalutfan,Kaos Oblong,"Respon penjual cepat, barang dikirim hari itu juga.",5,2024-11-20
user_24488,Tas Wanita,Packing asal-asalan.,2,2024-11-12
user_19875,Makeup Set,"Barang cacat, sangat mengecewakan.",2,2023-10-09
mangunsongtitin,Lipstik Matte,"Harga terjangkau, kualitas mantap!",5,2025-01-18
user_342,Flashdisk 64GB,Barang datang lebih cepat dari perkiraan.,5,2024-01-27
vanyahasanah,Parfum Unisex,"Harga terjangkau, kualitas mantap!",5,2024-06-18
user_21074,Kemeja Pria,Sesuai dengan rating dan review yang saya baca.,5,2023-08-16
jindraprabowo,Mouse Wireless,Barang sampai dengan aman dan cepat.,5,2024-08-14
user_15668,Mouse Wireless,Barang tidak berfungsi dengan baik.,1,2023-05-01
user_14076,Flashdisk 64GB,Penjual sangat ramah dan fast respon.,5,2024-09-15
user_16946,Celana Jeans,Warna dan bentuk persis seperti di gambar.,5,2024-05-21
user_15815,Kemeja Pria,Packing rapi dan aman sampai tujuan.,4,2024-02-10
user_21005,Makeup Set,"Barang palsu, bukan original.",1,2023-01-03
user_12245,Smartphone Android,Barang rusak saat diterima.,1,2023-07-03
user_6210,Flashdisk 64GB,"Mantap, gak nyesel beli di sini.",5,2023-02-28
user_7191,Powerbank,Barang datang lebih cepat dari perkiraan.,5,2024-10-07
wastutiemong,Dompet Kulit,"Pengiriman cepat, packing rapi. Recommended!",5,2025-02-10
aris91,Tas Ransel,"Harga terjangkau, kualitas mantap!",4,2024-09-21
lulut77,Parfum Unisex,"Packing rapi banget, penjual ramah.",5,2024-08-07
user_9780,Flashdisk 64GB,Sangat kecewa dengan produk ini.,1,2024-09-10
user_2515,Jam Tangan Digital,Sesuai dengan rating dan review yang saya baca.,5,2023-09-11
user_1888,Kaos Polos,Rating tinggi tapi kualitas rendah.,1,2023-06-01
user_1205,Kursi Lipat,Pengiriman sangat lama.,2,2024-04-08
eva82,Kemeja Polos,"Harga terjangkau, kualitas mantap!",5,2024-08-25
user_22700,Sepatu Sneakers,Warna dan bentuk persis seperti di gambar.,5,2023-01-11
asmadi22,Kemeja Polos,"Produk bagus, bahan adem dan sesuai gambar.",5,2025-03-25
user_15822,Smartphone Android,"Barang cacat, sangat mengecewakan.",1,2024-05-02
user_14115,Jam Tangan Digital,Ukuran tidak sesuai deskripsi.,1,2024-08-28
user_7960,Jam Tangan Digital,Sangat kecewa dengan produk ini.,1,2023-08-30
mnurdiyanti,Tas Ransel,Produk original dan kualitasnya premium.,4,2024-07-03
user_10776,Parfum Wanita,Pengiriman sangat lama.,1,2024-11-10
rahmi37,Lipstik Matte,"Respon penjual cepat, barang dikirim hari itu juga.",4,2025-06-08
user_2165,Lampu Tidur,Top banget! Bakal order lagi nanti.,5,2024-07-03
user_6665,Jam Tangan Digital,Baru dipakai sebentar sudah rusak.,1,2023-10-12
user_8852,Sepatu Sneakers,"Barang palsu, bukan original.",1,2023-01-29
user_6625,Mouse Wireless,"Barang palsu, bukan original.",2,2023-01-27
user_6644,Meja Belajar,Pengiriman cepat dan aman.,4,2023-11-17
user_1493,Flashdisk 64GB,Tidak direkomendasikan sama sekali.,2,2024-11-04
user_15863,Kaos Polos,"Beli karena review bagus, ternyata zonk.",2,2024-12-09
mdongoran,Kaos Oblong,"Respon penjual cepat, barang dikirim hari itu juga.",5,2025-02-06
user_12729,Skincare Serum,Barang rusak saat diterima.,2,2024-02-06
user_12586,Sepatu Sneakers,Packing asal-asalan.,1,2024-03-31
user_22571,Lampu Tidur,Produk kotor dan tidak layak pakai.,1,2024-08-26
user_1610,Rak Sepatu,Kualitas sangat buruk.,2,2023-08-01
user_14588,Kaos Polos,Sangat puas dengan pelayanan toko ini.,4,2024-05-24
user_20208,Kemeja Pria,Barang datang lebih cepat dari perkiraan.,5,2024-11-22
user_16655,Parfum Wanita,Produk kotor dan tidak layak pakai.,1,2024-09-06
baktionomayasari,Kemeja Polos,"Harga terjangkau, kualitas mantap!",5,2025-05-26
user_18463,Sepatu Sneakers,Produk tidak sesuai gambar.,2,2024-07-31
tarihorankarimah,Jaket Hoodie,"Respon penjual cepat, barang dikirim hari itu juga.",5,2025-02-12
user_11387,Jam Tangan Digital,Top banget! Bakal order lagi nanti.,4,2023-06-05
user_605,Kaos Polos,"Mantap, gak nyesel beli di sini.",5,2023-06-13
user_24647,Jam Tangan Digital,Sesuai dengan rating dan review yang saya baca.,4,2023-05-04
pmqe6d9lih,Fleurette| Sepatu Sendal Wanita |LUISA,"Baru di pakai 1 hari sudah mengelupas.
kecewa tidak sesuai sama harganya.",1,2025-03-29 11:37
user_12939,Tas Wanita,Pengiriman sangat lama.,2,2024-11-03
yuliana3413,SKINTIFIC - Glycolic Acid Exfoliating Daily Clarifying Toner AHA PHA Eksfoliasi Kulit Acne Treatment Eksfoliasi Wajah Summer Autumn Skin Barrier Improve,Gk sesuai. Saya kira ada yg ukuran besar 120ml. Co yg besar mahal malah dpat yg 80ml + yg kecil” tapi warna beda walau secara itungan ml sama.. kecewaa,2,2025-06-09 23:42
user_22817,Celana Jeans,"Pelayanan cepat, packing aman, produk oke!",4,2023-08-12
user_8322,Parfum Wanita,Kualitas sangat buruk.,1,2024-12-06
user_2261,Makeup Set,Tidak direkomendasikan sama sekali.,1,2024-10-27
jamalia12,Kemeja Polos,"Sudah belanja beberapa kali, selalu puas.",4,2024-08-04
user_3466,Parfum Wanita,Baru dipakai sebentar sudah rusak.,1,2024-10-11
user_10330,Sepatu Sneakers,Ukuran tidak sesuai deskripsi.,1,2024-01-19
adeverina821,URBAN&CO Fidelya Essentials Flatshoes Sepatu Kerja Slip On Wanita Kekinian,Kmren beli yg di etalase..eh rpnya di chat penjual ktnya brgnya habis..diganti dgn type lain..tp jelek nampak murahan..lain x kalo Barang udah habis jgn di pajang di etalase,2,2025-06-14 18:25
user_4467,Tas Wanita,Suka banget sama produk ini.,4,2023-10-17
waskitajati,Kaos Oblong,Produk original dan kualitasnya premium.,5,2024-10-06
dhidayanto,Mouse Wireless,"Respon penjual cepat, barang dikirim hari itu juga.",5,2024-08-31
user_14485,Tas Wanita,"Servis buruk, tidak profesional.",1,2024-11-07
user_14791,Kaos Polos,Packing asal-asalan.,1,2023-04-28
user_12531,Smartphone Android,Sangat kecewa dengan produk ini.,2,2024-07-02
user_13518,Flashdisk 64GB,Sudah komplain tapi tidak ada solusi.,1,2024-10-01
user_8929,Sepatu Sneakers,Warna tidak sesuai pesanan.,1,2023-10-11
nadpn,Gosh Avellino 531 Sandal Mules,"Kecewa, seperti barang yang sdh lama dipakai",1,2025-06-14 11:47
user_21750,Jam Tangan Digital,"Barang cacat, sangat mengecewakan.",2,2023-05-03
user_4174,Headset Gaming,"Pelayanan cepat, packing aman, produk oke!",5,2023-07-26
user_1842,Headset Gaming,Sudah beli berkali-kali di sini dan selalu puas.,5,2023-05-09
user_22803,Tas Wanita,Ukuran tidak sesuai deskripsi.,2,2024-02-14
user_24589,Kemeja Pria,Warna tidak sesuai pesanan.,2,2023-10-22
user_250,Buku Catatan,Top banget! Bakal order lagi nanti.,5,2024-10-17
user_6932,Rak Sepatu,"Barang cacat, sangat mengecewakan.",2,2024-01-19
user_12314,Jam Tangan Digital,Packing asal-asalan.,1,2023-05-30
nashiruddinghani,Sandals Pria,Barang sampai dengan aman dan cepat.,5,2024-07-24
user_21349,Keyboard Mechanical,"Servis buruk, tidak profesional.",2,2024-10-10
user_21264,Headset Gaming,Tidak direkomendasikan sama sekali.,2,2023-08-30
user_22340,Meja Belajar,Sangat direkomendasikan untuk semua orang.,5,2024-01-27
user_10856,Powerbank,Sudah beli berkali-kali di sini dan selalu puas.,4,2024-08-15
user_14792,Lampu Tidur,Ukuran tidak sesuai deskripsi.,1,2023-11-23
dongoraneko,Celana Jeans,Barang sampai dengan aman dan cepat.,5,2024-10-15
user_1561,Makeup Set,Ukuran pas dan sesuai pesanan.,4,2024-07-31
gamaniutami,Powerbank 10000mAh,"Sesuai deskripsi, kualitas oke dan tahan lama.",4,2024-09-07
user_3411,Smartphone Android,Kualitas sangat buruk.,2,2024-04-11
user_19530,Rak Sepatu,Warna tidak sesuai pesanan.,2,2023-11-13
user_7611,Parfum Wanita,Barang tidak berfungsi dengan baik.,1,2023-01-08
hardiansyahgatra,Kaos Oblong,kualitas bagus kualitas bagus rapi sesuai recommended packing aman respon cepat,5,2024-12-19
user_16837,Celana Jeans,Packing asal-asalan.,1,2024-05-07
wanthy25,URBAN&CO Morie Essentials Flatshoes Sepatu Sandal Kerja Slip On Wanita Kekinian,Apaan dah masa packing nya begitu,2,2025-06-14 14:17
user_24867,Mouse Wireless,Rating tinggi tapi kualitas rendah.,2,2024-10-29
s*****7,Gio Saverino Sepatu Sneakers Wanita Sepatu Sport Wanita Korea Hyun Jung,"Kenyamanan:lumayan lembut
Berat:sesuai
Warna:sangat menarik

Sesuai hrga, smoga awet",5,2025-06-12 10:12
candramardhiyah,Jam Tangan Digital,"Respon penjual cepat, barang dikirim hari itu juga.",5,2024-11-07
user_18557,Rak Sepatu,Warna dan bentuk persis seperti di gambar.,5,2024-11-13
user_8486,Rak Sepatu,Tidak direkomendasikan sama sekali.,2,2023-04-29
fhika16,Gio Saverino Sepatu Flat Shoes Mewah Wanita Syane,"Desain:disein nya cantik
Warna:wrnanya sesuai
Kenyamanan:nyaman di kaki",5,2025-06-12 11:24
mayasarielvina,Jam Tangan Digital,"Packing rapi banget, penjual ramah.",5,2025-04-17
user_1260,Kaos Polos,Warna tidak sesuai pesanan.,2,2023-06-06
user_11360,Powerbank,Barang original dan berkualitas.,4,2023-12-04
maulanacaturangga,Lipstik Matte,"Pengiriman cepat, packing rapi. Recommended!",4,2024-11-17
user_12725,Smartphone Android,Warna dan bentuk persis seperti di gambar.,4,2023-06-08
user_2783,Tas Wanita,Tidak direkomendasikan sama sekali.,1,2023-11-27
user_11152,Keyboard Mechanical,"Barang palsu, bukan original.",1,2024-04-19
user_24302,Skincare Serum,Harga terjangkau dengan kualitas oke.,5,2023-01-13
user_23812,Smartphone Android,Ukuran tidak sesuai deskripsi.,1,2023-08-04
user_7245,Headset Gaming,Pengiriman cepat dan aman.,4,2024-11-14
unuraini,Lipstik Matte,"Respon penjual cepat, barang dikirim hari itu juga.",5,2024-11-03
user_128,Skincare Serum,"Barang cacat, sangat mengecewakan.",1,2023-11-20
user_5788,Parfum Wanita,Sangat kecewa dengan produk ini.,2,2024-04-06
user_6900,Celana Jeans,Warna tidak sesuai pesanan.,1,2024-12-19
dheadenistya,HijabChic Maude Carnation Pink Tunic - Tunik Lebaran Motif Bunga Satin Premium Layer Kerut Mewah,Lucu model babydol sengaja pilih size L biar kaya oversize gitu ternyata lebih bagus,5,2025-03-19 23:01
user_18047,Meja Belajar,Barang tidak berfungsi dengan baik.,2,2023-02-22
user_2106,Meja Belajar,Sangat kecewa dengan produk ini.,1,2023-08-08
user_17417,Parfum Wanita,"Barang cacat, sangat mengecewakan.",2,2024-07-05
kamidintarihoran,Keyboard Mechanical,"Produk bagus, bahan adem dan sesuai gambar.",4,2024-07-31
gilda82,Jam Tangan Digital,"Packing rapi banget, penjual ramah.",4,2024-11-06
salman68,Mouse Wireless,"Packing rapi banget, penjual ramah.",4,2024-10-27
user_23949,Headset Gaming,Warna dan bentuk persis seperti di gambar.,5,2024-07-20
user_13548,Celana Jeans,Terlalu mahal untuk kualitas seperti ini.,2,2024-11-12
user_17716,Celana Jeans,Packing asal-asalan.,1,2023-03-11
user_22275,Mouse Wireless,Terlalu mahal untuk kualitas seperti ini.,2,2023-06-12
suwarnocahyo,Kaos Oblong,Barang sampai dengan aman dan cepat.,5,2024-12-12
user_22664,Kaos Polos,Barang rusak saat diterima.,2,2024-06-17
user_13232,Smartphone Android,"Beli karena review bagus, ternyata zonk.",1,2023-04-23
edison97,Jam Tangan Digital,"Sesuai deskripsi, kualitas oke dan tahan lama.",4,2024-08-13
user_16533,Parfum Wanita,Terlalu mahal untuk kualitas seperti ini.,1,2023-01-31
user_13476,Lampu Tidur,Produk kotor dan tidak layak pakai.,1,2024-04-05
user_9752,Rak Sepatu,"Mantap, gak nyesel beli di sini.",4,2024-11-28
user_5292,Celana Jeans,Sangat direkomendasikan untuk semua orang.,5,2023-03-18
user_21858,Skincare Serum,Penjual tidak merespon chat.,2,2024-02-15
user_19409,Skincare Serum,Pengiriman cepat dan aman.,4,2023-07-25
user_8137,Kemeja Pria,Kualitas sangat buruk.,1,2023-03-04
user_7603,Headset Gaming,Barang rusak saat diterima.,1,2023-02-14
user_5028,Buku Catatan,Barang rusak saat diterima.,2,2023-04-14
purwantiaris,Headset Bluetooth,"Warnanya cantik dan tahan lama, puas banget!",5,2025-04-16
jelitasuryono,Parfum Unisex,"Pengiriman cepat, packing rapi. Recommended!",5,2024-09-22
user_16231,Sepatu Sneakers,Pengiriman sangat lama.,2,2023-10-23
warjihassanah,Kaos Oblong,"Warnanya cantik dan tahan lama, puas banget!",5,2024-12-20
user_5879,Lampu Tidur,Warna tidak sesuai pesanan.,2,2024-10-13
user_6128,Keyboard Mechanical,Barang original dan berkualitas.,4,2023-01-30
user_6365,Skincare Serum,Terlalu mahal untuk kualitas seperti ini.,1,2023-06-06
user_13271,Kemeja Pria,"Barang cacat, sangat mengecewakan.",2,2024-11-19
user_16209,Kursi Lipat,Pengiriman cepat dan aman.,4,2024-07-11
user_19086,Parfum Wanita,Barang tidak berfungsi dengan baik.,2,2024-10-10
j*****r,SKIN1004 Madagascar Centella Cream 30ml,"Tekstur:halus
Cocok untuk:wajah
Aroma:wangi

ini barang ori",5,2025-06-11 22:47
user_424,Powerbank,Produk tidak sesuai gambar.,1,2024-12-24
ullyurmila,Gosh Lunaria 277 Sling Bag,"Sleting rusak, kacau ni penjual ngasi brang rusak 
Aduh",1,2025-06-04 09:08
user_8677,Kaos Polos,Warna tidak sesuai pesanan.,1,2023-11-08
user_15047,Tas Wanita,Penjual sangat ramah dan fast respon.,5,2023-11-28
user_22370,Headset Gaming,"Barang palsu, bukan original.",1,2024-06-05
user_22236,Buku Catatan,Sangat puas dengan pelayanan toko ini.,4,2023-08-29
user_1528,Buku Catatan,"Barang palsu, bukan original.",2,2024-01-17
user_11189,Celana Jeans,Pengiriman cepat dan aman.,5,2024-05-23
user_9175,Kemeja Pria,Worth it banget untuk harga segini.,5,2023-12-25
user_4634,Keyboard Mechanical,Produk tidak sesuai gambar.,2,2023-02-11
user_8004,Makeup Set,Barang rusak saat diterima.,2,2023-02-05
user_15520,Powerbank,Sudah komplain tapi tidak ada solusi.,2,2023-03-12
user_12677,Meja Belajar,Baru dipakai sebentar sudah rusak.,2,2023-10-19
user_2448,Flashdisk 64GB,"Barang palsu, bukan original.",2,2024-10-27
user_21155,Tas Wanita,Barang original dan berkualitas.,5,2024-05-05
user_19194,Headset Gaming,Kualitas sangat buruk.,1,2023-01-25
user_24463,Jam Tangan Digital,Barang tidak berfungsi dengan baik.,2,2023-07-30
user_22322,Meja Belajar,Penjual tidak merespon chat.,1,2023-01-21
uwaisjefri,Kemeja Polos,"Pengiriman cepat, packing rapi. Recommended!",4,2025-03-10
hakimkuncara,Sandals Pria,"Packing rapi banget, penjual ramah.",5,2025-01-27
user_13262,Keyboard Mechanical,Sesuai dengan rating dan review yang saya baca.,5,2023-06-07
q13nr4z_0d,Sandal jepit ringan dewasa Watchout (39-43),Tidak sesuai dengan gambar,1,2023-08-08 16:39
user_11556,Meja Belajar,Barang tidak berfungsi dengan baik.,1,2024-05-01
laksanasiregar,Kaos Oblong,Barang sampai dengan aman dan cepat.,5,2024-09-23
user_4856,Headset Gaming,Sudah beli berkali-kali di sini dan selalu puas.,5,2023-02-12
user_12465,Makeup Set,Barang rusak saat diterima.,1,2023-11-10
puspasaribelinda,Jaket Hoodie,"Respon penjual cepat, barang dikirim hari itu juga.",5,2024-12-29
user_21682,Makeup Set,"Beli karena review bagus, ternyata zonk.",2,2024-05-21
user_18999,Flashdisk 64GB,Sangat puas dengan pelayanan toko ini.,4,2023-07-27
user_3661,Meja Belajar,"Puas banget, terima kasih seller!",5,2024-06-27
user_9383,Jam Tangan Digital,Terlalu mahal untuk kualitas seperti ini.,1,2024-01-04
user_3654,Kemeja Pria,Baru dipakai sebentar sudah rusak.,1,2024-05-14
user_23198,Tas Wanita,Baru dipakai sebentar sudah rusak.,1,2024-08-06
62w43hqovu,HijabChic Danish Top - Baju Blouse Stripe Casual Simple Daily Katun Lembut Nyaman Adem Oversize,Order yg ke 4x tp yg ini krg bagus bahan tipis... Dah gitu hrg mahal dibanding yg sebelumnya🙏,1,2025-05-28 13:43
user_6672,Kemeja Pria,Produk tidak sesuai gambar.,2,2024-03-14
nurainilabuh,Mouse Wireless,"Sesuai deskripsi, kualitas oke dan tahan lama.",5,2024-07-18
user_17976,Rak Sepatu,Barang original dan berkualitas.,5,2023-02-06
mulyanijayadi,Tas Ransel,"Warnanya cantik dan tahan lama, puas banget!",5,2025-02-18
user_563,Sepatu Sneakers,"Barang palsu, bukan original.",2,2024-07-22
user_17746,Makeup Set,Terlalu mahal untuk kualitas seperti ini.,2,2023-06-29
user_18399,Smartphone Android,Sangat direkomendasikan untuk semua orang.,4,2024-08-25
rachel81,Dompet Kulit,Barang sampai dengan aman dan cepat.,5,2024-12-13
user_15414,Kursi Lipat,Sangat kecewa dengan produk ini.,2,2023-01-30
h*****2,Gio Saverino Sepatu Wedges Wanita Hanna Sepatu Kerja Wanita,Dus nya jelek banget hadeh !,2,2025-06-12 12:04
user_9924,Parfum Wanita,Suka banget sama produk ini.,5,2023-04-03
user_20578,Jam Tangan Digital,Baru dipakai sebentar sudah rusak.,1,2024-11-08
user_20381,Tas Wanita,Warna tidak sesuai pesanan.,1,2024-07-08
user_8470,Celana Jeans,Harga terjangkau dengan kualitas oke.,4,2023-05-17
hwahyudin,Jaket Hoodie,"Harga terjangkau, kualitas mantap!",5,2025-05-17
user_24645,Makeup Set,Baru dipakai sebentar sudah rusak.,1,2024-11-18
lpranowo,Keyboard Mechanical,"Sesuai deskripsi, kualitas oke dan tahan lama.",5,2025-02-27
user_22360,Lampu Tidur,Tidak direkomendasikan sama sekali.,1,2023-02-26
user_7179,Jam Tangan Digital,"Beli karena review bagus, ternyata zonk.",1,2024-11-19
user_5115,Powerbank,"Beli karena review bagus, ternyata zonk.",2,2023-11-27
user_9829,Meja Belajar,"Barang cacat, sangat mengecewakan.",2,2023-02-23
sarikurniawan,Kemeja Polos,"Pengiriman cepat, packing rapi. Recommended!",5,2024-10-05
user_17956,Rak Sepatu,Pengiriman sangat lama.,2,2023-09-12
user_20566,Keyboard Mechanical,Sudah komplain tapi tidak ada solusi.,1,2024-01-20
irawanprasetya,Mouse Wireless,"Sudah belanja beberapa kali, selalu puas.",5,2024-09-07
pwaskita,Powerbank 10000mAh,Barang sampai dengan aman dan cepat.,5,2024-10-25
user_22247,Flashdisk 64GB,"Mantap, gak nyesel beli di sini.",4,2024-03-04
ehidayanto,Jaket Hoodie,"Pengiriman cepat, packing rapi. Recommended!",5,2024-07-20
user_23540,Celana Jeans,"Beli karena review bagus, ternyata zonk.",1,2023-04-18
user_17923,Kursi Lipat,Penjual sangat ramah dan fast respon.,4,2024-02-25
py9205,SKIN1004 Madagascar Centella Poremizing Fresh Ampoule 30ml,"Tekstur:air
Cocok untuk:semua jenis kulit
Keaslian:asli

Enak banget, meresap ke kulit, teksturnya air gitu langsung diserap kulit, semoga bisa mengecilkan pori2 besar ku.",5,2025-06-03 07:46
arsipatra62,Mouse Wireless,"Pengiriman cepat, packing rapi. Recommended!",5,2024-10-11
user_7467,Makeup Set,"Barang palsu, bukan original.",2,2023-08-16
user_15342,Kursi Lipat,Sangat direkomendasikan untuk semua orang.,4,2024-06-25
user_14241,Meja Belajar,"Barang palsu, bukan original.",1,2023-02-17
jefri85,Kaos Oblong,"Sesuai deskripsi, kualitas oke dan tahan lama.",4,2025-05-03
user_6555,Meja Belajar,Sangat direkomendasikan untuk semua orang.,4,2023-09-22
emil50,Celana Jeans,"Packing rapi banget, penjual ramah.",4,2024-11-20
user_3772,Rak Sepatu,Rating tinggi tapi kualitas rendah.,2,2023-01-22
user_13973,Celana Jeans,Sudah komplain tapi tidak ada solusi.,2,2024-06-20
user_10092,Kursi Lipat,Produk tidak sesuai gambar.,2,2023-12-06
user_10702,Kemeja Pria,"Mantap, gak nyesel beli di sini.",5,2024-08-13
user_2308,Rak Sepatu,Penjual tidak merespon chat.,1,2023-01-13
user_23608,Headset Gaming,"Puas banget, terima kasih seller!",4,2024-05-29
user_23284,Mouse Wireless,Barang datang lebih cepat dari perkiraan.,5,2024-03-12
m*****z,[6.6 MEGA DEALS] WARDAH Colorfit Perfect Glow Cushion -Tahan Lama Hingga 12 Jam Dilengkapi SPF 33 PA dan Centella Asiatica Hasil Akhir Glowing dan Menyatu Dengan Warna Kulit - Makeup,Biar bintang yg bicara 👍👍👍,5,2025-06-13 10:15
user_14251,Flashdisk 64GB,Sudah beli berkali-kali di sini dan selalu puas.,5,2024-02-20
berlianlutfianita,Gosh Zinnia 361 Backpack,Bagus sesuai gambar,5,2025-06-08 15:02
darimin15,Sandals Pria,"Produk bagus, bahan adem dan sesuai gambar.",4,2025-05-26
widodoajimin,Keyboard Mechanical,"Harga terjangkau, kualitas mantap!",5,2024-07-07
artanto97,Parfum Unisex,"Sesuai deskripsi, kualitas oke dan tahan lama.",5,2025-02-13
user_10117,Sepatu Sneakers,Packing asal-asalan.,1,2023-09-02
user_201,Makeup Set,Barang tidak berfungsi dengan baik.,1,2024-08-27
kasim83,Jam Tangan Digital,"Sudah belanja beberapa kali, selalu puas.",4,2024-12-31
user_14872,Kaos Polos,Barang rusak saat diterima.,2,2024-06-28
pardi06,Celana Jeans,"Harga terjangkau, kualitas mantap!",5,2025-03-23
user_4930,Tas Wanita,Terlalu mahal untuk kualitas seperti ini.,1,2024-06-09
ana76,Sandals Pria,"Sesuai deskripsi, kualitas oke dan tahan lama.",5,2025-04-02
user_10751,Sepatu Sneakers,Sesuai dengan rating dan review yang saya baca.,4,2023-08-28
sitanggangnia,Tas ransel Daypack Backpack urban factor - Flux,Bagus,5,2025-06-14 21:47
user_1203,Lampu Tidur,"Barang palsu, bukan original.",2,2024-05-09
user_10314,Smartphone Android,Pengiriman cepat dan aman.,4,2024-06-13
swankid,Tas Selempang Pria  urban factor - RHYS Sling Bag Kasual Unisex,Tinggi tas ternyata hanya 20cm bukan 22cm seperti yang tertulis di deskripsi. Agak kecewa juga tapi over all tasnya bagus.,5,2025-03-07 18:15
user_17870,Headset Gaming,Rating tinggi tapi kualitas rendah.,1,2023-02-01
winarnogalak,Jaket Hoodie,"Warnanya cantik dan tahan lama, puas banget!",5,2024-07-31
megantarafaizah,Sepatu Sneakers,"Warnanya cantik dan tahan lama, puas banget!",4,2025-03-16
user_24462,Mouse Wireless,Kualitas sangat buruk.,1,2023-12-18
mandalawarji,Mouse Wireless,"Produk bagus, bahan adem dan sesuai gambar.",4,2024-09-04
emong03,Powerbank 10000mAh,"Packing rapi banget, penjual ramah.",4,2024-08-15
user_8339,Mouse Wireless,Sangat puas dengan pelayanan toko ini.,4,2023-05-28
sihotangdinda,Headset Bluetooth,"Pengiriman cepat, packing rapi. Recommended!",4,2025-06-10
sprasetyo,Kaos Oblong,"Sudah belanja beberapa kali, selalu puas.",5,2025-03-11
user_14061,Skincare Serum,Warna dan bentuk persis seperti di gambar.,5,2023-09-20
kasiyah07,Jam Tangan Digital,"Warnanya cantik dan tahan lama, puas banget!",5,2025-05-13
permadijabal,Jam Tangan Digital,"Warnanya cantik dan tahan lama, puas banget!",4,2024-09-05
tarihoranbahuraksa,Tas Ransel,"Respon penjual cepat, barang dikirim hari itu juga.",4,2025-02-20
user_18239,Lampu Tidur,Rating tinggi tapi kualitas rendah.,1,2023-07-08
afina12eka,SKINTIFIC -  Acid Peeling Solution Serum 30ml | Eksfoliasi Wajah  Exfoliasi Exfoliating Serum Essence Penghalusan Kulit  Mengangkat Sel Kulit Mati Membersihkan Anti Acne Mencerahkan Jerawat Dark Spot Brightening Mengencangkan Kulit,"Kondisi Barang:palsu
Aroma:wangi
Efek:muka ku kangsung panas dan terasa terbakar,muka langsung merah,sepertinya ini barang palsu",1,2025-06-09 19:50
user_507,Kaos Polos,"Servis buruk, tidak profesional.",1,2023-10-28
user_17907,Lampu Tidur,Harga terjangkau dengan kualitas oke.,5,2024-12-22
user_24153,Powerbank,Tidak direkomendasikan sama sekali.,2,2023-11-28
isaptono,Tumbler Stainless,"Sesuai deskripsi, kualitas oke dan tahan lama.",5,2025-04-26
user_24432,Skincare Serum,"Servis buruk, tidak profesional.",1,2024-01-22
user_3466,Kursi Lipat,Ukuran tidak sesuai deskripsi.,1,2023-03-21
user_208,Jam Tangan Digital,Kualitas sangat buruk.,2,2023-04-02
dshhfii,SKIN1004  Madagascar Centella Poremizing Tinted Suncream 50ml,"Kemasan:simple
Pengalaman Penggunaan:bagus dan mudah di blend

tinted sunscreen ini teksturnya ringan & blendable, bahan alami cocok dipake untuk harian, lumayan untuk menutup pori finishnya dewy flawless, proteksi kulitnya juga sudah bagus, spfnya sudah 50 PA++++, recommended bgt deh",5,2025-06-03 10:57
user_5029,Smartphone Android,"Servis buruk, tidak profesional.",1,2024-12-16
user_1340,Meja Belajar,Pengiriman sangat lama.,2,2023-07-22
user_20941,Buku Catatan,Penjual sangat ramah dan fast respon.,5,2023-02-24
farahnasyiah,Dompet Kulit,"Sudah belanja beberapa kali, selalu puas.",4,2025-03-11
user_23744,Skincare Serum,Barang datang lebih cepat dari perkiraan.,4,2023-01-22
maulanalanang,Sandals Pria,"Respon penjual cepat, barang dikirim hari itu juga.",5,2025-01-11
puspasarimartaka,Sepatu Sneakers,"Respon penjual cepat, barang dikirim hari itu juga.",4,2024-08-06
user_24858,Keyboard Mechanical,Sudah beli berkali-kali di sini dan selalu puas.,4,2023-08-22
user_169,Sepatu Sneakers,Barang datang lebih cepat dari perkiraan.,5,2024-06-21
user_19842,Buku Catatan,"Barang palsu, bukan original.",1,2024-01-31
user_3456,Jam Tangan Digital,Baru dipakai sebentar sudah rusak.,1,2023-01-26
user_13359,Parfum Wanita,Packing asal-asalan.,1,2023-10-29
user_1186,Buku Catatan,Kualitas sangat buruk.,2,2023-08-13
user_6142,Buku Catatan,Sudah beli berkali-kali di sini dan selalu puas.,4,2023-12-12
user_6842,Meja Belajar,Kualitas sangat buruk.,2,2024-03-04
user_15272,Meja Belajar,Penjual tidak merespon chat.,2,2023-05-29
user_18798,Headset Gaming,Top banget! Bakal order lagi nanti.,4,2023-05-26
user_14367,Meja Belajar,Packing asal-asalan.,2,2024-04-10
user_10001,Kemeja Pria,"Servis buruk, tidak profesional.",2,2024-11-26
user_5259,Buku Catatan,Kualitas sangat buruk.,1,2024-08-01
user_20799,Sepatu Sneakers,Penjual tidak merespon chat.,2,2023-05-14
user_19429,Makeup Set,Ukuran pas dan sesuai pesanan.,5,2024-01-25
user_19238,Celana Jeans,Produk kotor dan tidak layak pakai.,2,2023-10-23
