Username,Produk,Review,Rating,ReviewAt
user_23937,Jam Tangan Digital,Tidak direkomendasikan sama sekali.,2,2024-02-12
user_15339,Meja Belajar,"Barang palsu, bukan original.",2,2024-11-23
user_2645,Keyboard Mechanical,Sudah komplain tapi tidak ada solusi.,1,2024-01-13
user_22401,Keyboard Mechanical,"Barang palsu, bukan original.",3,2024-08-30
user_10675,Kemeja Pria,Penjual tidak merespon chat.,2,2023-07-30
user_690,Buku Catatan,Ukuran tidak sesuai deskripsi.,1,2024-10-10
user_14326,Kursi Lipat,Warna tidak sesuai pesanan.,1,2024-06-26
user_799,Headset Gaming,Pengiriman sangat lama.,1,2024-08-25
user_761,Kursi Lipat,"Servis buruk, tidak profesional.",3,2024-05-22
user_15067,Rak Sepatu,Baru dipakai sebentar sudah rusak.,1,2023-05-29
user_24670,Skincare Serum,Penjual tidak merespon chat.,2,2024-03-10
user_13977,Skincare Serum,Kualitas sangat buruk.,3,2024-10-20
user_16083,Parfum Wanita,Sangat kecewa dengan produk ini.,3,2023-01-18
user_19752,Keyboard Mechanical,Kualitas sangat buruk.,3,2023-01-29
user_14948,Rak Sepatu,Produk kotor dan tidak layak pakai.,2,2023-09-19
user_13372,Smartphone Android,Warna tidak sesuai pesanan.,3,2024-06-16
user_7046,Tas Wanita,Rating tinggi tapi kualitas rendah.,2,2023-04-01
user_22173,Skincare Serum,"Beli karena review bagus, ternyata zonk.",1,2023-04-22
user_7874,Jam Tangan Digital,Warna tidak sesuai pesanan.,3,2023-10-21
user_11442,Headset Gaming,Produk tidak sesuai gambar.,3,2024-01-14
user_12314,Jam Tangan Digital,Packing asal-asalan.,1,2023-05-30
user_24956,Smartphone Android,Warna tidak sesuai pesanan.,2,2024-01-25
user_16251,Keyboard Mechanical,Produk tidak sesuai gambar.,1,2023-09-20
user_24326,Headset Gaming,Ukuran tidak sesuai deskripsi.,3,2024-10-09
user_11218,Kursi Lipat,Baru dipakai sebentar sudah rusak.,1,2024-04-22
user_23256,Meja Belajar,Produk tidak sesuai gambar.,1,2023-01-18
user_10173,Lampu Tidur,Terlalu mahal untuk kualitas seperti ini.,1,2023-01-22
user_2443,Skincare Serum,Sudah komplain tapi tidak ada solusi.,2,2024-04-09
user_23757,Kursi Lipat,Barang rusak saat diterima.,1,2024-12-19
user_8991,Meja Belajar,Baru dipakai sebentar sudah rusak.,3,2023-09-15
user_16852,Smartphone Android,Produk tidak sesuai gambar.,3,2023-01-21
user_2111,Buku Catatan,Rating tinggi tapi kualitas rendah.,1,2023-08-11
user_16413,Flashdisk 64GB,Pengiriman sangat lama.,3,2023-01-13
user_20410,Flashdisk 64GB,Packing asal-asalan.,2,2024-09-12
user_12113,Smartphone Android,Sudah komplain tapi tidak ada solusi.,1,2023-10-02
user_17720,Skincare Serum,"Beli karena review bagus, ternyata zonk.",3,2024-06-20
user_12700,Kursi Lipat,Warna tidak sesuai pesanan.,2,2023-04-13
user_8307,Kaos Polos,Pengiriman sangat lama.,2,2024-06-26
user_7319,Parfum Wanita,Produk tidak sesuai gambar.,3,2023-12-08
user_3282,Meja Belajar,Sudah komplain tapi tidak ada solusi.,3,2024-11-16
user_3222,Meja Belajar,Terlalu mahal untuk kualitas seperti ini.,3,2024-07-10
user_14647,Kursi Lipat,Terlalu mahal untuk kualitas seperti ini.,2,2023-01-09
user_12779,Powerbank,Rating tinggi tapi kualitas rendah.,1,2024-02-23
user_23221,Smartphone Android,Kualitas sangat buruk.,2,2023-08-31
user_18893,Keyboard Mechanical,Rating tinggi tapi kualitas rendah.,2,2023-02-10
user_19340,Kaos Polos,Ukuran tidak sesuai deskripsi.,2,2024-06-28
user_4509,Parfum Wanita,"Beli karena review bagus, ternyata zonk.",2,2023-08-23
user_18362,Parfum Wanita,"Barang palsu, bukan original.",1,2023-10-05
user_10343,Kemeja Pria,Baru dipakai sebentar sudah rusak.,3,2024-02-27
user_4813,Tas Wanita,Barang tidak berfungsi dengan baik.,3,2024-02-26
user_6207,Tas Wanita,Ukuran tidak sesuai deskripsi.,2,2023-03-07
user_6630,Buku Catatan,Pengiriman sangat lama.,1,2024-11-20
user_12529,Skincare Serum,"Servis buruk, tidak profesional.",3,2023-01-17
user_21499,Makeup Set,Ukuran tidak sesuai deskripsi.,2,2024-05-03
user_11414,Skincare Serum,Packing asal-asalan.,2,2023-05-30
user_10120,Lampu Tidur,Tidak direkomendasikan sama sekali.,1,2023-08-30
user_18774,Flashdisk 64GB,Barang tidak berfungsi dengan baik.,2,2023-09-22
user_16016,Sepatu Sneakers,Barang tidak berfungsi dengan baik.,1,2024-03-07
user_11301,Mouse Wireless,Kualitas sangat buruk.,2,2024-04-17
user_4444,Tas Wanita,Tidak direkomendasikan sama sekali.,1,2023-12-19
user_12704,Headset Gaming,Ukuran tidak sesuai deskripsi.,2,2023-08-25
user_11071,Kursi Lipat,Ukuran tidak sesuai deskripsi.,2,2023-12-01
user_9318,Buku Catatan,Penjual tidak merespon chat.,3,2023-11-15
user_7034,Celana Jeans,Terlalu mahal untuk kualitas seperti ini.,2,2023-01-29
user_2949,Parfum Wanita,Produk tidak sesuai gambar.,3,2023-06-04
user_3425,Kursi Lipat,"Barang cacat, sangat mengecewakan.",1,2023-09-19
user_3045,Meja Belajar,Sudah komplain tapi tidak ada solusi.,3,2024-01-04
user_21342,Flashdisk 64GB,"Barang palsu, bukan original.",2,2024-07-05
user_15855,Makeup Set,"Barang cacat, sangat mengecewakan.",3,2023-07-20
user_4901,Powerbank,Sangat kecewa dengan produk ini.,1,2023-05-29
user_21129,Smartphone Android,Warna tidak sesuai pesanan.,2,2024-04-21
user_7030,Jam Tangan Digital,Penjual tidak merespon chat.,3,2023-01-02
user_12245,Smartphone Android,Barang rusak saat diterima.,1,2023-07-03
user_3194,Keyboard Mechanical,Produk kotor dan tidak layak pakai.,3,2023-09-25
user_4314,Tas Wanita,"Servis buruk, tidak profesional.",3,2023-08-01
user_14037,Rak Sepatu,Produk tidak sesuai gambar.,2,2023-06-27
user_5264,Kemeja Pria,"Barang cacat, sangat mengecewakan.",2,2024-02-28
user_20940,Makeup Set,Produk tidak sesuai gambar.,2,2024-11-01
user_1140,Lampu Tidur,Terlalu mahal untuk kualitas seperti ini.,2,2023-07-30
user_12091,Skincare Serum,Barang rusak saat diterima.,1,2024-12-13
user_5062,Sepatu Sneakers,Sudah komplain tapi tidak ada solusi.,2,2024-02-28
user_3040,Celana Jeans,Kualitas sangat buruk.,2,2023-07-19
user_22164,Skincare Serum,Produk kotor dan tidak layak pakai.,1,2023-09-05
user_19474,Kursi Lipat,"Barang palsu, bukan original.",1,2023-02-26
user_22488,Celana Jeans,"Servis buruk, tidak profesional.",3,2023-10-26
user_2823,Parfum Wanita,Barang rusak saat diterima.,3,2023-04-26
user_8731,Skincare Serum,"Barang cacat, sangat mengecewakan.",2,2023-06-10
user_11282,Kursi Lipat,Produk tidak sesuai gambar.,2,2024-11-06
user_10464,Buku Catatan,Sangat kecewa dengan produk ini.,3,2024-08-13
user_16396,Tas Wanita,Produk tidak sesuai gambar.,2,2024-07-08
user_6562,Flashdisk 64GB,Pengiriman sangat lama.,1,2024-11-12
user_15147,Parfum Wanita,Produk tidak sesuai gambar.,1,2024-09-04
user_16209,Powerbank,Produk tidak sesuai gambar.,1,2023-08-13
user_8948,Headset Gaming,Barang rusak saat diterima.,1,2024-02-29
user_12205,Celana Jeans,Barang tidak berfungsi dengan baik.,3,2023-06-01
user_11879,Kaos Polos,Baru dipakai sebentar sudah rusak.,2,2024-03-05
user_13859,Kemeja Pria,Sudah komplain tapi tidak ada solusi.,3,2023-09-11
user_1522,Jam Tangan Digital,Warna tidak sesuai pesanan.,3,2023-01-16
user_12364,Buku Catatan,Barang rusak saat diterima.,1,2023-01-27
user_9558,Smartphone Android,Sudah komplain tapi tidak ada solusi.,2,2023-05-05
user_23458,Kursi Lipat,"Barang cacat, sangat mengecewakan.",3,2024-06-09
user_6628,Powerbank,Kualitas sangat buruk.,3,2023-08-04
user_731,Flashdisk 64GB,Terlalu mahal untuk kualitas seperti ini.,1,2024-02-09
user_362,Meja Belajar,Barang tidak berfungsi dengan baik.,1,2024-06-29
user_10825,Mouse Wireless,Penjual tidak merespon chat.,2,2024-12-02
user_22551,Lampu Tidur,Rating tinggi tapi kualitas rendah.,3,2023-07-25
user_8493,Kaos Polos,Produk tidak sesuai gambar.,1,2024-06-30
user_2558,Kemeja Pria,Kualitas sangat buruk.,1,2023-07-05
user_9873,Keyboard Mechanical,Sudah komplain tapi tidak ada solusi.,2,2023-12-12
user_5208,Powerbank,Penjual tidak merespon chat.,2,2023-03-15
user_19646,Tas Wanita,"Barang cacat, sangat mengecewakan.",1,2024-11-03
user_3963,Buku Catatan,Packing asal-asalan.,1,2023-03-10
user_24662,Kaos Polos,"Barang palsu, bukan original.",3,2024-05-04
user_313,Skincare Serum,Baru dipakai sebentar sudah rusak.,3,2024-09-14
user_7116,Sepatu Sneakers,Penjual tidak merespon chat.,2,2023-02-03
user_20136,Tas Wanita,Packing asal-asalan.,2,2024-03-04
user_11831,Powerbank,"Servis buruk, tidak profesional.",1,2024-09-09
user_20875,Kemeja Pria,Penjual tidak merespon chat.,3,2024-05-04
user_12011,Buku Catatan,"Barang cacat, sangat mengecewakan.",1,2023-02-10
user_19087,Flashdisk 64GB,Warna tidak sesuai pesanan.,3,2023-06-30
user_12383,Kaos Polos,Packing asal-asalan.,3,2024-12-12
user_1306,Kursi Lipat,Kualitas sangat buruk.,1,2023-12-04
user_22963,Headset Gaming,Kualitas sangat buruk.,2,2024-07-19
user_1260,Kaos Polos,Warna tidak sesuai pesanan.,2,2023-06-06
user_4809,Rak Sepatu,Warna tidak sesuai pesanan.,2,2024-05-12
user_17931,Celana Jeans,Kualitas sangat buruk.,1,2024-11-23
user_19639,Headset Gaming,"Beli karena review bagus, ternyata zonk.",1,2024-04-29
user_20159,Rak Sepatu,Pengiriman sangat lama.,3,2024-11-18
user_8179,Meja Belajar,Rating tinggi tapi kualitas rendah.,3,2023-10-10
user_18830,Meja Belajar,Produk kotor dan tidak layak pakai.,1,2023-08-11
user_10254,Keyboard Mechanical,Kualitas sangat buruk.,3,2024-08-02
user_5078,Keyboard Mechanical,"Servis buruk, tidak profesional.",2,2024-04-27
user_10069,Lampu Tidur,Produk kotor dan tidak layak pakai.,2,2024-08-25
user_11881,Kaos Polos,Ukuran tidak sesuai deskripsi.,3,2023-06-29
user_9110,Skincare Serum,Warna tidak sesuai pesanan.,3,2024-11-25
user_16450,Powerbank,Kualitas sangat buruk.,3,2023-07-21
user_6942,Rak Sepatu,Rating tinggi tapi kualitas rendah.,3,2023-05-02
user_16470,Powerbank,Kualitas sangat buruk.,3,2023-10-30
user_20703,Headset Gaming,"Barang palsu, bukan original.",2,2023-06-15
user_21895,Rak Sepatu,Baru dipakai sebentar sudah rusak.,2,2023-09-14
user_15364,Celana Jeans,Barang tidak berfungsi dengan baik.,3,2023-11-13
user_12444,Buku Catatan,Barang tidak berfungsi dengan baik.,1,2024-02-24
user_10446,Rak Sepatu,"Servis buruk, tidak profesional.",1,2023-02-07
user_1498,Sepatu Sneakers,Ukuran tidak sesuai deskripsi.,1,2024-01-06
user_24993,Makeup Set,Kualitas sangat buruk.,3,2023-06-15
user_18352,Tas Wanita,Terlalu mahal untuk kualitas seperti ini.,2,2023-05-04
user_18512,Powerbank,Barang rusak saat diterima.,3,2023-11-21
user_19949,Lampu Tidur,Terlalu mahal untuk kualitas seperti ini.,2,2024-10-16
user_8414,Makeup Set,"Barang cacat, sangat mengecewakan.",1,2024-11-02
user_18725,Meja Belajar,"Beli karena review bagus, ternyata zonk.",3,2023-08-15
user_2037,Headset Gaming,Barang tidak berfungsi dengan baik.,2,2023-01-24
user_18823,Mouse Wireless,Produk kotor dan tidak layak pakai.,2,2023-01-23
user_18216,Headset Gaming,Produk kotor dan tidak layak pakai.,2,2023-09-25
user_19988,Rak Sepatu,Baru dipakai sebentar sudah rusak.,3,2023-08-15
user_14956,Flashdisk 64GB,Produk tidak sesuai gambar.,3,2024-09-11
user_22585,Kemeja Pria,"Beli karena review bagus, ternyata zonk.",3,2024-08-09
user_22079,Buku Catatan,Terlalu mahal untuk kualitas seperti ini.,3,2024-01-13
user_22349,Flashdisk 64GB,Sudah komplain tapi tidak ada solusi.,1,2024-08-18
user_16099,Kursi Lipat,Baru dipakai sebentar sudah rusak.,3,2023-10-09
user_4539,Jam Tangan Digital,"Beli karena review bagus, ternyata zonk.",1,2023-11-26
user_14034,Buku Catatan,Barang rusak saat diterima.,1,2024-03-03
user_22251,Parfum Wanita,Sudah komplain tapi tidak ada solusi.,1,2024-10-13
user_12588,Rak Sepatu,Ukuran tidak sesuai deskripsi.,1,2024-05-08
user_18858,Keyboard Mechanical,Warna tidak sesuai pesanan.,1,2023-03-14
user_21604,Celana Jeans,Warna tidak sesuai pesanan.,2,2024-08-12
user_20383,Jam Tangan Digital,"Barang cacat, sangat mengecewakan.",1,2023-09-19
user_21650,Skincare Serum,Sangat kecewa dengan produk ini.,1,2023-02-14
user_8896,Parfum Wanita,Produk kotor dan tidak layak pakai.,1,2023-09-22
user_6565,Makeup Set,Kualitas sangat buruk.,2,2024-09-21
user_9522,Flashdisk 64GB,Produk tidak sesuai gambar.,3,2023-08-28
user_10227,Flashdisk 64GB,Warna tidak sesuai pesanan.,1,2024-11-02
user_5380,Sepatu Sneakers,Baru dipakai sebentar sudah rusak.,1,2024-07-05
user_23716,Celana Jeans,Pengiriman sangat lama.,1,2024-09-02
user_2931,Kursi Lipat,Produk tidak sesuai gambar.,2,2023-01-27
user_7055,Makeup Set,Sudah komplain tapi tidak ada solusi.,2,2023-04-22
user_24101,Kaos Polos,Kualitas sangat buruk.,1,2023-01-29
user_20397,Buku Catatan,Sangat kecewa dengan produk ini.,3,2023-12-29
user_11815,Parfum Wanita,Tidak direkomendasikan sama sekali.,2,2024-08-15
user_6042,Flashdisk 64GB,Pengiriman sangat lama.,1,2023-03-12
user_187,Jam Tangan Digital,"Servis buruk, tidak profesional.",2,2023-11-30
user_9245,Rak Sepatu,Ukuran tidak sesuai deskripsi.,3,2024-05-02
user_3804,Powerbank,"Barang cacat, sangat mengecewakan.",1,2024-06-18
user_24076,Meja Belajar,Barang tidak berfungsi dengan baik.,3,2024-11-03
user_12506,Jam Tangan Digital,Barang rusak saat diterima.,3,2024-08-21
user_13951,Buku Catatan,Warna tidak sesuai pesanan.,3,2023-06-15
user_15747,Skincare Serum,Penjual tidak merespon chat.,3,2024-01-12
user_2448,Flashdisk 64GB,"Barang palsu, bukan original.",2,2024-10-27
user_9334,Kursi Lipat,Baru dipakai sebentar sudah rusak.,3,2024-04-18
user_17066,Kursi Lipat,Pengiriman sangat lama.,2,2024-02-19
user_12204,Jam Tangan Digital,Produk tidak sesuai gambar.,2,2024-12-07
user_18031,Smartphone Android,Sudah komplain tapi tidak ada solusi.,3,2024-06-15
user_18897,Makeup Set,Ukuran tidak sesuai deskripsi.,2,2024-11-04
user_8046,Makeup Set,Terlalu mahal untuk kualitas seperti ini.,2,2023-09-26
user_9519,Kaos Polos,"Barang cacat, sangat mengecewakan.",2,2024-08-15
user_14466,Sepatu Sneakers,Baru dipakai sebentar sudah rusak.,2,2023-05-12
user_22749,Rak Sepatu,Ukuran tidak sesuai deskripsi.,3,2024-02-06
user_14731,Powerbank,Produk kotor dan tidak layak pakai.,1,2024-09-11
user_15114,Keyboard Mechanical,Tidak direkomendasikan sama sekali.,2,2024-06-17
user_11155,Sepatu Sneakers,Packing asal-asalan.,2,2024-09-15
user_17263,Skincare Serum,Terlalu mahal untuk kualitas seperti ini.,2,2023-09-03
user_14106,Kemeja Pria,"Servis buruk, tidak profesional.",2,2023-06-24
user_15617,Flashdisk 64GB,"Beli karena review bagus, ternyata zonk.",2,2024-08-15
user_15701,Makeup Set,Barang tidak berfungsi dengan baik.,2,2024-07-15
user_17022,Rak Sepatu,Penjual tidak merespon chat.,3,2024-04-14
user_22368,Mouse Wireless,Rating tinggi tapi kualitas rendah.,2,2024-03-17
user_10354,Keyboard Mechanical,Rating tinggi tapi kualitas rendah.,2,2024-11-26
user_24,Keyboard Mechanical,Kualitas sangat buruk.,2,2023-03-26
user_22355,Buku Catatan,Warna tidak sesuai pesanan.,1,2023-09-02
user_8651,Celana Jeans,"Beli karena review bagus, ternyata zonk.",2,2023-08-17
user_12956,Celana Jeans,"Barang palsu, bukan original.",1,2024-11-02
user_647,Makeup Set,Sangat kecewa dengan produk ini.,2,2024-08-14
user_16222,Meja Belajar,Kualitas sangat buruk.,1,2023-04-21
user_13030,Jam Tangan Digital,Terlalu mahal untuk kualitas seperti ini.,3,2024-01-07
user_14455,Powerbank,"Barang cacat, sangat mengecewakan.",1,2024-06-12
user_8435,Jam Tangan Digital,Tidak direkomendasikan sama sekali.,1,2023-08-07
user_13603,Keyboard Mechanical,Terlalu mahal untuk kualitas seperti ini.,3,2024-10-11
user_16842,Meja Belajar,"Barang cacat, sangat mengecewakan.",1,2024-06-20
user_16070,Kemeja Pria,"Barang cacat, sangat mengecewakan.",3,2023-08-24
user_13020,Powerbank,"Beli karena review bagus, ternyata zonk.",3,2023-06-01
user_5437,Smartphone Android,"Barang palsu, bukan original.",3,2023-10-23
user_2683,Flashdisk 64GB,Ukuran tidak sesuai deskripsi.,3,2023-02-25
user_22075,Parfum Wanita,"Barang cacat, sangat mengecewakan.",1,2024-04-05
user_14485,Tas Wanita,"Servis buruk, tidak profesional.",1,2024-11-07
user_6059,Flashdisk 64GB,Packing asal-asalan.,1,2023-06-24
user_23872,Jam Tangan Digital,Packing asal-asalan.,3,2023-04-15
user_1331,Skincare Serum,"Barang cacat, sangat mengecewakan.",2,2023-08-30
user_23668,Lampu Tidur,"Servis buruk, tidak profesional.",3,2023-05-21
user_24295,Lampu Tidur,Sangat kecewa dengan produk ini.,3,2023-02-22
user_7402,Skincare Serum,Sudah komplain tapi tidak ada solusi.,1,2024-04-14
user_14366,Flashdisk 64GB,"Servis buruk, tidak profesional.",2,2023-01-07
user_2065,Celana Jeans,Pengiriman sangat lama.,1,2024-04-20
user_16556,Celana Jeans,Packing asal-asalan.,2,2024-10-11
user_17637,Buku Catatan,Produk kotor dan tidak layak pakai.,2,2023-04-02
user_9387,Mouse Wireless,"Beli karena review bagus, ternyata zonk.",1,2023-09-08
user_14226,Celana Jeans,Sangat kecewa dengan produk ini.,1,2023-11-28
user_3341,Mouse Wireless,Tidak direkomendasikan sama sekali.,1,2023-09-22
user_6353,Rak Sepatu,Sudah komplain tapi tidak ada solusi.,2,2024-06-26
user_18017,Powerbank,"Barang cacat, sangat mengecewakan.",2,2024-01-10
user_13288,Rak Sepatu,Ukuran tidak sesuai deskripsi.,3,2024-11-30
user_16635,Smartphone Android,Kualitas sangat buruk.,2,2024-02-09
user_24463,Jam Tangan Digital,Barang tidak berfungsi dengan baik.,2,2023-07-30
user_20184,Kursi Lipat,Barang rusak saat diterima.,2,2023-12-03
user_10810,Flashdisk 64GB,"Barang palsu, bukan original.",2,2024-12-06
user_3065,Mouse Wireless,Baru dipakai sebentar sudah rusak.,3,2023-11-26
user_4444,Smartphone Android,Kualitas sangat buruk.,2,2024-04-22
user_16758,Rak Sepatu,"Beli karena review bagus, ternyata zonk.",2,2024-04-23
user_23227,Skincare Serum,Sudah komplain tapi tidak ada solusi.,2,2024-04-04
user_2820,Skincare Serum,Sudah komplain tapi tidak ada solusi.,1,2024-03-07
user_11888,Headset Gaming,Warna tidak sesuai pesanan.,3,2024-07-22
user_7953,Sepatu Sneakers,Pengiriman sangat lama.,1,2023-09-30
user_17417,Parfum Wanita,"Barang cacat, sangat mengecewakan.",2,2024-07-05
user_8783,Keyboard Mechanical,Penjual tidak merespon chat.,3,2023-04-24
user_19702,Flashdisk 64GB,Produk kotor dan tidak layak pakai.,1,2023-08-15
user_4599,Flashdisk 64GB,Produk tidak sesuai gambar.,2,2024-03-11
user_7977,Keyboard Mechanical,"Beli karena review bagus, ternyata zonk.",1,2023-10-28
user_215,Kemeja Pria,Sudah komplain tapi tidak ada solusi.,3,2023-09-01
user_3906,Parfum Wanita,Terlalu mahal untuk kualitas seperti ini.,1,2023-07-04
user_11181,Celana Jeans,Barang rusak saat diterima.,1,2024-06-03
user_9265,Celana Jeans,Penjual tidak merespon chat.,3,2024-05-16
user_7467,Makeup Set,"Barang palsu, bukan original.",2,2023-08-16
user_21765,Smartphone Android,Produk tidak sesuai gambar.,3,2023-06-07
user_24152,Makeup Set,Sangat kecewa dengan produk ini.,1,2023-07-29
user_13283,Makeup Set,Sudah komplain tapi tidak ada solusi.,1,2023-12-19
user_15413,Buku Catatan,Baru dipakai sebentar sudah rusak.,3,2024-08-16
user_1644,Meja Belajar,Warna tidak sesuai pesanan.,3,2024-11-14
user_4791,Flashdisk 64GB,Kualitas sangat buruk.,1,2024-07-16
user_10837,Headset Gaming,Produk kotor dan tidak layak pakai.,1,2023-09-09
user_24743,Lampu Tidur,"Barang cacat, sangat mengecewakan.",2,2023-03-03
user_17831,Powerbank,Penjual tidak merespon chat.,2,2023-05-05
user_8707,Makeup Set,Ukuran tidak sesuai deskripsi.,3,2024-12-22
user_23059,Mouse Wireless,Packing asal-asalan.,2,2024-05-02
user_18118,Parfum Wanita,Barang tidak berfungsi dengan baik.,3,2024-03-26
user_13519,Makeup Set,"Beli karena review bagus, ternyata zonk.",2,2023-12-03
user_19039,Sepatu Sneakers,Barang tidak berfungsi dengan baik.,3,2024-09-08
user_2135,Smartphone Android,Packing asal-asalan.,1,2023-11-22
user_15057,Headset Gaming,Warna tidak sesuai pesanan.,3,2023-03-24
user_4098,Kursi Lipat,Baru dipakai sebentar sudah rusak.,1,2024-09-10
user_21850,Rak Sepatu,Tidak direkomendasikan sama sekali.,2,2024-09-26
user_16098,Flashdisk 64GB,"Barang cacat, sangat mengecewakan.",2,2023-10-18
user_2300,Kemeja Pria,Baru dipakai sebentar sudah rusak.,2,2023-04-07
user_5526,Kemeja Pria,"Barang cacat, sangat mengecewakan.",2,2024-04-26
user_24290,Jam Tangan Digital,"Barang cacat, sangat mengecewakan.",2,2024-09-26
user_438,Sepatu Sneakers,Barang tidak berfungsi dengan baik.,2,2024-09-13
user_10874,Flashdisk 64GB,Terlalu mahal untuk kualitas seperti ini.,3,2023-09-19
user_10389,Tas Wanita,Barang tidak berfungsi dengan baik.,2,2024-04-07
user_16837,Celana Jeans,Packing asal-asalan.,1,2024-05-07
user_19100,Sepatu Sneakers,"Servis buruk, tidak profesional.",2,2023-10-26
user_13583,Makeup Set,"Barang palsu, bukan original.",2,2023-08-03
user_6066,Lampu Tidur,Sudah komplain tapi tidak ada solusi.,3,2023-02-20
user_7603,Headset Gaming,Tidak direkomendasikan sama sekali.,1,2024-07-08
user_7135,Celana Jeans,Packing asal-asalan.,3,2023-02-18
user_5853,Buku Catatan,"Barang palsu, bukan original.",3,2023-11-10
user_19701,Mouse Wireless,Tidak direkomendasikan sama sekali.,3,2023-05-09
user_8476,Sepatu Sneakers,Terlalu mahal untuk kualitas seperti ini.,2,2024-02-24
user_619,Sepatu Sneakers,Produk kotor dan tidak layak pakai.,3,2024-06-16
user_12043,Skincare Serum,Produk tidak sesuai gambar.,2,2024-06-24
user_18349,Skincare Serum,"Barang palsu, bukan original.",2,2023-12-18
user_9923,Headset Gaming,"Barang cacat, sangat mengecewakan.",1,2023-10-27
user_21978,Sepatu Sneakers,Produk tidak sesuai gambar.,2,2024-06-12
user_21149,Kursi Lipat,Tidak direkomendasikan sama sekali.,1,2023-02-23
user_2972,Smartphone Android,Barang rusak saat diterima.,2,2024-06-04
user_14694,Keyboard Mechanical,Baru dipakai sebentar sudah rusak.,1,2023-04-22
user_23424,Kursi Lipat,Terlalu mahal untuk kualitas seperti ini.,3,2023-03-04
user_15300,Lampu Tidur,Barang tidak berfungsi dengan baik.,2,2024-11-22
user_20567,Parfum Wanita,"Servis buruk, tidak profesional.",3,2023-05-03
user_17216,Headset Gaming,Packing asal-asalan.,2,2023-01-01
user_8902,Kemeja Pria,Sudah komplain tapi tidak ada solusi.,3,2023-01-01
user_8481,Headset Gaming,Baru dipakai sebentar sudah rusak.,1,2023-05-08
user_8027,Jam Tangan Digital,"Barang palsu, bukan original.",1,2024-04-06
user_13762,Flashdisk 64GB,Produk kotor dan tidak layak pakai.,3,2023-05-22
user_21588,Mouse Wireless,Terlalu mahal untuk kualitas seperti ini.,3,2024-02-14
user_23803,Flashdisk 64GB,Warna tidak sesuai pesanan.,1,2023-01-20
user_4455,Rak Sepatu,Rating tinggi tapi kualitas rendah.,2,2024-10-20
user_8544,Kursi Lipat,"Beli karena review bagus, ternyata zonk.",3,2023-09-23
user_20637,Meja Belajar,Warna tidak sesuai pesanan.,3,2023-05-26
user_4411,Powerbank,Kualitas sangat buruk.,3,2024-10-24
user_13242,Smartphone Android,Ukuran tidak sesuai deskripsi.,3,2023-12-19
user_8062,Kemeja Pria,Sudah komplain tapi tidak ada solusi.,3,2023-08-03
user_22600,Kemeja Pria,Produk tidak sesuai gambar.,2,2023-05-31
user_5347,Buku Catatan,Packing asal-asalan.,1,2024-03-31
user_16533,Parfum Wanita,Terlalu mahal untuk kualitas seperti ini.,1,2023-01-31
user_2156,Flashdisk 64GB,Barang tidak berfungsi dengan baik.,1,2024-11-13
user_16682,Rak Sepatu,"Barang cacat, sangat mengecewakan.",1,2024-12-10
user_2282,Kursi Lipat,"Barang cacat, sangat mengecewakan.",3,2023-06-17
user_21264,Headset Gaming,Tidak direkomendasikan sama sekali.,2,2023-08-30
user_11282,Powerbank,Warna tidak sesuai pesanan.,2,2024-04-17
user_6471,Makeup Set,Packing asal-asalan.,1,2024-06-01
user_24121,Kemeja Pria,"Servis buruk, tidak profesional.",2,2023-04-28
user_964,Lampu Tidur,Terlalu mahal untuk kualitas seperti ini.,3,2024-06-13
user_12776,Headset Gaming,"Beli karena review bagus, ternyata zonk.",2,2023-12-14
user_3041,Lampu Tidur,Barang tidak berfungsi dengan baik.,1,2024-05-06
user_556,Jam Tangan Digital,Pengiriman sangat lama.,2,2023-01-03
user_11486,Buku Catatan,Produk kotor dan tidak layak pakai.,1,2023-07-02
user_16045,Skincare Serum,"Barang cacat, sangat mengecewakan.",2,2023-11-29
user_13048,Makeup Set,Baru dipakai sebentar sudah rusak.,3,2024-04-18
user_8348,Meja Belajar,Kualitas sangat buruk.,1,2024-10-11
user_6768,Mouse Wireless,"Servis buruk, tidak profesional.",2,2024-08-12
user_20964,Kemeja Pria,Baru dipakai sebentar sudah rusak.,3,2023-09-12
user_3572,Kaos Polos,Produk tidak sesuai gambar.,2,2024-11-03
user_21108,Parfum Wanita,Barang rusak saat diterima.,3,2024-01-24
user_20650,Keyboard Mechanical,Produk tidak sesuai gambar.,3,2023-10-22
user_17057,Smartphone Android,Sudah komplain tapi tidak ada solusi.,1,2024-01-31
user_4257,Lampu Tidur,Pengiriman sangat lama.,2,2024-12-30
user_11225,Parfum Wanita,Pengiriman sangat lama.,1,2023-01-01
user_19194,Headset Gaming,Kualitas sangat buruk.,1,2023-01-25
user_12284,Powerbank,Sudah komplain tapi tidak ada solusi.,3,2024-08-17
user_12377,Headset Gaming,Kualitas sangat buruk.,3,2024-06-17
user_9705,Tas Wanita,"Servis buruk, tidak profesional.",2,2024-06-24
user_20173,Skincare Serum,"Mantap, gak nyesel beli di sini.",4,2023-02-03
user_14331,Lampu Tidur,"Pelayanan cepat, packing aman, produk oke!",5,2023-04-03
user_17780,Tas Wanita,Warna dan bentuk persis seperti di gambar.,5,2023-02-05
user_8954,Jam Tangan Digital,Packing rapi dan aman sampai tujuan.,5,2024-05-23
parman68,Headset Bluetooth,"Sesuai deskripsi, kualitas oke dan tahan lama.",5,2024-09-28
user_14588,Makeup Set,Sangat puas dengan pelayanan toko ini.,5,2024-03-30
suwarnokamidin,Keyboard Mechanical,"Packing rapi banget, penjual ramah.",4,2025-01-20
virman84,Keyboard Mechanical,"Sudah belanja beberapa kali, selalu puas.",5,2024-10-29
user_695,Rak Sepatu,Top banget! Bakal order lagi nanti.,4,2024-12-10
rafidwijayanti,Lipstik Matte,"Sudah belanja beberapa kali, selalu puas.",5,2025-04-25
qprabowo,Sandals Pria,"Packing rapi banget, penjual ramah.",5,2025-01-11
suartinijaeman,Dompet Kulit,Barang sampai dengan aman dan cepat.,4,2024-07-07
prastutiajiono,Dompet Kulit,"Harga terjangkau, kualitas mantap!",5,2024-06-18
rtarihoran,Parfum Unisex,Barang sampai dengan aman dan cepat.,5,2024-12-05
nlazuardi,Tas Ransel,"Packing rapi banget, penjual ramah.",5,2025-01-27
qsalahudin,Mouse Wireless,"Packing rapi banget, penjual ramah.",5,2024-12-11
kajen25,Powerbank 10000mAh,"Produk bagus, bahan adem dan sesuai gambar.",4,2024-10-19
sinagagaduh,Kaos Oblong,"Sesuai deskripsi, kualitas oke dan tahan lama.",4,2024-11-19
oman77,Parfum Unisex,"Warnanya cantik dan tahan lama, puas banget!",5,2025-06-04
saadat43,Mouse Wireless,"Warnanya cantik dan tahan lama, puas banget!",4,2024-08-03
daryani25,Lipstik Matte,"Warnanya cantik dan tahan lama, puas banget!",4,2024-08-24
melaniraihan,Sandals Pria,"Harga terjangkau, kualitas mantap!",4,2024-09-25
gutami,Sepatu Sneakers,"Produk bagus, bahan adem dan sesuai gambar.",5,2024-11-02
suwarnogangsar,Kemeja Polos,Produk original dan kualitasnya premium.,4,2024-08-12
vhidayanto,Tumbler Stainless,"Produk bagus, bahan adem dan sesuai gambar.",5,2025-03-02
nugrohoxanana,Dompet Kulit,Produk original dan kualitasnya premium.,5,2024-06-26
ywidiastuti,Tas Ransel,"Harga terjangkau, kualitas mantap!",4,2024-11-13
oaryani,Headset Bluetooth,Barang sampai dengan aman dan cepat.,4,2024-10-07
candrakanta68,Keyboard Mechanical,"Produk bagus, bahan adem dan sesuai gambar.",5,2025-03-13
rinasaragih,Mouse Wireless,"Pengiriman cepat, packing rapi. Recommended!",4,2024-10-02
cahyosaptono,Powerbank 10000mAh,Produk original dan kualitasnya premium.,5,2025-02-15
jailanilasmono,Powerbank 10000mAh,"Harga terjangkau, kualitas mantap!",5,2024-08-12
rahayu39,Sepatu Sneakers,"Produk bagus, bahan adem dan sesuai gambar.",4,2025-01-14
rizki51,Tumbler Stainless,"Produk bagus, bahan adem dan sesuai gambar.",4,2025-05-21
othamrin,Sandals Pria,Produk original dan kualitasnya premium.,5,2025-03-06
riyantighani,Dompet Kulit,"Respon penjual cepat, barang dikirim hari itu juga.",4,2024-08-17
balapatilatupono,Kaos Oblong,"Pengiriman cepat, packing rapi. Recommended!",5,2024-12-14
jhardiansyah,Mouse Wireless,"Sudah belanja beberapa kali, selalu puas.",5,2024-09-12
gunawanrestu,Dompet Kulit,"Sesuai deskripsi, kualitas oke dan tahan lama.",5,2024-10-26
iprastuti,Sandals Pria,"Sudah belanja beberapa kali, selalu puas.",4,2024-06-24
zmustofa,Headset Bluetooth,Produk original dan kualitasnya premium.,4,2025-03-09
rosmanpalastri,Kemeja Polos,"Warnanya cantik dan tahan lama, puas banget!",5,2024-09-01
pranatalestari,Tumbler Stainless,"Pengiriman cepat, packing rapi. Recommended!",5,2024-08-17
jabalrahimah,Jaket Hoodie,"Produk bagus, bahan adem dan sesuai gambar.",5,2025-03-05
btarihoran,Tumbler Stainless,"Sesuai deskripsi, kualitas oke dan tahan lama.",4,2024-11-04
estiawan80,Headset Bluetooth,Produk original dan kualitasnya premium.,5,2024-09-17
qbudiman,Tumbler Stainless,Barang sampai dengan aman dan cepat.,4,2024-07-26
nsuryono,Headset Bluetooth,Barang sampai dengan aman dan cepat.,5,2025-05-10
labuhirawan,Mouse Wireless,"Pengiriman cepat, packing rapi. Recommended!",4,2024-08-28
adinata13,Sandals Pria,Barang sampai dengan aman dan cepat.,5,2025-03-15
adikaradamanik,Tumbler Stainless,"Packing rapi banget, penjual ramah.",5,2024-12-12
mwacana,Kemeja Polos,Produk original dan kualitasnya premium.,5,2024-06-24
uhastuti,Dompet Kulit,Produk original dan kualitasnya premium.,5,2025-01-27
khariyah,Jaket Hoodie,Produk original dan kualitasnya premium.,4,2024-11-26
akurniawan,Dompet Kulit,"Respon penjual cepat, barang dikirim hari itu juga.",4,2025-05-28
olestari,Mouse Wireless,"Sudah belanja beberapa kali, selalu puas.",4,2024-08-28
ganepmayasari,Lipstik Matte,Produk original dan kualitasnya premium.,5,2024-11-13
maraswahyuni,Jam Tangan Digital,Barang sampai dengan aman dan cepat.,5,2025-03-21
sadriansyah,Dompet Kulit,"Pengiriman cepat, packing rapi. Recommended!",5,2025-03-08
budiyantojabal,Tas Ransel,"Packing rapi banget, penjual ramah.",5,2024-09-26
gutama,Headset Bluetooth,Produk original dan kualitasnya premium.,5,2025-02-27
slamet54,Celana Jeans,"Sudah belanja beberapa kali, selalu puas.",5,2025-05-10
hardibudiyanto,Kemeja Polos,"Packing rapi banget, penjual ramah.",4,2024-08-06
lurhurpadmasari,Sandals Pria,"Warnanya cantik dan tahan lama, puas banget!",5,2024-12-15
unggulmarpaung,Celana Jeans,"Warnanya cantik dan tahan lama, puas banget!",5,2024-10-28
hassanahdalima,Jam Tangan Digital,Produk original dan kualitasnya premium.,4,2025-02-28
winarsihrini,Parfum Unisex,Barang sampai dengan aman dan cepat.,5,2025-04-20
puti66,Celana Jeans,"Warnanya cantik dan tahan lama, puas banget!",5,2025-05-28
sihombingwaluyo,Parfum Unisex,"Pengiriman cepat, packing rapi. Recommended!",5,2025-02-05
hasim85,Parfum Unisex,"Sesuai deskripsi, kualitas oke dan tahan lama.",4,2024-12-26
jaissuryono,Powerbank 10000mAh,"Sudah belanja beberapa kali, selalu puas.",5,2024-09-10
mustikaiswahyudi,Headset Bluetooth,"Respon penjual cepat, barang dikirim hari itu juga.",5,2025-05-24
laksitamulya,Keyboard Mechanical,"Produk bagus, bahan adem dan sesuai gambar.",5,2024-10-16
hlailasari,Powerbank 10000mAh,"Warnanya cantik dan tahan lama, puas banget!",4,2024-10-23
danang45,Sandals Pria,"Packing rapi banget, penjual ramah.",4,2025-03-13
hidayantoade,Sandals Pria,Produk original dan kualitasnya premium.,5,2024-06-24
rudiprasetyo,Mouse Wireless,"Sudah belanja beberapa kali, selalu puas.",5,2025-03-14
purwadimanullang,Mouse Wireless,"Warnanya cantik dan tahan lama, puas banget!",5,2024-11-28
hakimadiarja,Jaket Hoodie,Produk original dan kualitasnya premium.,4,2025-05-20
lasmono94,Sandals Pria,"Warnanya cantik dan tahan lama, puas banget!",4,2024-08-29
ipradipta,Kemeja Polos,"Harga terjangkau, kualitas mantap!",4,2025-03-20
pratiwicawuk,Kaos Oblong,"Produk bagus, bahan adem dan sesuai gambar.",5,2024-09-16
lalitaharyanto,Celana Jeans,"Respon penjual cepat, barang dikirim hari itu juga.",4,2025-03-19
bastuti,Lipstik Matte,"Sudah belanja beberapa kali, selalu puas.",4,2024-06-22
elvinmarpaung,Jaket Hoodie,"Sudah belanja beberapa kali, selalu puas.",5,2025-01-02
ardiantoomar,Powerbank 10000mAh,Produk original dan kualitasnya premium.,5,2024-12-13
tarihoransafina,Keyboard Mechanical,"Packing rapi banget, penjual ramah.",5,2024-09-05
rwijayanti,Tas Ransel,Barang sampai dengan aman dan cepat.,5,2024-07-26
gunartoutama,Sandals Pria,"Packing rapi banget, penjual ramah.",4,2025-01-24
utamimakara,Lipstik Matte,"Produk bagus, bahan adem dan sesuai gambar.",5,2024-07-19
galih58,Sepatu Sneakers,"Respon penjual cepat, barang dikirim hari itu juga.",5,2025-02-17
yriyanti,Lipstik Matte,Barang sampai dengan aman dan cepat.,5,2025-02-10
yuniargilda,Keyboard Mechanical,"Packing rapi banget, penjual ramah.",5,2025-03-16
siraitazalea,Parfum Unisex,"Sudah belanja beberapa kali, selalu puas.",5,2025-04-10
purnawatijabal,Kaos Oblong,"Produk bagus, bahan adem dan sesuai gambar.",5,2025-03-10
raharjapalastri,Lipstik Matte,"Sudah belanja beberapa kali, selalu puas.",5,2024-10-03
nmandasari,Headset Bluetooth,"Harga terjangkau, kualitas mantap!",5,2025-01-25
wardaya71,Sandals Pria,Barang sampai dengan aman dan cepat.,5,2024-11-09
adityahabibi,Headset Bluetooth,"Harga terjangkau, kualitas mantap!",4,2024-12-20
quyainah,Parfum Unisex,Barang sampai dengan aman dan cepat.,4,2024-10-20
wijayagantar,Sepatu Sneakers,"Harga terjangkau, kualitas mantap!",5,2024-12-26
marsito28,Parfum Unisex,"Pengiriman cepat, packing rapi. Recommended!",5,2024-06-23
ikin17,Lipstik Matte,"Packing rapi banget, penjual ramah.",5,2024-09-27
gilang34,Keyboard Mechanical,"Sudah belanja beberapa kali, selalu puas.",4,2025-01-09
sinagaendah,Kaos Oblong,"Respon penjual cepat, barang dikirim hari itu juga.",5,2025-05-10
sudiatieva,Mouse Wireless,"Harga terjangkau, kualitas mantap!",4,2024-06-14
cmarpaung,Sepatu Sneakers,"Sudah belanja beberapa kali, selalu puas.",5,2025-01-23
rutama,Celana Jeans,"Sudah belanja beberapa kali, selalu puas.",4,2024-11-02
yolandabakiadi,Dompet Kulit,Barang sampai dengan aman dan cepat.,5,2025-02-07
ulvausada,Keyboard Mechanical,"Packing rapi banget, penjual ramah.",5,2025-03-09
emplukjanuar,Lipstik Matte,"Harga terjangkau, kualitas mantap!",5,2025-01-21
karjadongoran,Kaos Oblong,"Sesuai deskripsi, kualitas oke dan tahan lama.",5,2024-11-14
ana43,Lipstik Matte,"Sudah belanja beberapa kali, selalu puas.",4,2024-06-19
ade20,Lipstik Matte,"Respon penjual cepat, barang dikirim hari itu juga.",5,2025-05-19
gpermata,Parfum Unisex,"Respon penjual cepat, barang dikirim hari itu juga.",5,2025-04-29
zaenabzulaika,Dompet Kulit,Barang sampai dengan aman dan cepat.,5,2024-11-02
sihotangbakidin,Sepatu Sneakers,"Sudah belanja beberapa kali, selalu puas.",5,2025-03-01
damanikbalapati,Headset Bluetooth,"Sudah belanja beberapa kali, selalu puas.",5,2024-08-24
namagadanuja,Headset Bluetooth,"Sudah belanja beberapa kali, selalu puas.",5,2024-11-01
kayla83,Jaket Hoodie,"Warnanya cantik dan tahan lama, puas banget!",5,2024-07-15
rdamanik,Mouse Wireless,"Packing rapi banget, penjual ramah.",5,2024-09-11
halimahvino,Powerbank 10000mAh,Barang sampai dengan aman dan cepat.,5,2024-09-03
unggulmardhiyah,Sepatu Sneakers,"Packing rapi banget, penjual ramah.",4,2024-12-19
gangsar18,Parfum Unisex,Barang sampai dengan aman dan cepat.,4,2025-02-13
prasetyojagaraga,Powerbank 10000mAh,Produk original dan kualitasnya premium.,4,2025-04-09
qmandala,Jaket Hoodie,"Respon penjual cepat, barang dikirim hari itu juga.",5,2024-11-21
ysuryono,Jam Tangan Digital,"Packing rapi banget, penjual ramah.",5,2025-01-04
shastuti,Powerbank 10000mAh,Produk original dan kualitasnya premium.,4,2024-08-25
ega93,Mouse Wireless,Barang sampai dengan aman dan cepat.,4,2025-01-30
gaimanmaulana,Jaket Hoodie,"Pengiriman cepat, packing rapi. Recommended!",4,2024-07-08
klestari,Tas Ransel,"Sudah belanja beberapa kali, selalu puas.",4,2024-08-06
hendra63,Celana Jeans,"Warnanya cantik dan tahan lama, puas banget!",4,2024-10-22
lnajmudin,Lipstik Matte,"Warnanya cantik dan tahan lama, puas banget!",4,2024-07-04
usyi19,Headset Bluetooth,"Packing rapi banget, penjual ramah.",5,2025-01-19
hakimalambana,Jaket Hoodie,"Pengiriman cepat, packing rapi. Recommended!",5,2024-06-25
lasmanto80,Kaos Oblong,"Produk bagus, bahan adem dan sesuai gambar.",4,2024-07-22
natsirluis,Parfum Unisex,"Harga terjangkau, kualitas mantap!",5,2025-05-25
adriansyahirsad,Celana Jeans,"Warnanya cantik dan tahan lama, puas banget!",4,2025-06-11
viktor91,Kaos Oblong,Produk original dan kualitasnya premium.,5,2024-09-14
laksmiwatidrajat,Lipstik Matte,Produk original dan kualitasnya premium.,5,2025-04-30
zulkarnainraditya,Dompet Kulit,"Pengiriman cepat, packing rapi. Recommended!",5,2025-04-05
kasiran52,Lipstik Matte,"Pengiriman cepat, packing rapi. Recommended!",5,2024-08-14
chastuti,Tumbler Stainless,"Produk bagus, bahan adem dan sesuai gambar.",5,2024-06-21
ridwanriyanti,Lipstik Matte,"Packing rapi banget, penjual ramah.",5,2024-12-20
xharyanto,Mouse Wireless,"Packing rapi banget, penjual ramah.",4,2024-09-18
ibrahimsiregar,Jam Tangan Digital,Produk original dan kualitasnya premium.,4,2024-08-26
csitompul,Mouse Wireless,"Warnanya cantik dan tahan lama, puas banget!",5,2025-02-12
dartonohutasoit,Sandals Pria,Produk original dan kualitasnya premium.,5,2025-01-29
qhidayat,Sepatu Sneakers,"Packing rapi banget, penjual ramah.",5,2024-10-01
jhabibi,Dompet Kulit,Produk original dan kualitasnya premium.,5,2024-11-16
marsito40,Headset Bluetooth,"Pengiriman cepat, packing rapi. Recommended!",4,2025-01-30
purnawatiulya,Jaket Hoodie,"Packing rapi banget, penjual ramah.",5,2025-04-25
smegantara,Kemeja Polos,"Sesuai deskripsi, kualitas oke dan tahan lama.",5,2025-04-13
alambana50,Lipstik Matte,"Packing rapi banget, penjual ramah.",4,2024-08-14
warsita36,Dompet Kulit,"Sudah belanja beberapa kali, selalu puas.",4,2025-02-21
lwulandari,Headset Bluetooth,"Produk bagus, bahan adem dan sesuai gambar.",5,2025-03-19
tambahardana,Jaket Hoodie,"Sesuai deskripsi, kualitas oke dan tahan lama.",5,2024-09-26
cahyanto54,Lipstik Matte,"Sesuai deskripsi, kualitas oke dan tahan lama.",4,2024-09-08
sihombingbudi,Powerbank 10000mAh,"Pengiriman cepat, packing rapi. Recommended!",4,2025-03-04
irfan91,Celana Jeans,"Produk bagus, bahan adem dan sesuai gambar.",4,2025-04-18
vpermadi,Dompet Kulit,Barang sampai dengan aman dan cepat.,5,2024-07-30
luthfimarpaung,Sandals Pria,"Sesuai deskripsi, kualitas oke dan tahan lama.",5,2025-04-20
dwinarno,Dompet Kulit,"Sesuai deskripsi, kualitas oke dan tahan lama.",5,2025-04-26
cdamanik,Kemeja Polos,Barang sampai dengan aman dan cepat.,5,2025-02-04
upikhalimah,Mouse Wireless,"Packing rapi banget, penjual ramah.",5,2025-01-10
jmaryadi,Sepatu Sneakers,"Pengiriman cepat, packing rapi. Recommended!",5,2024-11-10
karsasalahudin,Kemeja Polos,"Sudah belanja beberapa kali, selalu puas.",5,2025-05-26
vino91,Kaos Oblong,"Warnanya cantik dan tahan lama, puas banget!",4,2024-07-14
mpudjiastuti,Tas Ransel,Produk original dan kualitasnya premium.,4,2025-06-05
elisa29,Tas Ransel,Produk original dan kualitasnya premium.,4,2024-12-05
gmaryadi,Jaket Hoodie,Barang sampai dengan aman dan cepat.,5,2024-10-17
wsaragih,Kaos Oblong,"Packing rapi banget, penjual ramah.",5,2024-07-21
buditarihoran,Sandals Pria,"Respon penjual cepat, barang dikirim hari itu juga.",5,2024-12-11
prayogo15,Sepatu Sneakers,"Sudah belanja beberapa kali, selalu puas.",5,2024-12-28
vero95,Jaket Hoodie,Produk original dan kualitasnya premium.,5,2024-07-03
sfarida,Mouse Wireless,"Pengiriman cepat, packing rapi. Recommended!",4,2025-03-11
mardhiyahemil,Celana Jeans,"Sesuai deskripsi, kualitas oke dan tahan lama.",4,2024-08-03
purwadi23,Mouse Wireless,"Packing rapi banget, penjual ramah.",4,2024-11-22
fsihombing,Lipstik Matte,"Produk bagus, bahan adem dan sesuai gambar.",5,2025-06-04
adityaandriani,Jaket Hoodie,"Respon penjual cepat, barang dikirim hari itu juga.",5,2025-03-21
ntampubolon,Parfum Unisex,"Respon penjual cepat, barang dikirim hari itu juga.",4,2024-12-04
kurniawancahyono,Sandals Pria,"Produk bagus, bahan adem dan sesuai gambar.",5,2025-05-12
amansur,Headset Bluetooth,"Harga terjangkau, kualitas mantap!",4,2024-07-26
swahyudin,Kaos Oblong,"Sesuai deskripsi, kualitas oke dan tahan lama.",5,2025-01-25
jatmiko22,Jaket Hoodie,Barang sampai dengan aman dan cepat.,5,2024-09-14
citra71,Celana Jeans,Produk original dan kualitasnya premium.,5,2024-08-30
saadat97,Tas Ransel,"Packing rapi banget, penjual ramah.",5,2025-05-19
slametnamaga,Kemeja Polos,Produk original dan kualitasnya premium.,4,2025-04-10
indahpudjiastuti,Jaket Hoodie,"Sesuai deskripsi, kualitas oke dan tahan lama.",5,2024-06-28
mastuti,Kaos Oblong,"Harga terjangkau, kualitas mantap!",4,2024-08-27
wacanawahyu,Dompet Kulit,Produk original dan kualitasnya premium.,5,2024-11-07
trahayu,Jam Tangan Digital,"Warnanya cantik dan tahan lama, puas banget!",5,2025-04-12
harimurtimustofa,Sandals Pria,Barang sampai dengan aman dan cepat.,5,2025-05-04
yahyaprastuti,Sandals Pria,"Respon penjual cepat, barang dikirim hari itu juga.",5,2024-10-26
wastutipaiman,Jaket Hoodie,"Sudah belanja beberapa kali, selalu puas.",5,2024-10-29
qnatsir,Jam Tangan Digital,Barang sampai dengan aman dan cepat.,5,2025-03-22
simanjuntakhardana,Kemeja Polos,"Harga terjangkau, kualitas mantap!",4,2025-01-10
irnanto84,Headset Bluetooth,"Pengiriman cepat, packing rapi. Recommended!",5,2025-04-26
kairav28,Tumbler Stainless,"Warnanya cantik dan tahan lama, puas banget!",4,2025-04-30
januardaliman,Jam Tangan Digital,"Pengiriman cepat, packing rapi. Recommended!",5,2025-04-10
jhastuti,Kemeja Polos,"Warnanya cantik dan tahan lama, puas banget!",5,2025-01-05
kardi44,Celana Jeans,"Warnanya cantik dan tahan lama, puas banget!",5,2024-11-12
jsihombing,Headset Bluetooth,"Respon penjual cepat, barang dikirim hari itu juga.",5,2025-04-02
lurhurnuraini,Headset Bluetooth,"Sudah belanja beberapa kali, selalu puas.",4,2025-03-18
imamnababan,Dompet Kulit,"Packing rapi banget, penjual ramah.",5,2025-05-05
uyainahkadir,Kaos Oblong,"Sesuai deskripsi, kualitas oke dan tahan lama.",5,2024-11-28
ghaliyatisitorus,Keyboard Mechanical,"Sesuai deskripsi, kualitas oke dan tahan lama.",4,2024-06-18
wulan44,Kemeja Polos,Produk original dan kualitasnya premium.,4,2024-07-05
npermata,Tumbler Stainless,"Respon penjual cepat, barang dikirim hari itu juga.",5,2024-12-02
wawan15,Tas Ransel,"Harga terjangkau, kualitas mantap!",5,2024-10-05
indrawinarno,Kaos Oblong,"Harga terjangkau, kualitas mantap!",5,2024-12-11
fharyanti,Kemeja Polos,"Sudah belanja beberapa kali, selalu puas.",5,2024-10-17
prasetyahadi,Powerbank 10000mAh,"Sudah belanja beberapa kali, selalu puas.",5,2024-09-13
salahudineka,Jam Tangan Digital,"Produk bagus, bahan adem dan sesuai gambar.",5,2024-08-18
luhungandriani,Sandals Pria,"Packing rapi banget, penjual ramah.",5,2025-02-13
mursita18,Jaket Hoodie,Produk original dan kualitasnya premium.,4,2025-01-31
cahyo18,Jam Tangan Digital,"Respon penjual cepat, barang dikirim hari itu juga.",5,2024-07-20
tantri00,Tas Ransel,"Respon penjual cepat, barang dikirim hari itu juga.",5,2024-08-05
lasmantosaputra,Jam Tangan Digital,Barang sampai dengan aman dan cepat.,4,2024-12-05
paulin57,Powerbank 10000mAh,"Pengiriman cepat, packing rapi. Recommended!",5,2024-06-22
rafiuwais,Jaket Hoodie,"Respon penjual cepat, barang dikirim hari itu juga.",5,2024-12-31
salmananggriawan,Kemeja Polos,"Pengiriman cepat, packing rapi. Recommended!",5,2025-04-07
ibrahimsudiati,Powerbank 10000mAh,"Packing rapi banget, penjual ramah.",4,2025-04-20
wibowohana,Kaos Oblong,"Sudah belanja beberapa kali, selalu puas.",5,2025-04-02
ridwan75,Dompet Kulit,"Pengiriman cepat, packing rapi. Recommended!",5,2025-04-09
jagaragaagustina,Sandals Pria,"Respon penjual cepat, barang dikirim hari itu juga.",4,2024-11-27
nlaksita,Parfum Unisex,"Pengiriman cepat, packing rapi. Recommended!",5,2024-08-17
pmarpaung,Jaket Hoodie,"Pengiriman cepat, packing rapi. Recommended!",5,2025-05-28
tasnimnainggolan,Kaos Oblong,"Sesuai deskripsi, kualitas oke dan tahan lama.",5,2025-02-03
lembahiswahyudi,Powerbank 10000mAh,"Harga terjangkau, kualitas mantap!",4,2025-02-22
citra90,Lipstik Matte,"Harga terjangkau, kualitas mantap!",5,2024-11-14
klailasari,Keyboard Mechanical,"Sudah belanja beberapa kali, selalu puas.",5,2024-11-23
wisnuutama,Tumbler Stainless,Produk original dan kualitasnya premium.,4,2024-09-15
ksantoso,Keyboard Mechanical,"Pengiriman cepat, packing rapi. Recommended!",5,2025-01-14
astutipardi,Sepatu Sneakers,"Sesuai deskripsi, kualitas oke dan tahan lama.",4,2025-05-02
sitompulrachel,Sandals Pria,"Harga terjangkau, kualitas mantap!",4,2025-03-22
wirasiregar,Tas Ransel,"Respon penjual cepat, barang dikirim hari itu juga.",4,2025-02-14
jarwi98,Jam Tangan Digital,"Sesuai deskripsi, kualitas oke dan tahan lama.",4,2025-05-23
hyulianti,Kaos Oblong,Barang sampai dengan aman dan cepat.,5,2024-08-23
rahmawatinurul,Dompet Kulit,"Sudah belanja beberapa kali, selalu puas.",4,2025-02-27
jiswahyudi,Kaos Oblong,Barang sampai dengan aman dan cepat.,5,2024-08-12
zmanullang,Sandals Pria,"Respon penjual cepat, barang dikirim hari itu juga.",5,2024-09-08
santosolukita,Dompet Kulit,"Packing rapi banget, penjual ramah.",5,2025-03-20
fsitorus,Sepatu Sneakers,Barang sampai dengan aman dan cepat.,5,2025-02-13
vsaragih,Tumbler Stainless,"Sesuai deskripsi, kualitas oke dan tahan lama.",5,2025-01-25
leoharyanto,Jaket Hoodie,Produk original dan kualitasnya premium.,5,2024-10-25
raihanhartati,Powerbank 10000mAh,"Sudah belanja beberapa kali, selalu puas.",5,2025-05-17
pertiwicarub,Sandals Pria,"Sesuai deskripsi, kualitas oke dan tahan lama.",5,2025-05-19
vhutasoit,Jam Tangan Digital,"Respon penjual cepat, barang dikirim hari itu juga.",5,2025-03-06
maimunah90,Tas Ransel,Produk original dan kualitasnya premium.,5,2025-04-11
padmiadriansyah,Keyboard Mechanical,"Packing rapi banget, penjual ramah.",5,2025-03-20
nasyidahibrahim,Mouse Wireless,"Produk bagus, bahan adem dan sesuai gambar.",5,2024-12-16
rahimahibun,Celana Jeans,"Produk bagus, bahan adem dan sesuai gambar.",5,2025-06-09
mahfud19,Sepatu Sneakers,Barang sampai dengan aman dan cepat.,5,2025-02-09
uyainahmaryanto,Keyboard Mechanical,Barang sampai dengan aman dan cepat.,5,2024-12-15
ksiregar,Mouse Wireless,"Harga terjangkau, kualitas mantap!",4,2025-01-28
vhardiansyah,Tumbler Stainless,"Pengiriman cepat, packing rapi. Recommended!",5,2024-09-13
virman87,Parfum Unisex,"Harga terjangkau, kualitas mantap!",5,2024-12-24
raihan81,Mouse Wireless,"Sudah belanja beberapa kali, selalu puas.",5,2025-05-19
suryawahyudin,Sepatu Sneakers,"Sudah belanja beberapa kali, selalu puas.",5,2024-12-22
samsulsetiawan,Keyboard Mechanical,"Respon penjual cepat, barang dikirim hari itu juga.",5,2025-03-03
farah24,Headset Bluetooth,Produk original dan kualitasnya premium.,5,2024-08-17
ilyashakim,Keyboard Mechanical,Produk original dan kualitasnya premium.,5,2025-05-23
najmudinclara,Lipstik Matte,"Pengiriman cepat, packing rapi. Recommended!",5,2025-01-07
asirwandadamanik,Sepatu Sneakers,"Respon penjual cepat, barang dikirim hari itu juga.",5,2025-01-31
kusumomaryanto,Sepatu Sneakers,"Respon penjual cepat, barang dikirim hari itu juga.",5,2025-04-08
karimahuyainah,Mouse Wireless,"Pengiriman cepat, packing rapi. Recommended!",5,2025-06-07
riyantibakianto,Sandals Pria,"Produk bagus, bahan adem dan sesuai gambar.",5,2025-03-22
sudiatititin,Jam Tangan Digital,"Produk bagus, bahan adem dan sesuai gambar.",4,2025-03-29
eprakasa,Kaos Oblong,"Harga terjangkau, kualitas mantap!",5,2024-12-28
jayadi32,Tumbler Stainless,"Respon penjual cepat, barang dikirim hari itu juga.",5,2024-12-02
bahuraksalailasari,Tumbler Stainless,"Produk bagus, bahan adem dan sesuai gambar.",5,2025-05-09
galakpudjiastuti,Powerbank 10000mAh,"Sudah belanja beberapa kali, selalu puas.",5,2025-03-02
ipertiwi,Tas Ransel,Produk original dan kualitasnya premium.,5,2025-03-12
eandriani,Powerbank 10000mAh,"Sudah belanja beberapa kali, selalu puas.",5,2025-03-17
winarsihkarja,Keyboard Mechanical,"Harga terjangkau, kualitas mantap!",5,2025-06-12
widiastutihilda,Kaos Oblong,"Produk bagus, bahan adem dan sesuai gambar.",4,2024-06-13
novitasarimulya,Mouse Wireless,"Produk bagus, bahan adem dan sesuai gambar.",5,2025-05-30
yhutasoit,Dompet Kulit,"Harga terjangkau, kualitas mantap!",4,2025-05-28
xputra,Keyboard Mechanical,"Packing rapi banget, penjual ramah.",5,2024-08-27
bputra,Kaos Oblong,"Pengiriman cepat, packing rapi. Recommended!",5,2024-07-01
wira30,Celana Jeans,"Sudah belanja beberapa kali, selalu puas.",5,2025-06-05
yogapadmasari,Lipstik Matte,"Harga terjangkau, kualitas mantap!",5,2025-03-07
harjaya42,Keyboard Mechanical,"Warnanya cantik dan tahan lama, puas banget!",5,2024-12-04
ozulkarnain,Jam Tangan Digital,"Sesuai deskripsi, kualitas oke dan tahan lama.",4,2025-01-04
slatupono,Powerbank 10000mAh,"Sesuai deskripsi, kualitas oke dan tahan lama.",5,2025-04-12
maheswarakarya,Headset Bluetooth,"Harga terjangkau, kualitas mantap!",5,2024-07-18
ajionorajata,Tumbler Stainless,Barang sampai dengan aman dan cepat.,4,2025-01-16
manullanglutfan,Kemeja Polos,"Produk bagus, bahan adem dan sesuai gambar.",5,2025-02-03
mahmudprasetyo,Keyboard Mechanical,"Harga terjangkau, kualitas mantap!",5,2024-11-22
vanesa11,Jaket Hoodie,Barang sampai dengan aman dan cepat.,5,2024-11-23
iprayoga,Headset Bluetooth,"Sudah belanja beberapa kali, selalu puas.",5,2025-04-27
putri80,Kemeja Polos,"Harga terjangkau, kualitas mantap!",5,2024-12-18
maryaticatur,Parfum Unisex,Barang sampai dengan aman dan cepat.,4,2024-11-07
kmegantara,Tas Ransel,"Sesuai deskripsi, kualitas oke dan tahan lama.",4,2025-05-19
firmansyahwidya,Parfum Unisex,"Packing rapi banget, penjual ramah.",4,2025-05-29
sihombingdalimin,Parfum Unisex,"Pengiriman cepat, packing rapi. Recommended!",5,2024-11-24
gsalahudin,Kemeja Polos,"Packing rapi banget, penjual ramah.",5,2024-09-20
luluh52,Parfum Unisex,"Sudah belanja beberapa kali, selalu puas.",4,2025-01-15
yzulaika,Jam Tangan Digital,"Sudah belanja beberapa kali, selalu puas.",5,2025-01-01
lazuardiviman,Lipstik Matte,"Packing rapi banget, penjual ramah.",5,2024-08-01
edison97,Jam Tangan Digital,"Sesuai deskripsi, kualitas oke dan tahan lama.",4,2024-08-13
makarasantoso,Kemeja Polos,"Pengiriman cepat, packing rapi. Recommended!",5,2025-04-26
atma84,Headset Bluetooth,"Sesuai deskripsi, kualitas oke dan tahan lama.",5,2024-08-20
oni30,Sepatu Sneakers,"Sudah belanja beberapa kali, selalu puas.",5,2024-09-10
sihombingradit,Sandals Pria,"Packing rapi banget, penjual ramah.",5,2025-02-07
khutagalung,Sepatu Sneakers,"Pengiriman cepat, packing rapi. Recommended!",5,2025-03-14
vero19,Parfum Unisex,"Sudah belanja beberapa kali, selalu puas.",5,2024-08-06
widodocagak,Kemeja Polos,Produk original dan kualitasnya premium.,4,2025-02-02
yancemarbun,Kemeja Polos,"Packing rapi banget, penjual ramah.",5,2025-03-24
estiawanprasetyo,Tas Ransel,Barang sampai dengan aman dan cepat.,5,2024-12-20
titisinaga,Mouse Wireless,"Sesuai deskripsi, kualitas oke dan tahan lama.",5,2025-02-08
dalimaoktaviani,Tumbler Stainless,"Warnanya cantik dan tahan lama, puas banget!",4,2024-12-24
ayu62,Powerbank 10000mAh,"Harga terjangkau, kualitas mantap!",4,2024-08-18
nurainipurwanto,Sandals Pria,"Sudah belanja beberapa kali, selalu puas.",5,2024-09-18
wijayaeva,Headset Bluetooth,"Produk bagus, bahan adem dan sesuai gambar.",5,2025-03-11
gardianto,Jam Tangan Digital,"Sudah belanja beberapa kali, selalu puas.",5,2025-03-17
ysimbolon,Dompet Kulit,Barang sampai dengan aman dan cepat.,5,2025-06-06
andrianileo,Parfum Unisex,"Produk bagus, bahan adem dan sesuai gambar.",5,2025-06-11
alaksmiwati,Kemeja Polos,"Sesuai deskripsi, kualitas oke dan tahan lama.",4,2024-06-19
prasetyagarda,Parfum Unisex,"Harga terjangkau, kualitas mantap!",5,2024-07-07
kani69,Dompet Kulit,"Sesuai deskripsi, kualitas oke dan tahan lama.",4,2024-08-26
zulaikaumi,Jam Tangan Digital,"Pengiriman cepat, packing rapi. Recommended!",4,2025-01-19
cawuk14,Kaos Oblong,"Sesuai deskripsi, kualitas oke dan tahan lama.",5,2025-02-11
lananghalimah,Lipstik Matte,"Produk bagus, bahan adem dan sesuai gambar.",5,2024-07-30
jumari09,Sandals Pria,Produk original dan kualitasnya premium.,4,2024-12-13
jaemanpalastri,Dompet Kulit,"Packing rapi banget, penjual ramah.",4,2024-12-11
kkusumo,Celana Jeans,"Produk bagus, bahan adem dan sesuai gambar.",5,2025-01-16
mujurdabukke,Parfum Unisex,"Packing rapi banget, penjual ramah.",5,2025-02-28
eharyanto,Lipstik Matte,"Sesuai deskripsi, kualitas oke dan tahan lama.",5,2025-02-28
hamzah70,Tas Ransel,"Sesuai deskripsi, kualitas oke dan tahan lama.",5,2024-07-01
gaduh44,Mouse Wireless,"Harga terjangkau, kualitas mantap!",4,2024-12-27
prabawanasyiah,Powerbank 10000mAh,"Sesuai deskripsi, kualitas oke dan tahan lama.",4,2025-01-27
dpurwanti,Kaos Oblong,"Harga terjangkau, kualitas mantap!",4,2025-01-30
mala12,Kemeja Polos,Produk original dan kualitasnya premium.,5,2024-08-23
ynurdiyanti,Powerbank 10000mAh,"Respon penjual cepat, barang dikirim hari itu juga.",5,2025-03-20
puspasariratna,Powerbank 10000mAh,"Produk bagus, bahan adem dan sesuai gambar.",5,2024-12-12
xmustofa,Jam Tangan Digital,"Harga terjangkau, kualitas mantap!",4,2025-05-19
wahyuniraina,Sandals Pria,"Packing rapi banget, penjual ramah.",5,2025-02-27
dprayoga,Kemeja Polos,"Pengiriman cepat, packing rapi. Recommended!",5,2025-02-28
awaskita,Tumbler Stainless,Produk original dan kualitasnya premium.,4,2025-04-07
novi99,Powerbank 10000mAh,"Warnanya cantik dan tahan lama, puas banget!",4,2025-05-26
cemeti89,Dompet Kulit,"Sudah belanja beberapa kali, selalu puas.",5,2024-06-22
suartinisalsabila,Keyboard Mechanical,"Packing rapi banget, penjual ramah.",5,2025-02-22
makara94,Keyboard Mechanical,"Packing rapi banget, penjual ramah.",5,2025-02-03
raditprasetya,Sepatu Sneakers,Barang sampai dengan aman dan cepat.,5,2024-09-08
jindra19,Parfum Unisex,"Harga terjangkau, kualitas mantap!",5,2024-06-14
tasnimsirait,Celana Jeans,"Pengiriman cepat, packing rapi. Recommended!",5,2024-12-28
rahayu75,Celana Jeans,"Sudah belanja beberapa kali, selalu puas.",5,2024-06-30
jprayoga,Jam Tangan Digital,"Pengiriman cepat, packing rapi. Recommended!",5,2024-08-29
megantarakambali,Tumbler Stainless,"Pengiriman cepat, packing rapi. Recommended!",5,2025-02-14
daru64,Tas Ransel,Produk original dan kualitasnya premium.,5,2024-10-05
atarihoran,Tas Ransel,"Produk bagus, bahan adem dan sesuai gambar.",5,2025-04-17
cawisonosaragih,Tas Ransel,"Pengiriman cepat, packing rapi. Recommended!",5,2025-04-12
cinthia65,Jam Tangan Digital,"Harga terjangkau, kualitas mantap!",5,2025-05-03
sakurawaskita,Keyboard Mechanical,"Pengiriman cepat, packing rapi. Recommended!",5,2024-08-07
gwahyudin,Lipstik Matte,"Sesuai deskripsi, kualitas oke dan tahan lama.",4,2025-03-31
jrahayu,Sepatu Sneakers,"Sudah belanja beberapa kali, selalu puas.",5,2024-10-15
mwahyuni,Headset Bluetooth,Barang sampai dengan aman dan cepat.,5,2025-02-24
prasetyasaputra,Jam Tangan Digital,"Sudah belanja beberapa kali, selalu puas.",5,2024-11-05
qmarpaung,Celana Jeans,Produk original dan kualitasnya premium.,4,2025-02-01
waluyoemil,Dompet Kulit,"Respon penjual cepat, barang dikirim hari itu juga.",4,2024-09-25
pudjiastutidadi,Powerbank 10000mAh,"Sudah belanja beberapa kali, selalu puas.",5,2024-07-09
oktavianisaadat,Celana Jeans,"Harga terjangkau, kualitas mantap!",5,2025-03-24
natalia64,Tumbler Stainless,Barang sampai dengan aman dan cepat.,4,2024-11-01
alambanahutagalung,Jam Tangan Digital,Produk original dan kualitasnya premium.,4,2024-10-15
oktojanuar,Dompet Kulit,"Sudah belanja beberapa kali, selalu puas.",4,2024-07-26
iwinarno,Sepatu Sneakers,"Packing rapi banget, penjual ramah.",5,2025-01-15
kawaca66,Kemeja Polos,"Sudah belanja beberapa kali, selalu puas.",5,2025-03-14
wahyuniatmaja,Sandals Pria,"Packing rapi banget, penjual ramah.",4,2024-10-14
dongoranadikara,Kaos Oblong,"Respon penjual cepat, barang dikirim hari itu juga.",4,2024-10-10
harja17,Celana Jeans,"Warnanya cantik dan tahan lama, puas banget!",4,2025-04-22
siraitgading,Tumbler Stainless,"Harga terjangkau, kualitas mantap!",5,2025-01-19
jail00,Lipstik Matte,"Sudah belanja beberapa kali, selalu puas.",5,2024-07-15
balidin42,Mouse Wireless,"Packing rapi banget, penjual ramah.",5,2025-01-12
pratiwiwage,Headset Bluetooth,"Packing rapi banget, penjual ramah.",5,2025-01-27
jaka29,Jam Tangan Digital,"Packing rapi banget, penjual ramah.",5,2025-01-01
marsudi73,Sandals Pria,"Sudah belanja beberapa kali, selalu puas.",5,2025-01-20
xtampubolon,Keyboard Mechanical,"Pengiriman cepat, packing rapi. Recommended!",5,2024-09-19
rikanababan,Lipstik Matte,"Harga terjangkau, kualitas mantap!",5,2024-09-30
elisa18,Dompet Kulit,Barang sampai dengan aman dan cepat.,5,2024-09-24
agustinavicky,Keyboard Mechanical,"Produk bagus, bahan adem dan sesuai gambar.",4,2024-12-15
nurainikawaya,Jaket Hoodie,"Warnanya cantik dan tahan lama, puas banget!",5,2025-03-09
dadap64,Parfum Unisex,"Produk bagus, bahan adem dan sesuai gambar.",4,2024-09-19
yuliartiemas,Keyboard Mechanical,"Respon penjual cepat, barang dikirim hari itu juga.",4,2024-06-19
nashiruddinbahuwirya,Lipstik Matte,"Produk bagus, bahan adem dan sesuai gambar.",5,2024-09-15
zelda65,Keyboard Mechanical,"Sudah belanja beberapa kali, selalu puas.",5,2024-11-21
santosotania,Keyboard Mechanical,"Harga terjangkau, kualitas mantap!",4,2025-06-03
dagelsuwarno,Powerbank 10000mAh,"Respon penjual cepat, barang dikirim hari itu juga.",4,2024-10-30
prayogakasiran,Celana Jeans,Produk original dan kualitasnya premium.,5,2025-05-10
wzulaika,Jam Tangan Digital,Barang sampai dengan aman dan cepat.,4,2024-12-23
gabriellaprasetya,Keyboard Mechanical,"Pengiriman cepat, packing rapi. Recommended!",5,2025-03-10
yuliayuliarti,Kemeja Polos,Produk original dan kualitasnya premium.,4,2025-02-17
twidodo,Kemeja Polos,"Sudah belanja beberapa kali, selalu puas.",4,2025-02-25
qfirmansyah,Jaket Hoodie,"Produk bagus, bahan adem dan sesuai gambar.",4,2024-08-01
setiawanopan,Keyboard Mechanical,"Produk bagus, bahan adem dan sesuai gambar.",4,2025-03-13
himawan96,Powerbank 10000mAh,"Produk bagus, bahan adem dan sesuai gambar.",4,2024-07-30
ivan06,Kaos Oblong,"Warnanya cantik dan tahan lama, puas banget!",5,2024-10-26
prastutilatif,Sepatu Sneakers,"Pengiriman cepat, packing rapi. Recommended!",4,2024-11-22
surya19,Tumbler Stainless,Produk original dan kualitasnya premium.,5,2024-09-10
saptonojasmin,Keyboard Mechanical,"Produk bagus, bahan adem dan sesuai gambar.",4,2025-02-07
jarwadi26,Kemeja Polos,"Warnanya cantik dan tahan lama, puas banget!",4,2024-11-12
galar14,Powerbank 10000mAh,"Warnanya cantik dan tahan lama, puas banget!",5,2025-04-15
saptonodariati,Sepatu Sneakers,"Warnanya cantik dan tahan lama, puas banget!",4,2024-10-10
darijan38,Jaket Hoodie,"Packing rapi banget, penjual ramah.",5,2024-09-25
karen41,Headset Bluetooth,"Packing rapi banget, penjual ramah.",4,2025-01-29
elisa43,Kemeja Polos,"Harga terjangkau, kualitas mantap!",5,2025-04-20
garyani,Sandals Pria,"Sesuai deskripsi, kualitas oke dan tahan lama.",5,2025-03-06
hildanugroho,Keyboard Mechanical,"Produk bagus, bahan adem dan sesuai gambar.",4,2025-04-30
hadihidayat,Parfum Unisex,"Sudah belanja beberapa kali, selalu puas.",5,2024-09-14
nasyidahbajragin,Headset Bluetooth,"Sudah belanja beberapa kali, selalu puas.",5,2025-03-30
rsalahudin,Celana Jeans,"Sudah belanja beberapa kali, selalu puas.",5,2024-06-18
karja37,Keyboard Mechanical,"Pengiriman cepat, packing rapi. Recommended!",4,2025-03-01
palastribelinda,Powerbank 10000mAh,"Harga terjangkau, kualitas mantap!",4,2024-12-19
empluk50,Kemeja Polos,"Harga terjangkau, kualitas mantap!",5,2024-09-25
setiawanjamil,Celana Jeans,"Pengiriman cepat, packing rapi. Recommended!",4,2025-02-23
yhalim,Mouse Wireless,"Pengiriman cepat, packing rapi. Recommended!",5,2024-11-02
adewibowo,Lipstik Matte,"Pengiriman cepat, packing rapi. Recommended!",5,2024-08-05
dlaksita,Sandals Pria,Produk original dan kualitasnya premium.,5,2024-10-14
rangga01,Tas Ransel,"Packing rapi banget, penjual ramah.",5,2024-10-25
gilangagustina,Headset Bluetooth,"Packing rapi banget, penjual ramah.",4,2024-10-26
warjibudiyanto,Mouse Wireless,"Warnanya cantik dan tahan lama, puas banget!",5,2025-03-09
jhalimah,Tumbler Stainless,"Warnanya cantik dan tahan lama, puas banget!",5,2024-11-20
csaefullah,Tumbler Stainless,Barang sampai dengan aman dan cepat.,5,2025-06-04
xharyanti,Lipstik Matte,"Sesuai deskripsi, kualitas oke dan tahan lama.",4,2025-01-27
pradanateddy,Dompet Kulit,"Packing rapi banget, penjual ramah.",4,2024-09-30
nkuswandari,Powerbank 10000mAh,"Warnanya cantik dan tahan lama, puas banget!",4,2025-04-21
soleh93,Tas Ransel,"Harga terjangkau, kualitas mantap!",4,2024-12-17
hadi43,Sandals Pria,"Produk bagus, bahan adem dan sesuai gambar.",4,2024-08-09
hasan89,Kemeja Polos,"Harga terjangkau, kualitas mantap!",4,2024-10-29
cpurwanti,Tas Ransel,"Pengiriman cepat, packing rapi. Recommended!",5,2025-02-06
rangga52,Parfum Unisex,"Produk bagus, bahan adem dan sesuai gambar.",4,2025-01-18
winarsihrahmi,Keyboard Mechanical,"Sudah belanja beberapa kali, selalu puas.",5,2024-12-22
wsirait,Headset Bluetooth,"Sudah belanja beberapa kali, selalu puas.",5,2025-02-01
melanitasnim,Tas Ransel,"Packing rapi banget, penjual ramah.",5,2024-10-22
suwais,Kemeja Polos,"Sesuai deskripsi, kualitas oke dan tahan lama.",5,2025-03-23
cagak15,Headset Bluetooth,Produk original dan kualitasnya premium.,5,2025-03-06
darijanmahendra,Mouse Wireless,"Packing rapi banget, penjual ramah.",5,2024-10-23
xhartati,Jaket Hoodie,"Respon penjual cepat, barang dikirim hari itu juga.",5,2025-02-23
legawa09,Parfum Unisex,"Harga terjangkau, kualitas mantap!",4,2024-08-08
palastripurwanto,Tas Ransel,"Packing rapi banget, penjual ramah.",5,2024-06-17
mulya65,Powerbank 10000mAh,"Produk bagus, bahan adem dan sesuai gambar.",5,2025-04-02
raryani,Mouse Wireless,"Sudah belanja beberapa kali, selalu puas.",5,2025-05-01
latifiswahyudi,Parfum Unisex,"Packing rapi banget, penjual ramah.",5,2025-01-29
vanyakusumo,Lipstik Matte,"Respon penjual cepat, barang dikirim hari itu juga.",4,2025-04-08
danu93,Parfum Unisex,"Harga terjangkau, kualitas mantap!",5,2025-03-01
salman68,Mouse Wireless,"Packing rapi banget, penjual ramah.",4,2024-10-27
wastutibalamantri,Jaket Hoodie,"Produk bagus, bahan adem dan sesuai gambar.",5,2025-01-10
gadriansyah,Jam Tangan Digital,"Sudah belanja beberapa kali, selalu puas.",4,2024-06-29
irasitorus,Powerbank 10000mAh,"Harga terjangkau, kualitas mantap!",5,2024-09-19
titi12,Kaos Oblong,"Packing rapi banget, penjual ramah.",5,2025-06-03
xsimanjuntak,Kemeja Polos,"Pengiriman cepat, packing rapi. Recommended!",5,2025-01-20
pwulandari,Tas Ransel,Barang sampai dengan aman dan cepat.,5,2025-01-17
sarahnugroho,Sepatu Sneakers,"Sudah belanja beberapa kali, selalu puas.",5,2025-01-10
bahuwarnapratiwi,Keyboard Mechanical,"Respon penjual cepat, barang dikirim hari itu juga.",5,2025-02-09
jakaprasetya,Sepatu Sneakers,"Harga terjangkau, kualitas mantap!",5,2025-02-10
asmadi38,Dompet Kulit,"Sudah belanja beberapa kali, selalu puas.",4,2024-09-03
hassanahlatif,Sandals Pria,Barang sampai dengan aman dan cepat.,4,2025-03-07
andrianigaiman,Jaket Hoodie,Produk original dan kualitasnya premium.,5,2024-09-12
adesuwarno,Keyboard Mechanical,Barang sampai dengan aman dan cepat.,5,2025-03-18
wijayakartika,Lipstik Matte,Barang sampai dengan aman dan cepat.,5,2024-12-21
nasyidahlidya,Tas Ransel,"Respon penjual cepat, barang dikirim hari itu juga.",4,2025-05-13
jefrirahayu,Parfum Unisex,Barang sampai dengan aman dan cepat.,4,2025-02-27
qharyanto,Parfum Unisex,"Harga terjangkau, kualitas mantap!",4,2025-06-10
ppradana,Sandals Pria,"Warnanya cantik dan tahan lama, puas banget!",5,2024-10-11
dirjazulaika,Mouse Wireless,"Sudah belanja beberapa kali, selalu puas.",4,2025-02-02
riyantiharsanto,Keyboard Mechanical,"Respon penjual cepat, barang dikirim hari itu juga.",4,2024-09-14
gfirgantoro,Sandals Pria,Barang sampai dengan aman dan cepat.,5,2025-04-07
mahdisuartini,Mouse Wireless,"Sesuai deskripsi, kualitas oke dan tahan lama.",4,2025-03-08
setya30,Sandals Pria,"Sudah belanja beberapa kali, selalu puas.",5,2025-01-13
darmanirawan,Jam Tangan Digital,Barang sampai dengan aman dan cepat.,4,2024-11-07
anom57,Keyboard Mechanical,"Sudah belanja beberapa kali, selalu puas.",5,2024-09-06
hprastuti,Jaket Hoodie,"Sesuai deskripsi, kualitas oke dan tahan lama.",5,2025-02-25
fmaulana,Keyboard Mechanical,Produk original dan kualitasnya premium.,5,2025-04-11
jasminfarida,Keyboard Mechanical,"Produk bagus, bahan adem dan sesuai gambar.",5,2024-11-25
wrajata,Keyboard Mechanical,"Pengiriman cepat, packing rapi. Recommended!",5,2024-08-05
radityaprayoga,Jam Tangan Digital,"Warnanya cantik dan tahan lama, puas banget!",5,2025-05-06
mulyanigadang,Mouse Wireless,"Pengiriman cepat, packing rapi. Recommended!",5,2025-04-01
vuyainah,Jaket Hoodie,"Produk bagus, bahan adem dan sesuai gambar.",5,2024-11-08
mriyanti,Kaos Oblong,"Respon penjual cepat, barang dikirim hari itu juga.",4,2024-12-17
uliyolanda,Headset Bluetooth,Barang sampai dengan aman dan cepat.,4,2025-04-21
prabapuspasari,Kaos Oblong,"Packing rapi banget, penjual ramah.",5,2024-10-31
claksmiwati,Kemeja Polos,Produk original dan kualitasnya premium.,5,2025-05-19
pangestu53,Lipstik Matte,"Packing rapi banget, penjual ramah.",5,2025-02-02
wahyudinwarsa,Sandals Pria,"Sesuai deskripsi, kualitas oke dan tahan lama.",4,2024-11-14
alambanalestari,Headset Bluetooth,"Packing rapi banget, penjual ramah.",4,2025-01-21
nthamrin,Powerbank 10000mAh,"Sudah belanja beberapa kali, selalu puas.",5,2024-07-30
ellis17,Kemeja Polos,"Pengiriman cepat, packing rapi. Recommended!",4,2025-06-11
cemplunk36,Kemeja Polos,"Respon penjual cepat, barang dikirim hari itu juga.",5,2025-03-12
tedimandasari,Dompet Kulit,"Produk bagus, bahan adem dan sesuai gambar.",4,2025-06-07
diah44,Tas Ransel,Produk original dan kualitasnya premium.,5,2025-02-10
ghariyah,Dompet Kulit,"Produk bagus, bahan adem dan sesuai gambar.",5,2025-04-16
kardi16,Headset Bluetooth,"Warnanya cantik dan tahan lama, puas banget!",5,2024-08-12
rahmanprabowo,Tas Ransel,"Sesuai deskripsi, kualitas oke dan tahan lama.",4,2025-04-20
rajatabalapati,Celana Jeans,"Sesuai deskripsi, kualitas oke dan tahan lama.",5,2025-01-23
marsudisantoso,Dompet Kulit,"Respon penjual cepat, barang dikirim hari itu juga.",5,2025-04-21
jaswadi41,Keyboard Mechanical,"Sudah belanja beberapa kali, selalu puas.",5,2024-11-02
ytampubolon,Sepatu Sneakers,"Sesuai deskripsi, kualitas oke dan tahan lama.",4,2025-01-13
prakasawadi,Lipstik Matte,"Packing rapi banget, penjual ramah.",5,2025-05-03
hasanahdanang,Sandals Pria,Barang sampai dengan aman dan cepat.,5,2024-06-30
owibowo,Sepatu Sneakers,Barang sampai dengan aman dan cepat.,5,2024-10-22
hbudiman,Keyboard Mechanical,"Respon penjual cepat, barang dikirim hari itu juga.",4,2024-07-27
dariatinasyidah,Celana Jeans,"Packing rapi banget, penjual ramah.",5,2025-03-25
uhalim,Tumbler Stainless,"Sesuai deskripsi, kualitas oke dan tahan lama.",4,2024-12-01
eko83,Powerbank 10000mAh,"Produk bagus, bahan adem dan sesuai gambar.",5,2024-08-31
amalia68,Celana Jeans,Produk original dan kualitasnya premium.,5,2025-03-18
zhutagalung,Jam Tangan Digital,"Sesuai deskripsi, kualitas oke dan tahan lama.",5,2025-02-25
atmagunawan,Lipstik Matte,Barang sampai dengan aman dan cepat.,5,2025-01-16
zamirayuliarti,Parfum Unisex,"Warnanya cantik dan tahan lama, puas banget!",5,2024-07-25
ikawijayanti,Sandals Pria,"Harga terjangkau, kualitas mantap!",4,2024-10-25
melanimalika,Headset Bluetooth,"Respon penjual cepat, barang dikirim hari itu juga.",5,2024-10-22
wartapradana,Sepatu Sneakers,"Warnanya cantik dan tahan lama, puas banget!",5,2024-10-19
hprasasta,Dompet Kulit,Barang sampai dengan aman dan cepat.,4,2024-07-07
sinagalatif,Dompet Kulit,"Sudah belanja beberapa kali, selalu puas.",4,2025-05-07
warsaagustina,Parfum Unisex,"Harga terjangkau, kualitas mantap!",5,2025-03-29
widiastutiratih,Keyboard Mechanical,"Pengiriman cepat, packing rapi. Recommended!",5,2024-10-20
ekakuswoyo,Sandals Pria,"Packing rapi banget, penjual ramah.",5,2025-05-10
rika61,Sandals Pria,Barang sampai dengan aman dan cepat.,5,2024-08-02
bharyanti,Kemeja Polos,"Respon penjual cepat, barang dikirim hari itu juga.",5,2024-08-17
shaniagunarto,Headset Bluetooth,"Warnanya cantik dan tahan lama, puas banget!",5,2024-08-09
zamira38,Powerbank 10000mAh,"Harga terjangkau, kualitas mantap!",5,2025-01-04
ibrahim27,Kemeja Polos,"Sudah belanja beberapa kali, selalu puas.",5,2024-10-18
darmantosuwarno,Sepatu Sneakers,Barang sampai dengan aman dan cepat.,5,2024-09-07
wastutilasmono,Sepatu Sneakers,Produk original dan kualitasnya premium.,4,2025-03-14
sidiq51,Tas Ransel,"Packing rapi banget, penjual ramah.",5,2025-05-12
ibrani62,Kaos Oblong,"Packing rapi banget, penjual ramah.",5,2025-05-25
bkurniawan,Dompet Kulit,"Pengiriman cepat, packing rapi. Recommended!",5,2025-02-22
radensalahudin,Lipstik Matte,"Produk bagus, bahan adem dan sesuai gambar.",5,2024-08-21
kamaria67,Celana Jeans,"Warnanya cantik dan tahan lama, puas banget!",5,2024-11-27
mmayasari,Mouse Wireless,"Warnanya cantik dan tahan lama, puas banget!",5,2025-03-26
omanrahmawati,Kaos Oblong,"Sesuai deskripsi, kualitas oke dan tahan lama.",5,2024-12-28
astutikadir,Tas Ransel,Barang sampai dengan aman dan cepat.,4,2025-05-24
simanjuntaktugiman,Kaos Oblong,"Sesuai deskripsi, kualitas oke dan tahan lama.",4,2024-11-30
jelitasuryono,Parfum Unisex,"Pengiriman cepat, packing rapi. Recommended!",5,2024-09-22
uprasetya,Sandals Pria,Produk original dan kualitasnya premium.,4,2025-06-04
luthfiprasetyo,Kemeja Polos,"Sudah belanja beberapa kali, selalu puas.",5,2025-06-06
manullangiriana,Kaos Oblong,Barang sampai dengan aman dan cepat.,4,2025-04-30
cahyonomayasari,Headset Bluetooth,Barang sampai dengan aman dan cepat.,5,2024-06-20
agnessimanjuntak,Sandals Pria,"Warnanya cantik dan tahan lama, puas banget!",4,2025-04-23
nurdiyantinilam,Kemeja Polos,"Produk bagus, bahan adem dan sesuai gambar.",4,2024-10-28
rtampubolon,Tas Ransel,"Sudah belanja beberapa kali, selalu puas.",5,2024-08-27
jonofarida,Kemeja Polos,"Pengiriman cepat, packing rapi. Recommended!",5,2025-01-02
devi97,Jaket Hoodie,"Sudah belanja beberapa kali, selalu puas.",5,2025-02-27
jumari81,Keyboard Mechanical,"Sesuai deskripsi, kualitas oke dan tahan lama.",5,2024-11-03
yogamangunsong,Tas Ransel,"Pengiriman cepat, packing rapi. Recommended!",5,2024-07-10
oktalestari,Celana Jeans,"Harga terjangkau, kualitas mantap!",4,2024-09-24
ikatampubolon,Tumbler Stainless,"Respon penjual cepat, barang dikirim hari itu juga.",5,2025-04-22
gaduh56,Powerbank 10000mAh,"Sesuai deskripsi, kualitas oke dan tahan lama.",4,2025-03-06
rosman72,Keyboard Mechanical,"Produk bagus, bahan adem dan sesuai gambar.",5,2024-11-11
dalimin57,Jam Tangan Digital,"Sesuai deskripsi, kualitas oke dan tahan lama.",5,2025-05-16
gunartoganjaran,Sandals Pria,"Produk bagus, bahan adem dan sesuai gambar.",5,2025-04-08
jsuryatmi,Tumbler Stainless,"Pengiriman cepat, packing rapi. Recommended!",5,2024-08-04
puput17,Jam Tangan Digital,"Harga terjangkau, kualitas mantap!",5,2025-01-03
nasrullahsalahudin,Keyboard Mechanical,"Harga terjangkau, kualitas mantap!",4,2024-12-15
among30,Parfum Unisex,"Sesuai deskripsi, kualitas oke dan tahan lama.",5,2024-08-11
lnajmudin,Dompet Kulit,"Harga terjangkau, kualitas mantap!",5,2024-09-17
vyolanda,Powerbank 10000mAh,"Warnanya cantik dan tahan lama, puas banget!",5,2025-06-03
kunthara70,Dompet Kulit,"Produk bagus, bahan adem dan sesuai gambar.",5,2025-04-27
latif53,Sepatu Sneakers,"Respon penjual cepat, barang dikirim hari itu juga.",5,2025-04-03
faizah48,Tumbler Stainless,"Pengiriman cepat, packing rapi. Recommended!",5,2024-07-04
ppadmasari,Sandals Pria,"Produk bagus, bahan adem dan sesuai gambar.",5,2024-09-03
fhasanah,Headset Bluetooth,"Respon penjual cepat, barang dikirim hari itu juga.",4,2024-08-04
pertiwijati,Jam Tangan Digital,"Respon penjual cepat, barang dikirim hari itu juga.",5,2024-08-30
hmulyani,Celana Jeans,"Sudah belanja beberapa kali, selalu puas.",4,2024-08-20
hpermadi,Sandals Pria,"Sudah belanja beberapa kali, selalu puas.",5,2024-07-01
kenarihidayanto,Kemeja Polos,"Respon penjual cepat, barang dikirim hari itu juga.",5,2024-08-19
apadmasari,Headset Bluetooth,"Sudah belanja beberapa kali, selalu puas.",5,2024-08-07
isinaga,Headset Bluetooth,"Respon penjual cepat, barang dikirim hari itu juga.",4,2024-12-29
farah04,Sepatu Sneakers,"Sesuai deskripsi, kualitas oke dan tahan lama.",5,2024-10-16
raditlazuardi,Tas Ransel,"Packing rapi banget, penjual ramah.",5,2024-06-21
yusuf19,Lipstik Matte,"Warnanya cantik dan tahan lama, puas banget!",5,2024-11-25
ulva67,Kaos Oblong,"Sesuai deskripsi, kualitas oke dan tahan lama.",5,2025-05-06
garamahendra,Headset Bluetooth,"Harga terjangkau, kualitas mantap!",5,2024-10-30
usaptono,Headset Bluetooth,Barang sampai dengan aman dan cepat.,4,2024-08-26
rwaluyo,Tumbler Stainless,"Packing rapi banget, penjual ramah.",4,2024-12-01
nyanaastuti,Sandals Pria,"Warnanya cantik dan tahan lama, puas banget!",5,2024-08-25
ian81,Keyboard Mechanical,Produk original dan kualitasnya premium.,5,2025-02-12
edabukke,Tumbler Stainless,Barang sampai dengan aman dan cepat.,4,2024-06-24
mulyanibahuraksa,Dompet Kulit,"Respon penjual cepat, barang dikirim hari itu juga.",5,2025-03-22
rlailasari,Headset Bluetooth,"Respon penjual cepat, barang dikirim hari itu juga.",5,2025-04-02
pudjiastutisilvia,Mouse Wireless,Barang sampai dengan aman dan cepat.,4,2025-04-22
kusmawatihilda,Lipstik Matte,"Sesuai deskripsi, kualitas oke dan tahan lama.",5,2025-04-22
oadriansyah,Keyboard Mechanical,Barang sampai dengan aman dan cepat.,4,2024-07-01
caturangga97,Parfum Unisex,Produk original dan kualitasnya premium.,5,2025-05-04
uwaisdaru,Jaket Hoodie,"Produk bagus, bahan adem dan sesuai gambar.",5,2024-10-17
gantar06,Jam Tangan Digital,Barang sampai dengan aman dan cepat.,5,2025-02-17
jasminagustina,Sandals Pria,"Harga terjangkau, kualitas mantap!",4,2025-06-07
mursita38,Mouse Wireless,Barang sampai dengan aman dan cepat.,5,2024-11-02
winarsihkenari,Kaos Oblong,"Sudah belanja beberapa kali, selalu puas.",5,2025-05-18
sihombingparamita,Mouse Wireless,"Warnanya cantik dan tahan lama, puas banget!",4,2025-01-31
queen86,Jam Tangan Digital,"Produk bagus, bahan adem dan sesuai gambar.",4,2024-07-17
leowulandari,Tas Ransel,"Harga terjangkau, kualitas mantap!",5,2025-04-03
ruwais,Sepatu Sneakers,"Produk bagus, bahan adem dan sesuai gambar.",5,2024-11-15
kamal01,Tumbler Stainless,Produk original dan kualitasnya premium.,5,2024-12-10
ganda77,Tas Ransel,"Sudah belanja beberapa kali, selalu puas.",4,2025-04-13
baktianto07,Mouse Wireless,"Sesuai deskripsi, kualitas oke dan tahan lama.",5,2024-07-08
hartana75,Headset Bluetooth,"Warnanya cantik dan tahan lama, puas banget!",4,2024-09-05
anggabaya29,Sepatu Sneakers,Produk original dan kualitasnya premium.,5,2024-10-13
sihombingcakrawangsa,Celana Jeans,"Packing rapi banget, penjual ramah.",5,2025-06-13
kasiran21,Jaket Hoodie,Produk original dan kualitasnya premium.,5,2025-03-03
tyuliarti,Sandals Pria,"Sudah belanja beberapa kali, selalu puas.",5,2024-07-27
ehasanah,Jaket Hoodie,"Respon penjual cepat, barang dikirim hari itu juga.",5,2024-10-17
paramita15,Sepatu Sneakers,Produk original dan kualitasnya premium.,4,2024-09-02
mulyanirudi,Tas Ransel,"Respon penjual cepat, barang dikirim hari itu juga.",5,2024-08-16
rahmat41,Kemeja Polos,Produk original dan kualitasnya premium.,4,2024-11-17
andrianijatmiko,Lipstik Matte,"Harga terjangkau, kualitas mantap!",5,2024-11-11
sihombinghasim,Powerbank 10000mAh,Produk original dan kualitasnya premium.,4,2024-10-08
kemallaksita,Sandals Pria,"Pengiriman cepat, packing rapi. Recommended!",5,2025-02-14
daliono61,Parfum Unisex,"Packing rapi banget, penjual ramah.",4,2025-01-26
nilam46,Tumbler Stainless,Produk original dan kualitasnya premium.,4,2024-09-03
zalindra77,Tumbler Stainless,"Packing rapi banget, penjual ramah.",5,2024-12-27
parman06,Kemeja Polos,Barang sampai dengan aman dan cepat.,5,2024-12-27
fhastuti,Dompet Kulit,"Warnanya cantik dan tahan lama, puas banget!",4,2025-01-10
zyuniar,Dompet Kulit,"Sesuai deskripsi, kualitas oke dan tahan lama.",5,2025-02-26
dastuti,Headset Bluetooth,"Produk bagus, bahan adem dan sesuai gambar.",5,2025-04-09
ginahasanah,Sepatu Sneakers,Produk original dan kualitasnya premium.,5,2024-08-12
respatisirait,Kemeja Polos,"Warnanya cantik dan tahan lama, puas banget!",5,2025-06-09
iutami,Keyboard Mechanical,"Packing rapi banget, penjual ramah.",5,2024-11-04
gunartositi,Sandals Pria,Barang sampai dengan aman dan cepat.,5,2025-03-27
juli29,Powerbank 10000mAh,"Sudah belanja beberapa kali, selalu puas.",5,2024-10-05
qyuliarti,Kaos Oblong,"Respon penjual cepat, barang dikirim hari itu juga.",4,2025-03-26
uzulkarnain,Tumbler Stainless,"Produk bagus, bahan adem dan sesuai gambar.",5,2025-02-26
jpuspita,Sandals Pria,"Respon penjual cepat, barang dikirim hari itu juga.",4,2025-04-20
napitupulunalar,Tumbler Stainless,"Harga terjangkau, kualitas mantap!",5,2025-04-21
candrahutapea,Kaos Oblong,"Produk bagus, bahan adem dan sesuai gambar.",4,2025-05-17
jessicasuryatmi,Tumbler Stainless,"Sudah belanja beberapa kali, selalu puas.",4,2025-04-06
kkuswandari,Parfum Unisex,Barang sampai dengan aman dan cepat.,5,2024-06-21
agustinaian,Jaket Hoodie,"Produk bagus, bahan adem dan sesuai gambar.",5,2025-02-19
onasyidah,Tas Ransel,"Produk bagus, bahan adem dan sesuai gambar.",5,2025-04-14
kiandraaryani,Headset Bluetooth,"Pengiriman cepat, packing rapi. Recommended!",5,2024-09-28
zeldahidayanto,Dompet Kulit,"Sesuai deskripsi, kualitas oke dan tahan lama.",5,2024-11-26
emanullang,Parfum Unisex,"Produk bagus, bahan adem dan sesuai gambar.",5,2024-11-14
gsitompul,Sandals Pria,"Packing rapi banget, penjual ramah.",4,2024-07-16
umarpaung,Sandals Pria,Produk original dan kualitasnya premium.,5,2025-05-26
danu59,Tumbler Stainless,"Respon penjual cepat, barang dikirim hari itu juga.",5,2024-07-06
larasnuraini,Tumbler Stainless,"Sesuai deskripsi, kualitas oke dan tahan lama.",5,2025-04-02
fnasyidah,Mouse Wireless,"Packing rapi banget, penjual ramah.",4,2024-11-11
damanikanastasia,Jaket Hoodie,"Pengiriman cepat, packing rapi. Recommended!",5,2025-02-03
jnainggolan,Headset Bluetooth,Barang sampai dengan aman dan cepat.,5,2024-08-18
bsaputra,Headset Bluetooth,"Sesuai deskripsi, kualitas oke dan tahan lama.",4,2024-11-15
nilamsiregar,Tas Ransel,Barang sampai dengan aman dan cepat.,5,2024-08-26
niyagakuswandari,Jam Tangan Digital,"Harga terjangkau, kualitas mantap!",5,2024-12-29
adinata95,Keyboard Mechanical,"Pengiriman cepat, packing rapi. Recommended!",4,2024-07-16
indrahariyah,Jaket Hoodie,"Sesuai deskripsi, kualitas oke dan tahan lama.",5,2025-01-15
bakdapuspita,Sepatu Sneakers,"Pengiriman cepat, packing rapi. Recommended!",5,2025-01-09
eluh20,Keyboard Mechanical,Produk original dan kualitasnya premium.,5,2024-11-20
raisa09,Tas Ransel,"Produk bagus, bahan adem dan sesuai gambar.",4,2024-06-13
pangestugilang,Jaket Hoodie,"Warnanya cantik dan tahan lama, puas banget!",5,2024-06-23
sidiq92,Sandals Pria,"Warnanya cantik dan tahan lama, puas banget!",5,2024-07-02
tarihoranlukita,Jaket Hoodie,"Sudah belanja beberapa kali, selalu puas.",5,2024-10-23
lulutsamosir,Lipstik Matte,"Sudah belanja beberapa kali, selalu puas.",5,2025-02-12
legayolanda,Kemeja Polos,"Respon penjual cepat, barang dikirim hari itu juga.",4,2024-06-24
kuswandarienteng,Keyboard Mechanical,"Sesuai deskripsi, kualitas oke dan tahan lama.",5,2024-09-16
maulanatiara,Kaos Oblong,"Sudah belanja beberapa kali, selalu puas.",5,2024-11-04
hakimindra,Celana Jeans,"Sesuai deskripsi, kualitas oke dan tahan lama.",5,2024-11-18
dodoardianto,Kemeja Polos,"Warnanya cantik dan tahan lama, puas banget!",5,2025-03-07
ljanuar,Lipstik Matte,"Sudah belanja beberapa kali, selalu puas.",5,2024-07-22
udapradana,Kemeja Polos,"Respon penjual cepat, barang dikirim hari itu juga.",5,2025-03-29
galihmaheswara,Dompet Kulit,Produk original dan kualitasnya premium.,5,2025-06-13
kurniawanhendri,Lipstik Matte,"Produk bagus, bahan adem dan sesuai gambar.",5,2025-03-10
budiyantolatika,Jam Tangan Digital,"Sudah belanja beberapa kali, selalu puas.",5,2025-01-10
waluyoina,Tumbler Stainless,Produk original dan kualitasnya premium.,5,2024-09-12
primanasyiah,Sandals Pria,"Packing rapi banget, penjual ramah.",5,2025-04-13
yunitasaputra,Sepatu Sneakers,"Harga terjangkau, kualitas mantap!",5,2025-06-09
setya74,Keyboard Mechanical,"Packing rapi banget, penjual ramah.",5,2024-09-10
saefullahnasim,Jam Tangan Digital,"Warnanya cantik dan tahan lama, puas banget!",5,2025-01-28
bagya97,Sepatu Sneakers,"Respon penjual cepat, barang dikirim hari itu juga.",5,2024-08-03
astutidarimin,Kemeja Polos,"Warnanya cantik dan tahan lama, puas banget!",5,2024-10-28
permataicha,Jaket Hoodie,"Produk bagus, bahan adem dan sesuai gambar.",5,2024-11-07
mulya46,Headset Bluetooth,"Pengiriman cepat, packing rapi. Recommended!",4,2024-06-25
llaksmiwati,Jaket Hoodie,Produk original dan kualitasnya premium.,5,2024-07-20
asmadi19,Jaket Hoodie,"Harga terjangkau, kualitas mantap!",4,2024-11-16
kawayasihotang,Parfum Unisex,"Packing rapi banget, penjual ramah.",5,2025-01-03
hutasoitasirwada,Tumbler Stainless,Barang sampai dengan aman dan cepat.,5,2024-08-03
qadriansyah,Parfum Unisex,Produk original dan kualitasnya premium.,4,2025-04-21
vegasirait,Headset Bluetooth,"Pengiriman cepat, packing rapi. Recommended!",5,2024-12-23
oskarwinarsih,Sepatu Sneakers,"Pengiriman cepat, packing rapi. Recommended!",5,2024-12-23
hasanahprayitna,Headset Bluetooth,"Packing rapi banget, penjual ramah.",4,2025-01-11
wsitompul,Headset Bluetooth,"Warnanya cantik dan tahan lama, puas banget!",5,2024-07-22
hassanahbanawi,Headset Bluetooth,"Sesuai deskripsi, kualitas oke dan tahan lama.",5,2025-05-17
ismailwahyuni,Headset Bluetooth,"Warnanya cantik dan tahan lama, puas banget!",5,2024-08-31
yuniarbakti,Tas Ransel,"Pengiriman cepat, packing rapi. Recommended!",5,2025-02-28
uwaiskenari,Keyboard Mechanical,"Sesuai deskripsi, kualitas oke dan tahan lama.",4,2025-04-17
opan81,Kaos Oblong,Barang sampai dengan aman dan cepat.,4,2024-11-02
kajen47,Tumbler Stainless,"Produk bagus, bahan adem dan sesuai gambar.",4,2025-05-02
maryadicemplunk,Headset Bluetooth,"Respon penjual cepat, barang dikirim hari itu juga.",5,2024-09-30
luwes84,Jam Tangan Digital,"Pengiriman cepat, packing rapi. Recommended!",5,2024-06-21
ghanipratiwi,Powerbank 10000mAh,"Produk bagus, bahan adem dan sesuai gambar.",5,2025-04-24
banawiputra,Kemeja Polos,"Sudah belanja beberapa kali, selalu puas.",5,2024-10-11
fujiatidalimin,Sepatu Sneakers,"Sudah belanja beberapa kali, selalu puas.",4,2024-10-05
nlaksita,Sandals Pria,"Produk bagus, bahan adem dan sesuai gambar.",5,2025-06-08
yuliahandayani,Headset Bluetooth,"Produk bagus, bahan adem dan sesuai gambar.",5,2024-11-25
claramarpaung,Jaket Hoodie,"Pengiriman cepat, packing rapi. Recommended!",5,2025-06-12
uwulandari,Kaos Oblong,"Sesuai deskripsi, kualitas oke dan tahan lama.",4,2024-12-20
edwardhardiansyah,Dompet Kulit,Produk original dan kualitasnya premium.,4,2025-02-05
wijayamuni,Lipstik Matte,"Sudah belanja beberapa kali, selalu puas.",4,2024-12-17
bhakim,Tumbler Stainless,"Respon penjual cepat, barang dikirim hari itu juga.",5,2025-05-21
zprasetya,Jam Tangan Digital,"Pengiriman cepat, packing rapi. Recommended!",5,2025-02-27
yessimansur,Parfum Unisex,"Respon penjual cepat, barang dikirim hari itu juga.",4,2024-06-27
onovitasari,Jam Tangan Digital,Barang sampai dengan aman dan cepat.,5,2024-11-10
tugimanyulianti,Celana Jeans,"Harga terjangkau, kualitas mantap!",5,2024-07-17
mangunsongpia,Celana Jeans,"Sudah belanja beberapa kali, selalu puas.",4,2024-10-12
mriyanti,Celana Jeans,"Harga terjangkau, kualitas mantap!",4,2025-05-18
dariminsudiati,Keyboard Mechanical,"Respon penjual cepat, barang dikirim hari itu juga.",5,2024-07-07
cakrajiya28,Parfum Unisex,Produk original dan kualitasnya premium.,5,2025-05-03
paimannamaga,Lipstik Matte,Barang sampai dengan aman dan cepat.,5,2025-06-03
candranapitupulu,Mouse Wireless,"Sesuai deskripsi, kualitas oke dan tahan lama.",5,2024-08-15
damar73,Dompet Kulit,"Packing rapi banget, penjual ramah.",4,2025-04-05
waluyoami,Jaket Hoodie,"Warnanya cantik dan tahan lama, puas banget!",4,2025-01-13
cemplunkkusmawati,Kemeja Polos,"Warnanya cantik dan tahan lama, puas banget!",5,2025-04-28
empluksafitri,Jam Tangan Digital,"Packing rapi banget, penjual ramah.",5,2024-09-21
shutasoit,Dompet Kulit,"Harga terjangkau, kualitas mantap!",5,2025-04-11
dfirmansyah,Kaos Oblong,"Pengiriman cepat, packing rapi. Recommended!",4,2024-10-14
tfirmansyah,Lipstik Matte,"Pengiriman cepat, packing rapi. Recommended!",5,2025-01-22
gunawanjamal,Kaos Oblong,"Sudah belanja beberapa kali, selalu puas.",5,2025-05-22
kusmawatioliva,Celana Jeans,"Sudah belanja beberapa kali, selalu puas.",5,2025-02-24
nurdiyantiulya,Jaket Hoodie,"Pengiriman cepat, packing rapi. Recommended!",5,2024-06-17
kuswoyocici,Celana Jeans,"Pengiriman cepat, packing rapi. Recommended!",4,2024-12-23
prasetyooni,Sepatu Sneakers,"Warnanya cantik dan tahan lama, puas banget!",5,2025-02-22
hardanagunarto,Mouse Wireless,"Produk bagus, bahan adem dan sesuai gambar.",5,2025-03-30
amardhiyah,Jam Tangan Digital,Produk original dan kualitasnya premium.,5,2025-01-31
suartinibella,Jaket Hoodie,"Harga terjangkau, kualitas mantap!",4,2024-11-08
windasaputra,Lipstik Matte,"Warnanya cantik dan tahan lama, puas banget!",4,2025-01-02
psamosir,Tumbler Stainless,"Sudah belanja beberapa kali, selalu puas.",4,2024-12-01
zsaptono,Dompet Kulit,Produk original dan kualitasnya premium.,5,2025-05-30
kmarpaung,Celana Jeans,Produk original dan kualitasnya premium.,4,2024-11-17
csitompul,Tas Ransel,"Respon penjual cepat, barang dikirim hari itu juga.",5,2024-08-26
wahyudinkamidin,Kemeja Polos,"Sesuai deskripsi, kualitas oke dan tahan lama.",5,2024-09-24
ipuspasari,Jam Tangan Digital,"Packing rapi banget, penjual ramah.",5,2024-08-11
kamaria93,Keyboard Mechanical,"Pengiriman cepat, packing rapi. Recommended!",5,2024-06-26
purwantiputu,Sepatu Sneakers,"Packing rapi banget, penjual ramah.",5,2024-07-08
dmayasari,Parfum Unisex,"Sudah belanja beberapa kali, selalu puas.",4,2024-08-16
ywaluyo,Keyboard Mechanical,"Harga terjangkau, kualitas mantap!",4,2025-03-26
hutagalungwawan,Jam Tangan Digital,"Respon penjual cepat, barang dikirim hari itu juga.",5,2025-02-19
sitorusslamet,Jaket Hoodie,"Pengiriman cepat, packing rapi. Recommended!",5,2024-11-14
nrahmawati,Dompet Kulit,"Harga terjangkau, kualitas mantap!",5,2024-11-08
rajatacarub,Jam Tangan Digital,"Warnanya cantik dan tahan lama, puas banget!",4,2024-09-30
hartatipuspa,Kemeja Polos,"Packing rapi banget, penjual ramah.",4,2025-04-05
mustofanababan,Jam Tangan Digital,"Warnanya cantik dan tahan lama, puas banget!",5,2024-08-15
kamidin45,Sandals Pria,"Sudah belanja beberapa kali, selalu puas.",4,2024-12-26
titi66,Kemeja Polos,"Packing rapi banget, penjual ramah.",5,2025-06-03
kezia46,Mouse Wireless,Produk original dan kualitasnya premium.,5,2025-01-12
setiawankamila,Keyboard Mechanical,"Sudah belanja beberapa kali, selalu puas.",5,2024-06-13
ypudjiastuti,Jam Tangan Digital,Barang sampai dengan aman dan cepat.,5,2025-05-18
pratamairiana,Celana Jeans,Produk original dan kualitasnya premium.,5,2025-01-08
rriyanti,Keyboard Mechanical,"Sudah belanja beberapa kali, selalu puas.",5,2025-05-02
wisnutamba,Parfum Unisex,"Sesuai deskripsi, kualitas oke dan tahan lama.",5,2024-12-17
zbudiman,Headset Bluetooth,"Respon penjual cepat, barang dikirim hari itu juga.",4,2025-05-05
cayadihutagalung,Lipstik Matte,"Harga terjangkau, kualitas mantap!",4,2024-08-30
kusuma92,Kemeja Polos,"Warnanya cantik dan tahan lama, puas banget!",5,2025-05-29
murti20,Jaket Hoodie,"Respon penjual cepat, barang dikirim hari itu juga.",5,2025-06-04
chelseahidayat,Tumbler Stainless,Produk original dan kualitasnya premium.,5,2024-11-02
ramadamanik,Lipstik Matte,"Produk bagus, bahan adem dan sesuai gambar.",5,2024-09-11
osuwarno,Mouse Wireless,"Sesuai deskripsi, kualitas oke dan tahan lama.",5,2024-09-21
hakimzahra,Mouse Wireless,"Produk bagus, bahan adem dan sesuai gambar.",5,2025-01-14
bhariyah,Headset Bluetooth,Barang sampai dengan aman dan cepat.,4,2025-06-11
omar04,Jam Tangan Digital,Produk original dan kualitasnya premium.,5,2025-05-22
sitorusmahdi,Powerbank 10000mAh,Barang sampai dengan aman dan cepat.,4,2025-02-01
wakiman59,Jaket Hoodie,"Sudah belanja beberapa kali, selalu puas.",5,2024-10-05
ade73,Keyboard Mechanical,"Warnanya cantik dan tahan lama, puas banget!",5,2025-05-23
otampubolon,Keyboard Mechanical,"Harga terjangkau, kualitas mantap!",5,2024-06-21
zulaikhamandala,Tas Ransel,"Produk bagus, bahan adem dan sesuai gambar.",5,2024-10-09
firgantoronardi,Parfum Unisex,"Harga terjangkau, kualitas mantap!",5,2024-09-28
dardianto,Lipstik Matte,"Packing rapi banget, penjual ramah.",5,2025-01-25
pfirmansyah,Tumbler Stainless,"Sesuai deskripsi, kualitas oke dan tahan lama.",4,2024-11-20
hardiansyahdarimin,Sepatu Sneakers,"Sesuai deskripsi, kualitas oke dan tahan lama.",5,2024-09-01
arismansur,Dompet Kulit,Barang sampai dengan aman dan cepat.,5,2024-09-25
darmanaramadan,Jam Tangan Digital,"Sudah belanja beberapa kali, selalu puas.",5,2025-02-08
rinariyanti,Sepatu Sneakers,"Sesuai deskripsi, kualitas oke dan tahan lama.",5,2025-04-21
ilatupono,Sepatu Sneakers,"Harga terjangkau, kualitas mantap!",5,2025-04-14
umaya58,Headset Bluetooth,Barang sampai dengan aman dan cepat.,5,2025-03-08
victoriamaryati,Sandals Pria,"Pengiriman cepat, packing rapi. Recommended!",4,2025-01-23
adriansyahkania,Jam Tangan Digital,"Warnanya cantik dan tahan lama, puas banget!",4,2024-06-22
raden93,Kemeja Polos,"Respon penjual cepat, barang dikirim hari itu juga.",5,2025-03-15
ynatsir,Sepatu Sneakers,"Sesuai deskripsi, kualitas oke dan tahan lama.",4,2024-09-03
upik55,Celana Jeans,"Sesuai deskripsi, kualitas oke dan tahan lama.",5,2025-05-09
zelaya54,Tumbler Stainless,"Sesuai deskripsi, kualitas oke dan tahan lama.",5,2025-01-28
jane25,Kemeja Polos,"Harga terjangkau, kualitas mantap!",4,2024-06-24
umay80,Keyboard Mechanical,"Harga terjangkau, kualitas mantap!",5,2024-12-19
hwacana,Headset Bluetooth,"Sudah belanja beberapa kali, selalu puas.",5,2024-08-06
dadap10,Kemeja Polos,"Respon penjual cepat, barang dikirim hari itu juga.",5,2024-10-17
cmahendra,Sepatu Sneakers,"Warnanya cantik dan tahan lama, puas banget!",5,2024-10-21
wijayanardi,Celana Jeans,"Sudah belanja beberapa kali, selalu puas.",4,2024-11-11
galarpangestu,Keyboard Mechanical,Produk original dan kualitasnya premium.,5,2025-04-20
anitaprakasa,Tas Ransel,"Harga terjangkau, kualitas mantap!",5,2024-12-25
ojanuar,Parfum Unisex,"Produk bagus, bahan adem dan sesuai gambar.",4,2025-05-13
unjanitamba,Mouse Wireless,"Respon penjual cepat, barang dikirim hari itu juga.",4,2024-11-19
sihombingwira,Sandals Pria,"Sesuai deskripsi, kualitas oke dan tahan lama.",5,2024-10-12
eutama,Jam Tangan Digital,Produk original dan kualitasnya premium.,5,2024-07-28
hakimyani,Jaket Hoodie,"Packing rapi banget, penjual ramah.",5,2024-11-17
udarajata,Sandals Pria,"Produk bagus, bahan adem dan sesuai gambar.",4,2024-07-05
megantaradiah,Tumbler Stainless,"Produk bagus, bahan adem dan sesuai gambar.",5,2024-10-25
luthfi46,Dompet Kulit,"Produk bagus, bahan adem dan sesuai gambar.",5,2025-02-24
iyulianti,Mouse Wireless,Barang sampai dengan aman dan cepat.,4,2024-07-02
agustinalutfan,Kaos Oblong,"Respon penjual cepat, barang dikirim hari itu juga.",5,2024-11-20
susantilanjar,Jam Tangan Digital,"Sesuai deskripsi, kualitas oke dan tahan lama.",5,2025-01-19
imam67,Keyboard Mechanical,"Harga terjangkau, kualitas mantap!",4,2025-02-28
laksanamegantara,Jaket Hoodie,Barang sampai dengan aman dan cepat.,4,2024-12-12
ihidayanto,Tumbler Stainless,"Produk bagus, bahan adem dan sesuai gambar.",4,2025-05-06
kamilasantoso,Headset Bluetooth,"Warnanya cantik dan tahan lama, puas banget!",4,2024-11-29
nurdiyantimuni,Tumbler Stainless,"Pengiriman cepat, packing rapi. Recommended!",4,2025-01-01
balijanyulianti,Parfum Unisex,Barang sampai dengan aman dan cepat.,4,2025-02-11
danukurniawan,Sandals Pria,"Pengiriman cepat, packing rapi. Recommended!",5,2025-04-02
panjiwibisono,Dompet Kulit,"Pengiriman cepat, packing rapi. Recommended!",5,2024-08-24
wasitaclara,Sepatu Sneakers,"Pengiriman cepat, packing rapi. Recommended!",4,2025-02-20
inamaryati,Kaos Oblong,"Harga terjangkau, kualitas mantap!",5,2024-11-07
gandewawaskita,Tas Ransel,"Respon penjual cepat, barang dikirim hari itu juga.",5,2024-08-13
gatot38,Kaos Oblong,"Produk bagus, bahan adem dan sesuai gambar.",5,2024-09-28
prasetyomaryadi,Kaos Oblong,"Warnanya cantik dan tahan lama, puas banget!",5,2025-03-25
busada,Tumbler Stainless,"Sudah belanja beberapa kali, selalu puas.",5,2025-04-13
cemanisaptono,Tumbler Stainless,"Warnanya cantik dan tahan lama, puas banget!",5,2025-04-07
prayitnasihombing,Celana Jeans,Produk original dan kualitasnya premium.,5,2025-04-11
lalitapradipta,Powerbank 10000mAh,"Pengiriman cepat, packing rapi. Recommended!",5,2025-02-05
wijayagangsa,Tas Ransel,"Warnanya cantik dan tahan lama, puas banget!",5,2025-03-13
hmustofa,Tumbler Stainless,"Warnanya cantik dan tahan lama, puas banget!",5,2024-08-28
ratih79,Tas Ransel,"Produk bagus, bahan adem dan sesuai gambar.",5,2024-09-08
yanceharyanto,Tumbler Stainless,"Sesuai deskripsi, kualitas oke dan tahan lama.",5,2024-12-20
ilsa39,Jaket Hoodie,"Sudah belanja beberapa kali, selalu puas.",5,2024-12-26
kenariwinarno,Tumbler Stainless,"Respon penjual cepat, barang dikirim hari itu juga.",5,2024-11-26
aurora34,Tas Ransel,Produk original dan kualitasnya premium.,5,2024-08-19
dwacana,Mouse Wireless,Produk original dan kualitasnya premium.,4,2024-07-18
liman84,Kemeja Polos,"Sudah belanja beberapa kali, selalu puas.",5,2024-10-22
vfarida,Kaos Oblong,"Harga terjangkau, kualitas mantap!",4,2024-10-06
tedi11,Sandals Pria,"Sesuai deskripsi, kualitas oke dan tahan lama.",4,2024-08-03
qsaputra,Headset Bluetooth,"Sesuai deskripsi, kualitas oke dan tahan lama.",4,2024-08-16
jwijayanti,Dompet Kulit,"Sesuai deskripsi, kualitas oke dan tahan lama.",5,2024-10-25
wadi22,Jam Tangan Digital,"Warnanya cantik dan tahan lama, puas banget!",5,2025-04-05
pujiutami,Tas Ransel,"Warnanya cantik dan tahan lama, puas banget!",5,2024-10-14
puput33,Mouse Wireless,"Warnanya cantik dan tahan lama, puas banget!",5,2024-08-20
zsimbolon,Headset Bluetooth,Produk original dan kualitasnya premium.,5,2024-07-21
gnajmudin,Jam Tangan Digital,"Pengiriman cepat, packing rapi. Recommended!",4,2025-03-20
harjosuwarno,Powerbank 10000mAh,"Sudah belanja beberapa kali, selalu puas.",5,2024-12-01
halimahgalih,Kemeja Polos,"Sudah belanja beberapa kali, selalu puas.",5,2024-11-09
prasetyamansur,Kemeja Polos,Produk original dan kualitasnya premium.,5,2024-10-14
drajatsiregar,Jaket Hoodie,"Respon penjual cepat, barang dikirim hari itu juga.",4,2024-10-15
puspahartati,Kemeja Polos,"Sesuai deskripsi, kualitas oke dan tahan lama.",5,2024-08-11
faridadartono,Lipstik Matte,"Sudah belanja beberapa kali, selalu puas.",5,2025-05-28
wprasasta,Mouse Wireless,"Pengiriman cepat, packing rapi. Recommended!",5,2024-09-16
aswanimanullang,Celana Jeans,"Respon penjual cepat, barang dikirim hari itu juga.",4,2024-10-10
puspasarisafina,Parfum Unisex,"Warnanya cantik dan tahan lama, puas banget!",5,2024-11-24
snapitupulu,Mouse Wireless,"Harga terjangkau, kualitas mantap!",5,2024-12-24
farhunnisa97,Tumbler Stainless,Produk original dan kualitasnya premium.,5,2025-05-06
jindra47,Sandals Pria,"Pengiriman cepat, packing rapi. Recommended!",4,2024-09-07
ymansur,Powerbank 10000mAh,"Harga terjangkau, kualitas mantap!",5,2024-06-27
vzulkarnain,Keyboard Mechanical,"Produk bagus, bahan adem dan sesuai gambar.",5,2024-06-22
nilampermata,Sepatu Sneakers,"Pengiriman cepat, packing rapi. Recommended!",5,2025-04-14
puti54,Headset Bluetooth,"Sudah belanja beberapa kali, selalu puas.",5,2024-10-31
hidayatumar,Dompet Kulit,"Respon penjual cepat, barang dikirim hari itu juga.",5,2024-12-18
gsimbolon,Kemeja Polos,"Pengiriman cepat, packing rapi. Recommended!",5,2024-08-19
galurlazuardi,Tumbler Stainless,"Warnanya cantik dan tahan lama, puas banget!",5,2024-10-11
fkuswoyo,Tas Ransel,"Warnanya cantik dan tahan lama, puas banget!",5,2024-11-05
panji46,Kemeja Polos,"Produk bagus, bahan adem dan sesuai gambar.",5,2024-07-12
alambanadamanik,Parfum Unisex,"Harga terjangkau, kualitas mantap!",5,2024-07-21
tirta64,Lipstik Matte,"Sudah belanja beberapa kali, selalu puas.",5,2025-06-10
karmaardianto,Celana Jeans,"Harga terjangkau, kualitas mantap!",5,2025-04-29
sgunarto,Celana Jeans,"Respon penjual cepat, barang dikirim hari itu juga.",5,2024-09-05
gandiwinarsih,Jam Tangan Digital,"Harga terjangkau, kualitas mantap!",5,2025-05-16
vprasetya,Celana Jeans,"Warnanya cantik dan tahan lama, puas banget!",5,2025-03-02
ysamosir,Sandals Pria,"Packing rapi banget, penjual ramah.",5,2024-07-11
mustofalembah,Tas Ransel,"Packing rapi banget, penjual ramah.",5,2025-06-08
sharyanto,Jaket Hoodie,Barang sampai dengan aman dan cepat.,5,2025-06-01
karen93,Headset Bluetooth,"Sesuai deskripsi, kualitas oke dan tahan lama.",4,2024-08-05
riyantivanesa,Tas Ransel,"Packing rapi banget, penjual ramah.",5,2025-04-01
prabasafitri,Sandals Pria,"Packing rapi banget, penjual ramah.",5,2025-05-27
andrianipraba,Powerbank 10000mAh,"Harga terjangkau, kualitas mantap!",4,2025-04-26
dsuwarno,Celana Jeans,"Pengiriman cepat, packing rapi. Recommended!",4,2024-08-28
lazuardicapa,Jaket Hoodie,"Packing rapi banget, penjual ramah.",4,2025-01-04
gamanto78,Dompet Kulit,Produk original dan kualitasnya premium.,5,2024-07-26
danang89,Jaket Hoodie,"Produk bagus, bahan adem dan sesuai gambar.",5,2024-12-09
pudjiastutimariadi,Parfum Unisex,Barang sampai dengan aman dan cepat.,5,2025-05-08
ellistamba,Parfum Unisex,"Respon penjual cepat, barang dikirim hari itu juga.",5,2024-11-08
ophelia89,Sepatu Sneakers,Produk original dan kualitasnya premium.,5,2024-10-30
anggabaya14,Keyboard Mechanical,"Produk bagus, bahan adem dan sesuai gambar.",5,2024-10-16
elma64,Kaos Oblong,"Respon penjual cepat, barang dikirim hari itu juga.",5,2024-09-19
mustofajelita,Kemeja Polos,"Packing rapi banget, penjual ramah.",5,2025-04-14
jamalianugroho,Kaos Oblong,"Respon penjual cepat, barang dikirim hari itu juga.",5,2024-11-07
rahmawatiharimurti,Kemeja Polos,"Warnanya cantik dan tahan lama, puas banget!",5,2025-02-14
dgunawan,Tas Ransel,"Pengiriman cepat, packing rapi. Recommended!",5,2025-05-16
karjanasyidah,Kaos Oblong,Produk original dan kualitasnya premium.,5,2025-02-09
daryaniyulianti,Sandals Pria,Produk original dan kualitasnya premium.,5,2024-10-18
bahuwarnanasyiah,Lipstik Matte,"Respon penjual cepat, barang dikirim hari itu juga.",4,2024-12-17
balapati83,Dompet Kulit,"Warnanya cantik dan tahan lama, puas banget!",5,2024-08-08
dastuti,Headset Bluetooth,Produk original dan kualitasnya premium.,4,2025-02-17
vegajanuar,Dompet Kulit,"Produk bagus, bahan adem dan sesuai gambar.",5,2024-08-19
uyainahjono,Mouse Wireless,"Respon penjual cepat, barang dikirim hari itu juga.",5,2025-03-11
mujurpalastri,Tas Ransel,"Sudah belanja beberapa kali, selalu puas.",5,2025-02-01
violethutagalung,Sepatu Sneakers,"Warnanya cantik dan tahan lama, puas banget!",5,2025-05-28
agustinaemas,Dompet Kulit,"Sudah belanja beberapa kali, selalu puas.",5,2025-04-21
dirja44,Sandals Pria,Produk original dan kualitasnya premium.,5,2025-04-18
salmansafitri,Celana Jeans,"Sesuai deskripsi, kualitas oke dan tahan lama.",5,2024-12-07
amitamba,Lipstik Matte,"Respon penjual cepat, barang dikirim hari itu juga.",5,2025-05-06
ana54,Tumbler Stainless,Produk original dan kualitasnya premium.,5,2024-12-05
nashiruddincecep,Sandals Pria,Produk original dan kualitasnya premium.,5,2025-03-28
vickyuyainah,Celana Jeans,"Produk bagus, bahan adem dan sesuai gambar.",5,2024-10-05
wnurdiyanti,Sandals Pria,Produk original dan kualitasnya premium.,5,2024-07-14
vlestari,Parfum Unisex,Produk original dan kualitasnya premium.,5,2025-06-04
kunthara23,Dompet Kulit,"Pengiriman cepat, packing rapi. Recommended!",4,2025-02-04
garang17,Celana Jeans,"Sesuai deskripsi, kualitas oke dan tahan lama.",5,2025-01-26
shania06,Celana Jeans,"Sesuai deskripsi, kualitas oke dan tahan lama.",5,2025-02-17
faridaumay,Keyboard Mechanical,"Pengiriman cepat, packing rapi. Recommended!",5,2025-04-30
mulyaniyuliana,Powerbank 10000mAh,"Harga terjangkau, kualitas mantap!",5,2025-03-31
aprabowo,Parfum Unisex,"Warnanya cantik dan tahan lama, puas banget!",5,2024-10-22
dlatupono,Kaos Oblong,"Sesuai deskripsi, kualitas oke dan tahan lama.",5,2025-06-03
carubutami,Sandals Pria,"Sudah belanja beberapa kali, selalu puas.",5,2025-03-03
jprabowo,Tumbler Stainless,"Sesuai deskripsi, kualitas oke dan tahan lama.",4,2025-04-10
mulyanto62,Headset Bluetooth,"Produk bagus, bahan adem dan sesuai gambar.",5,2024-10-07
melaniraina,Sepatu Sneakers,Barang sampai dengan aman dan cepat.,5,2025-05-25
ajimatpurnawati,Keyboard Mechanical,"Sudah belanja beberapa kali, selalu puas.",5,2024-09-15
lsaragih,Powerbank 10000mAh,"Packing rapi banget, penjual ramah.",5,2024-10-08
atmawibowo,Celana Jeans,"Sesuai deskripsi, kualitas oke dan tahan lama.",5,2025-06-05
enababan,Tas Ransel,Produk original dan kualitasnya premium.,5,2024-12-17
saefullahemin,Headset Bluetooth,"Produk bagus, bahan adem dan sesuai gambar.",5,2025-03-21
enovitasari,Dompet Kulit,Barang sampai dengan aman dan cepat.,5,2024-09-05
ajiman55,Jaket Hoodie,"Packing rapi banget, penjual ramah.",5,2025-03-31
kawacarajasa,Tas Ransel,"Sesuai deskripsi, kualitas oke dan tahan lama.",5,2025-02-04
hastuti,Parfum Unisex,"Pengiriman cepat, packing rapi. Recommended!",5,2024-06-23
maras88,Tas Ransel,"Respon penjual cepat, barang dikirim hari itu juga.",4,2025-05-22
upikwastuti,Kemeja Polos,"Packing rapi banget, penjual ramah.",5,2024-07-14
yuliana18,Tumbler Stainless,"Sudah belanja beberapa kali, selalu puas.",4,2025-04-28
npradana,Dompet Kulit,"Warnanya cantik dan tahan lama, puas banget!",5,2024-10-02
paimansaefullah,Lipstik Matte,"Produk bagus, bahan adem dan sesuai gambar.",5,2025-01-24
kagustina,Sepatu Sneakers,"Packing rapi banget, penjual ramah.",4,2025-05-22
eja00,Kemeja Polos,"Warnanya cantik dan tahan lama, puas banget!",5,2025-03-19
paiman73,Sandals Pria,"Respon penjual cepat, barang dikirim hari itu juga.",4,2025-04-10
xprasetya,Sandals Pria,"Sudah belanja beberapa kali, selalu puas.",5,2024-07-08
azalea82,Parfum Unisex,"Pengiriman cepat, packing rapi. Recommended!",5,2024-12-04
legapurnawati,Jam Tangan Digital,"Harga terjangkau, kualitas mantap!",5,2024-10-10
maryadikarsana,Jaket Hoodie,"Sesuai deskripsi, kualitas oke dan tahan lama.",5,2024-07-26
aninasyiah,Sepatu Sneakers,Barang sampai dengan aman dan cepat.,5,2025-05-05
malakusmawati,Tumbler Stainless,"Harga terjangkau, kualitas mantap!",4,2025-02-12
aanggriawan,Tumbler Stainless,Barang sampai dengan aman dan cepat.,5,2024-07-28
lwulandari,Celana Jeans,Produk original dan kualitasnya premium.,5,2024-06-28
ghaliyatiutami,Sepatu Sneakers,"Packing rapi banget, penjual ramah.",5,2025-04-18
naryani,Sandals Pria,"Respon penjual cepat, barang dikirim hari itu juga.",4,2024-12-28
marbunprakosa,Lipstik Matte,"Warnanya cantik dan tahan lama, puas banget!",5,2024-06-18
darmanaharyanti,Kaos Oblong,"Pengiriman cepat, packing rapi. Recommended!",4,2025-05-24
jagapati59,Sepatu Sneakers,Produk original dan kualitasnya premium.,4,2024-06-18
keisha80,Lipstik Matte,Barang sampai dengan aman dan cepat.,4,2024-11-05
luthfi97,Sandals Pria,"Packing rapi banget, penjual ramah.",5,2024-11-20
sihotanggatra,Celana Jeans,"Sudah belanja beberapa kali, selalu puas.",5,2025-02-05
kprasetya,Jam Tangan Digital,Barang sampai dengan aman dan cepat.,4,2025-01-31
daryani46,Parfum Unisex,"Pengiriman cepat, packing rapi. Recommended!",5,2024-10-22
andrianivicky,Jam Tangan Digital,"Sesuai deskripsi, kualitas oke dan tahan lama.",4,2025-01-20
gara96,Sepatu Sneakers,Produk original dan kualitasnya premium.,5,2024-12-12
putu14,Celana Jeans,"Pengiriman cepat, packing rapi. Recommended!",5,2025-06-12
jayadi21,Parfum Unisex,"Sudah belanja beberapa kali, selalu puas.",5,2024-12-23
usantoso,Powerbank 10000mAh,"Packing rapi banget, penjual ramah.",4,2024-09-02
fsuartini,Keyboard Mechanical,"Sudah belanja beberapa kali, selalu puas.",4,2025-04-18
satya58,Sandals Pria,"Warnanya cantik dan tahan lama, puas banget!",5,2024-08-04
mulyanimila,Sepatu Sneakers,"Harga terjangkau, kualitas mantap!",5,2024-10-06
jaganasyiah,Headset Bluetooth,"Packing rapi banget, penjual ramah.",4,2024-06-20
cagersaragih,Celana Jeans,Produk original dan kualitasnya premium.,5,2024-08-13
gambira07,Tumbler Stainless,"Pengiriman cepat, packing rapi. Recommended!",4,2024-10-07
wnapitupulu,Kemeja Polos,"Sesuai deskripsi, kualitas oke dan tahan lama.",5,2025-04-17
tomiwinarno,Jam Tangan Digital,Produk original dan kualitasnya premium.,5,2024-10-01
mustofa91,Dompet Kulit,"Pengiriman cepat, packing rapi. Recommended!",4,2025-03-09
winarnodaliono,Keyboard Mechanical,"Sesuai deskripsi, kualitas oke dan tahan lama.",5,2024-06-30
prabowo63,Headset Bluetooth,"Respon penjual cepat, barang dikirim hari itu juga.",5,2025-02-05
prayoga56,Kemeja Polos,"Pengiriman cepat, packing rapi. Recommended!",5,2025-03-21
respati79,Jam Tangan Digital,"Produk bagus, bahan adem dan sesuai gambar.",5,2025-04-02
yuniarganda,Jaket Hoodie,"Harga terjangkau, kualitas mantap!",5,2025-01-01
janggraini,Mouse Wireless,Produk original dan kualitasnya premium.,5,2025-03-23
dewilazuardi,Tas Ransel,"Sesuai deskripsi, kualitas oke dan tahan lama.",5,2025-04-02
parman21,Tas Ransel,Barang sampai dengan aman dan cepat.,5,2024-09-01
esihotang,Jaket Hoodie,"Harga terjangkau, kualitas mantap!",4,2024-10-01
gamanmayasari,Sepatu Sneakers,"Warnanya cantik dan tahan lama, puas banget!",5,2025-04-17
cager87,Powerbank 10000mAh,Produk original dan kualitasnya premium.,5,2024-08-29
lailahutasoit,Headset Bluetooth,"Harga terjangkau, kualitas mantap!",4,2025-01-28
mwidodo,Lipstik Matte,Barang sampai dengan aman dan cepat.,5,2024-09-19
damu68,Keyboard Mechanical,Produk original dan kualitasnya premium.,5,2024-08-13
vanesa29,Jaket Hoodie,"Warnanya cantik dan tahan lama, puas banget!",5,2025-06-01
faridatiara,Sandals Pria,"Sesuai deskripsi, kualitas oke dan tahan lama.",5,2025-04-05
dnasyiah,Tumbler Stainless,"Harga terjangkau, kualitas mantap!",4,2024-07-21
nurainivinsen,Parfum Unisex,"Harga terjangkau, kualitas mantap!",5,2024-09-21
buyainah,Mouse Wireless,"Warnanya cantik dan tahan lama, puas banget!",5,2025-04-30
parishariyah,Tumbler Stainless,"Respon penjual cepat, barang dikirim hari itu juga.",5,2024-08-05
chandraprastuti,Dompet Kulit,Produk original dan kualitasnya premium.,5,2024-11-28
rainahardiansyah,Kemeja Polos,Barang sampai dengan aman dan cepat.,5,2025-01-04
heryanto47,Mouse Wireless,Produk original dan kualitasnya premium.,5,2024-11-08
dipa17,Kemeja Polos,Produk original dan kualitasnya premium.,4,2025-05-07
firmansyahghaliyati,Keyboard Mechanical,Produk original dan kualitasnya premium.,5,2025-01-19
sitorustina,Dompet Kulit,"Pengiriman cepat, packing rapi. Recommended!",5,2025-01-07
ysirait,Kemeja Polos,"Warnanya cantik dan tahan lama, puas banget!",5,2024-09-23
halimahlala,Tas Ransel,Barang sampai dengan aman dan cepat.,5,2025-03-23
danang76,Keyboard Mechanical,"Pengiriman cepat, packing rapi. Recommended!",4,2024-08-11
dalimaputra,Kemeja Polos,"Packing rapi banget, penjual ramah.",5,2025-01-18
upradana,Kaos Oblong,Produk original dan kualitasnya premium.,5,2024-08-14
bsudiati,Tumbler Stainless,"Harga terjangkau, kualitas mantap!",5,2024-10-20
zpertiwi,Celana Jeans,"Produk bagus, bahan adem dan sesuai gambar.",4,2025-05-29
zamirahakim,Jaket Hoodie,Barang sampai dengan aman dan cepat.,5,2024-09-16
wirdanuraini,Dompet Kulit,"Pengiriman cepat, packing rapi. Recommended!",5,2025-02-02
paulinnainggolan,Dompet Kulit,"Respon penjual cepat, barang dikirim hari itu juga.",5,2025-04-12
zhariyah,Jam Tangan Digital,"Sesuai deskripsi, kualitas oke dan tahan lama.",5,2024-11-10
jefri65,Sandals Pria,"Produk bagus, bahan adem dan sesuai gambar.",5,2025-02-22
fsamosir,Lipstik Matte,"Pengiriman cepat, packing rapi. Recommended!",5,2024-09-15
fitrianisaefullah,Sandals Pria,"Sudah belanja beberapa kali, selalu puas.",5,2024-06-18
hkuswandari,Jaket Hoodie,"Packing rapi banget, penjual ramah.",5,2024-07-02
salahudinjulia,Lipstik Matte,Barang sampai dengan aman dan cepat.,5,2025-03-23
hasta52,Headset Bluetooth,Barang sampai dengan aman dan cepat.,5,2024-12-16
yolandajoko,Keyboard Mechanical,"Harga terjangkau, kualitas mantap!",4,2025-03-16
qanggriawan,Tumbler Stainless,"Respon penjual cepat, barang dikirim hari itu juga.",4,2024-08-02
mhalimah,Lipstik Matte,"Sesuai deskripsi, kualitas oke dan tahan lama.",4,2024-09-10
ajimat23,Kemeja Polos,"Harga terjangkau, kualitas mantap!",5,2025-01-11
karmangunawan,Keyboard Mechanical,"Packing rapi banget, penjual ramah.",5,2024-12-07
elma91,Jam Tangan Digital,"Sudah belanja beberapa kali, selalu puas.",5,2024-08-07
jagapati77,Tas Ransel,"Harga terjangkau, kualitas mantap!",5,2024-07-27
gadang27,Sandals Pria,"Packing rapi banget, penjual ramah.",5,2025-01-24
siregaredward,Keyboard Mechanical,Produk original dan kualitasnya premium.,4,2025-02-18
putradamu,Tas Ransel,Produk original dan kualitasnya premium.,5,2024-11-07
btamba,Sandals Pria,Produk original dan kualitasnya premium.,5,2025-06-01
wulandarivanesa,Tumbler Stainless,Produk original dan kualitasnya premium.,5,2024-10-01
nasyidahuda,Dompet Kulit,"Warnanya cantik dan tahan lama, puas banget!",4,2024-11-02
namagacinthia,Kaos Oblong,Barang sampai dengan aman dan cepat.,5,2025-01-18
chandra95,Powerbank 10000mAh,"Pengiriman cepat, packing rapi. Recommended!",5,2025-05-14
wijayantisyahrini,Jaket Hoodie,"Sudah belanja beberapa kali, selalu puas.",5,2024-06-28
umaya63,Dompet Kulit,"Packing rapi banget, penjual ramah.",5,2025-04-27
jarwipudjiastuti,Powerbank 10000mAh,"Sesuai deskripsi, kualitas oke dan tahan lama.",5,2024-08-01
xhutasoit,Celana Jeans,"Respon penjual cepat, barang dikirim hari itu juga.",4,2024-11-27
pangestuwahyudin,Powerbank 10000mAh,"Warnanya cantik dan tahan lama, puas banget!",5,2024-06-13
marpaungian,Mouse Wireless,Produk original dan kualitasnya premium.,4,2024-09-28
yani53,Tas Ransel,Produk original dan kualitasnya premium.,5,2024-12-28
susantijamil,Sepatu Sneakers,"Harga terjangkau, kualitas mantap!",4,2025-06-11
usmanmandasari,Keyboard Mechanical,"Warnanya cantik dan tahan lama, puas banget!",5,2024-08-27
aurora20,Keyboard Mechanical,"Warnanya cantik dan tahan lama, puas banget!",5,2024-10-26
jamalia12,Jam Tangan Digital,"Pengiriman cepat, packing rapi. Recommended!",5,2025-01-29
keisha75,Powerbank 10000mAh,Barang sampai dengan aman dan cepat.,4,2025-04-26
oanggriawan,Mouse Wireless,"Pengiriman cepat, packing rapi. Recommended!",5,2024-08-07
marpaungozy,Jaket Hoodie,Barang sampai dengan aman dan cepat.,4,2024-10-18
prakosamelani,Sandals Pria,Produk original dan kualitasnya premium.,5,2024-06-13
onatsir,Jam Tangan Digital,"Packing rapi banget, penjual ramah.",5,2025-05-19
widiastutiwarsa,Celana Jeans,"Warnanya cantik dan tahan lama, puas banget!",5,2024-09-15
bprasasta,Lipstik Matte,"Harga terjangkau, kualitas mantap!",4,2024-08-19
jono90,Sepatu Sneakers,Barang sampai dengan aman dan cepat.,5,2025-05-02
kusuma69,Sepatu Sneakers,"Pengiriman cepat, packing rapi. Recommended!",5,2024-08-18
lailasiregar,Kaos Oblong,"Harga terjangkau, kualitas mantap!",4,2025-03-09
teguhkurniawan,Kaos Oblong,"Produk bagus, bahan adem dan sesuai gambar.",5,2024-10-09
maheswaraarta,Jaket Hoodie,"Produk bagus, bahan adem dan sesuai gambar.",5,2025-05-29
shabibi,Kemeja Polos,"Warnanya cantik dan tahan lama, puas banget!",4,2024-10-12
ssitorus,Jaket Hoodie,"Produk bagus, bahan adem dan sesuai gambar.",4,2024-11-15
aurorawulandari,Sandals Pria,"Harga terjangkau, kualitas mantap!",5,2024-07-29
jaya36,Powerbank 10000mAh,"Produk bagus, bahan adem dan sesuai gambar.",5,2025-06-03
novitasaridinda,Tumbler Stainless,"Sesuai deskripsi, kualitas oke dan tahan lama.",5,2024-09-28
gardianto,Jam Tangan Digital,"Packing rapi banget, penjual ramah.",4,2025-05-15
vsuryono,Mouse Wireless,"Sesuai deskripsi, kualitas oke dan tahan lama.",4,2024-09-27
tpangestu,Tumbler Stainless,Barang sampai dengan aman dan cepat.,5,2025-02-15
prasetyoganjaran,Sandals Pria,"Warnanya cantik dan tahan lama, puas banget!",5,2024-06-20
rinidongoran,Headset Bluetooth,"Harga terjangkau, kualitas mantap!",5,2024-10-17
hamzah35,Mouse Wireless,"Harga terjangkau, kualitas mantap!",5,2024-10-02
isimanjuntak,Keyboard Mechanical,"Sudah belanja beberapa kali, selalu puas.",5,2024-07-05
halimahcengkal,Sepatu Sneakers,"Sesuai deskripsi, kualitas oke dan tahan lama.",5,2024-08-26
esusanti,Celana Jeans,"Sesuai deskripsi, kualitas oke dan tahan lama.",5,2024-09-23
jhabibi,Headset Bluetooth,"Respon penjual cepat, barang dikirim hari itu juga.",5,2024-09-14
setiawanendah,Kemeja Polos,"Respon penjual cepat, barang dikirim hari itu juga.",5,2024-11-02
dinamahendra,Tumbler Stainless,"Pengiriman cepat, packing rapi. Recommended!",5,2025-06-01
prasetyorajasa,Celana Jeans,Barang sampai dengan aman dan cepat.,4,2024-12-28
keziasihotang,Sandals Pria,"Sudah belanja beberapa kali, selalu puas.",5,2024-09-06
napitupulugalih,Kaos Oblong,Produk original dan kualitasnya premium.,5,2025-03-15
rsuwarno,Dompet Kulit,"Pengiriman cepat, packing rapi. Recommended!",4,2025-02-19
mrahmawati,Sepatu Sneakers,"Packing rapi banget, penjual ramah.",5,2025-01-28
mulyaniakarsana,Dompet Kulit,"Sudah belanja beberapa kali, selalu puas.",4,2024-06-17
rangga42,Jaket Hoodie,"Respon penjual cepat, barang dikirim hari itu juga.",5,2024-10-18
kenari46,Sepatu Sneakers,"Warnanya cantik dan tahan lama, puas banget!",5,2025-05-03
gandiprayoga,Lipstik Matte,"Sudah belanja beberapa kali, selalu puas.",4,2024-07-26
siregarpranata,Powerbank 10000mAh,"Harga terjangkau, kualitas mantap!",5,2024-09-28
mahendradanang,Keyboard Mechanical,"Warnanya cantik dan tahan lama, puas banget!",4,2025-06-10
baktiadi47,Kaos Oblong,"Respon penjual cepat, barang dikirim hari itu juga.",5,2024-08-14
halimahvega,Sepatu Sneakers,"Harga terjangkau, kualitas mantap!",4,2025-03-20
jasmaniwastuti,Lipstik Matte,"Warnanya cantik dan tahan lama, puas banget!",5,2024-07-10
embuh92,Parfum Unisex,Barang sampai dengan aman dan cepat.,4,2025-02-05
wage92,Tas Ransel,"Respon penjual cepat, barang dikirim hari itu juga.",5,2024-12-19
anggriawancawisadi,Dompet Kulit,"Warnanya cantik dan tahan lama, puas banget!",4,2025-04-22
titi37,Parfum Unisex,"Packing rapi banget, penjual ramah.",5,2024-11-13
luthfiadriansyah,Sandals Pria,Produk original dan kualitasnya premium.,5,2025-02-05
hasim30,Kaos Oblong,"Sudah belanja beberapa kali, selalu puas.",4,2024-07-13
muhammad09,Parfum Unisex,Barang sampai dengan aman dan cepat.,5,2024-08-29
prakasajaswadi,Kemeja Polos,"Harga terjangkau, kualitas mantap!",5,2024-10-11
ewibisono,Tumbler Stainless,"Sudah belanja beberapa kali, selalu puas.",5,2025-01-25
novihasanah,Kaos Oblong,"Pengiriman cepat, packing rapi. Recommended!",5,2024-12-04
manggriawan,Sepatu Sneakers,"Produk bagus, bahan adem dan sesuai gambar.",5,2025-04-15
aryanijaeman,Keyboard Mechanical,Produk original dan kualitasnya premium.,5,2024-08-03
jailanianom,Dompet Kulit,"Harga terjangkau, kualitas mantap!",5,2025-03-07
uzulkarnain,Sepatu Sneakers,"Packing rapi banget, penjual ramah.",4,2024-10-21
yuniarargono,Parfum Unisex,Barang sampai dengan aman dan cepat.,4,2024-10-28
sucihastuti,Jaket Hoodie,"Harga terjangkau, kualitas mantap!",5,2024-11-01
tami33,Lipstik Matte,Barang sampai dengan aman dan cepat.,5,2025-03-15
darijanwahyudin,Tumbler Stainless,"Warnanya cantik dan tahan lama, puas banget!",5,2024-12-11
praboworahayu,Kemeja Polos,"Pengiriman cepat, packing rapi. Recommended!",5,2025-04-30
kamal61,Headset Bluetooth,"Packing rapi banget, penjual ramah.",5,2024-12-11
ntamba,Headset Bluetooth,"Packing rapi banget, penjual ramah.",5,2025-01-10
darmana45,Keyboard Mechanical,"Pengiriman cepat, packing rapi. Recommended!",5,2025-05-16
balijan38,Parfum Unisex,"Sudah belanja beberapa kali, selalu puas.",4,2024-06-15
owibowo,Mouse Wireless,"Packing rapi banget, penjual ramah.",5,2025-05-08
rajasaridwan,Celana Jeans,"Sudah belanja beberapa kali, selalu puas.",5,2025-04-30
dtampubolon,Dompet Kulit,Barang sampai dengan aman dan cepat.,4,2024-12-26
haryantiolivia,Sandals Pria,"Sudah belanja beberapa kali, selalu puas.",5,2024-12-31
widiastutitira,Keyboard Mechanical,Barang sampai dengan aman dan cepat.,5,2025-01-17
karimahhidayat,Jam Tangan Digital,"Sudah belanja beberapa kali, selalu puas.",5,2024-08-19
gyulianti,Lipstik Matte,"Sudah belanja beberapa kali, selalu puas.",5,2025-03-03
pyuliarti,Celana Jeans,"Harga terjangkau, kualitas mantap!",5,2024-12-22
slaksita,Headset Bluetooth,Produk original dan kualitasnya premium.,5,2025-03-12
waluyocahyanto,Sepatu Sneakers,"Packing rapi banget, penjual ramah.",4,2024-10-02
duyainah,Powerbank 10000mAh,"Packing rapi banget, penjual ramah.",5,2024-08-26
siregarcemeti,Tumbler Stainless,"Warnanya cantik dan tahan lama, puas banget!",5,2024-10-06
ellasuwarno,Keyboard Mechanical,Barang sampai dengan aman dan cepat.,5,2024-12-29
mmanullang,Tas Ransel,"Warnanya cantik dan tahan lama, puas banget!",5,2024-12-05
gantar10,Jaket Hoodie,Barang sampai dengan aman dan cepat.,5,2024-10-03
hassanahkaren,Sepatu Sneakers,"Harga terjangkau, kualitas mantap!",5,2025-02-19
qputra,Jam Tangan Digital,"Harga terjangkau, kualitas mantap!",5,2024-11-06
lazuardifarah,Parfum Unisex,"Harga terjangkau, kualitas mantap!",5,2025-03-04
muhammad42,Kemeja Polos,"Harga terjangkau, kualitas mantap!",4,2025-01-10
bakijanharyanti,Kemeja Polos,"Packing rapi banget, penjual ramah.",5,2024-11-27
dongorankenzie,Jaket Hoodie,Barang sampai dengan aman dan cepat.,5,2025-05-23
amansur,Tas Ransel,"Harga terjangkau, kualitas mantap!",5,2025-04-07
umaya24,Jam Tangan Digital,"Harga terjangkau, kualitas mantap!",4,2025-03-21
qmustofa,Headset Bluetooth,"Pengiriman cepat, packing rapi. Recommended!",4,2025-03-20
galuhsaragih,Sepatu Sneakers,"Respon penjual cepat, barang dikirim hari itu juga.",5,2025-05-09
maryatifarah,Sepatu Sneakers,"Warnanya cantik dan tahan lama, puas banget!",5,2024-11-03
knashiruddin,Tas Ransel,"Sesuai deskripsi, kualitas oke dan tahan lama.",5,2024-12-09
febi92,Keyboard Mechanical,"Respon penjual cepat, barang dikirim hari itu juga.",5,2024-10-05
futami,Lipstik Matte,"Sudah belanja beberapa kali, selalu puas.",5,2025-05-10
lsihotang,Kemeja Polos,"Sesuai deskripsi, kualitas oke dan tahan lama.",4,2025-05-10
capa28,Dompet Kulit,"Produk bagus, bahan adem dan sesuai gambar.",4,2024-09-20
ifa07,Kaos Oblong,Produk original dan kualitasnya premium.,4,2025-02-13
winarnonugraha,Powerbank 10000mAh,Produk original dan kualitasnya premium.,5,2025-02-02
pudjiastutilaras,Tumbler Stainless,"Harga terjangkau, kualitas mantap!",5,2025-04-29
astutitina,Lipstik Matte,"Sudah belanja beberapa kali, selalu puas.",5,2025-04-13
violethardiansyah,Keyboard Mechanical,"Produk bagus, bahan adem dan sesuai gambar.",5,2025-04-05
mandalafathonah,Headset Bluetooth,Barang sampai dengan aman dan cepat.,5,2024-12-11
ina15,Headset Bluetooth,"Sudah belanja beberapa kali, selalu puas.",5,2025-02-21
eanggriawan,Keyboard Mechanical,"Respon penjual cepat, barang dikirim hari itu juga.",5,2024-07-05
umisalahudin,Powerbank 10000mAh,Produk original dan kualitasnya premium.,5,2025-03-02
evazulaika,Dompet Kulit,Barang sampai dengan aman dan cepat.,5,2025-01-05
budimangamani,Sandals Pria,"Sesuai deskripsi, kualitas oke dan tahan lama.",5,2025-02-28
zeldapangestu,Lipstik Matte,"Produk bagus, bahan adem dan sesuai gambar.",5,2024-09-09
nurdiyantigilang,Jaket Hoodie,"Pengiriman cepat, packing rapi. Recommended!",5,2025-04-05
andrianiajimin,Lipstik Matte,"Pengiriman cepat, packing rapi. Recommended!",5,2025-02-12
ajionoprabowo,Tumbler Stainless,"Sudah belanja beberapa kali, selalu puas.",4,2024-08-31
lalita07,Kaos Oblong,"Packing rapi banget, penjual ramah.",5,2025-04-10
anggabayatamba,Parfum Unisex,"Warnanya cantik dan tahan lama, puas banget!",4,2024-06-16
nasyiahlabuh,Lipstik Matte,"Produk bagus, bahan adem dan sesuai gambar.",5,2025-05-13
mursinintamba,Sepatu Sneakers,Barang sampai dengan aman dan cepat.,4,2024-11-09
iswahyudihasan,Celana Jeans,"Warnanya cantik dan tahan lama, puas banget!",5,2024-09-24
budiyantokarja,Powerbank 10000mAh,"Harga terjangkau, kualitas mantap!",4,2024-12-15
jail55,Sepatu Sneakers,"Sudah belanja beberapa kali, selalu puas.",5,2025-02-09
xkuswandari,Powerbank 10000mAh,Barang sampai dengan aman dan cepat.,5,2024-10-22
winarnogading,Keyboard Mechanical,"Respon penjual cepat, barang dikirim hari itu juga.",5,2025-02-14
prastutitantri,Mouse Wireless,"Respon penjual cepat, barang dikirim hari itu juga.",5,2024-09-10
winarsihcaturangga,Kemeja Polos,"Harga terjangkau, kualitas mantap!",5,2025-03-02
rwibowo,Powerbank 10000mAh,Barang sampai dengan aman dan cepat.,5,2025-06-04
dwisamosir,Kaos Oblong,Produk original dan kualitasnya premium.,5,2025-01-05
lailasarireksa,Mouse Wireless,Barang sampai dengan aman dan cepat.,4,2024-07-12
novasudiati,Mouse Wireless,"Harga terjangkau, kualitas mantap!",4,2024-09-11
nwidiastuti,Dompet Kulit,"Harga terjangkau, kualitas mantap!",5,2024-08-16
ksirait,Tas Ransel,"Respon penjual cepat, barang dikirim hari itu juga.",5,2025-06-05
xthamrin,Sepatu Sneakers,"Produk bagus, bahan adem dan sesuai gambar.",5,2025-01-23
zmegantara,Headset Bluetooth,Barang sampai dengan aman dan cepat.,5,2024-11-25
vicky52,Sepatu Sneakers,"Produk bagus, bahan adem dan sesuai gambar.",5,2024-07-22
lukita08,Dompet Kulit,"Pengiriman cepat, packing rapi. Recommended!",5,2025-04-06
lamar77,Keyboard Mechanical,"Harga terjangkau, kualitas mantap!",4,2024-07-17
tasdikhassanah,Tumbler Stainless,"Pengiriman cepat, packing rapi. Recommended!",5,2025-04-15
utamadamar,Jam Tangan Digital,"Produk bagus, bahan adem dan sesuai gambar.",4,2025-03-23
dagustina,Dompet Kulit,"Harga terjangkau, kualitas mantap!",5,2024-10-30
pranawahidayanto,Sandals Pria,Barang sampai dengan aman dan cepat.,5,2024-11-06
uhandayani,Celana Jeans,"Sesuai deskripsi, kualitas oke dan tahan lama.",5,2025-04-03
lmandala,Keyboard Mechanical,"Pengiriman cepat, packing rapi. Recommended!",5,2024-09-27
mumpuni59,Tas Ransel,"Pengiriman cepat, packing rapi. Recommended!",4,2025-01-27
siraitjarwadi,Parfum Unisex,Barang sampai dengan aman dan cepat.,4,2024-11-06
bella57,Tas Ransel,"Packing rapi banget, penjual ramah.",5,2024-08-07
sitorustirtayasa,Jam Tangan Digital,"Harga terjangkau, kualitas mantap!",5,2024-07-20
anggrainihendri,Headset Bluetooth,"Harga terjangkau, kualitas mantap!",4,2024-09-01
samiah30,Powerbank 10000mAh,"Respon penjual cepat, barang dikirim hari itu juga.",5,2024-09-18
titi02,Lipstik Matte,"Packing rapi banget, penjual ramah.",5,2025-05-12
jhutasoit,Keyboard Mechanical,Produk original dan kualitasnya premium.,4,2024-11-01
aurora77,Celana Jeans,"Pengiriman cepat, packing rapi. Recommended!",4,2025-05-22
dongorangandewa,Tumbler Stainless,"Sesuai deskripsi, kualitas oke dan tahan lama.",5,2024-07-16
paramita64,Dompet Kulit,"Sesuai deskripsi, kualitas oke dan tahan lama.",5,2024-10-23
asirwandanajmudin,Mouse Wireless,"Pengiriman cepat, packing rapi. Recommended!",5,2024-10-25
mulyono49,Powerbank 10000mAh,"Warnanya cantik dan tahan lama, puas banget!",4,2025-02-03
uwinarsih,Powerbank 10000mAh,"Respon penjual cepat, barang dikirim hari itu juga.",4,2024-12-29
rwaluyo,Mouse Wireless,"Sudah belanja beberapa kali, selalu puas.",5,2025-05-08
karyamardhiyah,Lipstik Matte,"Packing rapi banget, penjual ramah.",5,2025-05-17
waskitaempluk,Sepatu Sneakers,Produk original dan kualitasnya premium.,4,2024-08-16
waskitasiska,Powerbank 10000mAh,"Pengiriman cepat, packing rapi. Recommended!",4,2024-11-10
balidinfirmansyah,Sandals Pria,Produk original dan kualitasnya premium.,5,2024-08-26
mujursirait,Mouse Wireless,"Produk bagus, bahan adem dan sesuai gambar.",5,2025-06-04
najib97,Tas Ransel,"Pengiriman cepat, packing rapi. Recommended!",4,2024-06-26
vsaputra,Headset Bluetooth,"Pengiriman cepat, packing rapi. Recommended!",5,2025-05-17
uwaluyo,Parfum Unisex,"Sesuai deskripsi, kualitas oke dan tahan lama.",5,2025-05-19
radikamaheswara,Celana Jeans,"Sesuai deskripsi, kualitas oke dan tahan lama.",4,2025-04-08
ganda62,Keyboard Mechanical,Barang sampai dengan aman dan cepat.,5,2024-12-20
teddy92,Sandals Pria,Produk original dan kualitasnya premium.,5,2025-03-19
kenziewastuti,Sandals Pria,Barang sampai dengan aman dan cepat.,4,2024-09-29
anitamahendra,Kaos Oblong,"Packing rapi banget, penjual ramah.",5,2025-03-09
pranowoelon,Jam Tangan Digital,"Pengiriman cepat, packing rapi. Recommended!",5,2024-11-19
vhastuti,Tumbler Stainless,"Packing rapi banget, penjual ramah.",5,2025-04-06
januarbakianto,Tumbler Stainless,"Packing rapi banget, penjual ramah.",4,2025-03-12
candrakantasamosir,Headset Bluetooth,"Produk bagus, bahan adem dan sesuai gambar.",4,2024-06-27
citrapranowo,Parfum Unisex,Produk original dan kualitasnya premium.,5,2024-09-19
wmarbun,Lipstik Matte,"Harga terjangkau, kualitas mantap!",4,2025-05-24
rgunarto,Lipstik Matte,"Harga terjangkau, kualitas mantap!",5,2024-07-16
ipudjiastuti,Kemeja Polos,"Respon penjual cepat, barang dikirim hari itu juga.",5,2024-07-03
rajatasakura,Keyboard Mechanical,"Sudah belanja beberapa kali, selalu puas.",4,2024-08-04
ifa12,Lipstik Matte,"Packing rapi banget, penjual ramah.",5,2025-01-10
hutasoitelon,Powerbank 10000mAh,"Warnanya cantik dan tahan lama, puas banget!",5,2024-08-06
kuswandarihalima,Dompet Kulit,"Packing rapi banget, penjual ramah.",5,2024-11-26
yolandalutfan,Parfum Unisex,"Produk bagus, bahan adem dan sesuai gambar.",4,2025-02-09
mhardiansyah,Sepatu Sneakers,Barang sampai dengan aman dan cepat.,5,2024-11-03
aslijan25,Mouse Wireless,Produk original dan kualitasnya premium.,4,2025-04-23
riyantigandewa,Celana Jeans,Barang sampai dengan aman dan cepat.,4,2024-10-30
putri65,Kemeja Polos,"Sesuai deskripsi, kualitas oke dan tahan lama.",4,2024-06-23
ewibowo,Jaket Hoodie,"Warnanya cantik dan tahan lama, puas banget!",4,2025-04-27
simbolonpia,Tas Ransel,"Packing rapi banget, penjual ramah.",5,2024-10-26
umiwibisono,Jam Tangan Digital,Produk original dan kualitasnya premium.,4,2025-02-18
nashiruddinwarta,Headset Bluetooth,"Pengiriman cepat, packing rapi. Recommended!",5,2025-05-26
wulandaribanawa,Mouse Wireless,"Sudah belanja beberapa kali, selalu puas.",4,2025-05-26
animahendra,Tas Ransel,"Harga terjangkau, kualitas mantap!",5,2025-01-23
qnamaga,Jam Tangan Digital,"Pengiriman cepat, packing rapi. Recommended!",4,2024-10-24
nsinaga,Sandals Pria,"Warnanya cantik dan tahan lama, puas banget!",5,2024-07-24
astutigalur,Powerbank 10000mAh,"Sudah belanja beberapa kali, selalu puas.",5,2024-10-29
hartanawastuti,Sepatu Sneakers,"Produk bagus, bahan adem dan sesuai gambar.",5,2025-04-14
puspitacakrabirawa,Kaos Oblong,"Packing rapi banget, penjual ramah.",4,2024-07-19
latif06,Tumbler Stainless,Produk original dan kualitasnya premium.,4,2025-04-12
hartatikarman,Jam Tangan Digital,"Respon penjual cepat, barang dikirim hari itu juga.",5,2024-07-03
prabowowarsita,Powerbank 10000mAh,"Warnanya cantik dan tahan lama, puas banget!",4,2024-10-18
adikaprasasta,Dompet Kulit,"Pengiriman cepat, packing rapi. Recommended!",4,2024-10-29
latuponocagak,Jam Tangan Digital,"Sudah belanja beberapa kali, selalu puas.",4,2024-11-25
jputra,Headset Bluetooth,"Harga terjangkau, kualitas mantap!",5,2025-06-08
lpalastri,Kemeja Polos,Produk original dan kualitasnya premium.,5,2024-08-23
narjimustofa,Headset Bluetooth,"Pengiriman cepat, packing rapi. Recommended!",4,2025-01-19
cakrawala67,Sepatu Sneakers,Produk original dan kualitasnya premium.,4,2025-02-18
farhunnisaanggriawan,Sandals Pria,"Sesuai deskripsi, kualitas oke dan tahan lama.",5,2025-06-12
wisnulatupono,Kemeja Polos,"Harga terjangkau, kualitas mantap!",4,2025-05-17
hnarpati,Sepatu Sneakers,"Harga terjangkau, kualitas mantap!",5,2025-03-19
firmansyahgamblang,Lipstik Matte,"Pengiriman cepat, packing rapi. Recommended!",5,2024-10-11
capa32,Kemeja Polos,Produk original dan kualitasnya premium.,5,2024-11-04
dsuartini,Dompet Kulit,"Packing rapi banget, penjual ramah.",5,2024-12-03
fujiatiradit,Tumbler Stainless,"Produk bagus, bahan adem dan sesuai gambar.",4,2024-07-18
mulyono23,Headset Bluetooth,Barang sampai dengan aman dan cepat.,5,2025-03-09
nyomanlatupono,Lipstik Matte,"Packing rapi banget, penjual ramah.",5,2024-10-21
mnababan,Lipstik Matte,"Sudah belanja beberapa kali, selalu puas.",4,2024-12-30
hasanahdagel,Celana Jeans,Produk original dan kualitasnya premium.,4,2024-07-20
baktiadinapitupulu,Kaos Oblong,"Packing rapi banget, penjual ramah.",5,2025-03-02
andrianiana,Mouse Wireless,"Harga terjangkau, kualitas mantap!",5,2024-12-24
gyuniar,Tas Ransel,"Packing rapi banget, penjual ramah.",5,2024-08-09
yuliartidimaz,Tumbler Stainless,"Harga terjangkau, kualitas mantap!",4,2024-09-28
wira38,Powerbank 10000mAh,"Respon penjual cepat, barang dikirim hari itu juga.",5,2024-11-29
maulanaelisa,Mouse Wireless,"Harga terjangkau, kualitas mantap!",5,2024-12-23
wprakasa,Headset Bluetooth,"Sudah belanja beberapa kali, selalu puas.",5,2024-07-08
nhutapea,Tumbler Stainless,"Sudah belanja beberapa kali, selalu puas.",5,2024-11-20
jaishariyah,Sepatu Sneakers,Produk original dan kualitasnya premium.,5,2024-10-01
qadriansyah,Parfum Unisex,"Harga terjangkau, kualitas mantap!",5,2024-11-15
xhariyah,Lipstik Matte,"Sesuai deskripsi, kualitas oke dan tahan lama.",5,2024-10-26
nashiruddinrusman,Sandals Pria,"Respon penjual cepat, barang dikirim hari itu juga.",5,2025-03-07
natsirtiara,Dompet Kulit,"Warnanya cantik dan tahan lama, puas banget!",5,2024-08-01
yuniarjumari,Dompet Kulit,"Pengiriman cepat, packing rapi. Recommended!",5,2024-08-18
waskitanasrullah,Tas Ransel,"Harga terjangkau, kualitas mantap!",4,2025-03-10
lnarpati,Lipstik Matte,"Sesuai deskripsi, kualitas oke dan tahan lama.",5,2024-09-15
vmangunsong,Sandals Pria,"Warnanya cantik dan tahan lama, puas banget!",4,2025-05-01
xutami,Jam Tangan Digital,"Respon penjual cepat, barang dikirim hari itu juga.",4,2024-06-17
sarahmansur,Headset Bluetooth,"Produk bagus, bahan adem dan sesuai gambar.",4,2024-11-22
luthfilatupono,Sepatu Sneakers,Barang sampai dengan aman dan cepat.,4,2024-09-08
raden02,Jam Tangan Digital,"Produk bagus, bahan adem dan sesuai gambar.",5,2024-09-10
hendri22,Kaos Oblong,"Harga terjangkau, kualitas mantap!",5,2024-08-09
prakasadaniswara,Parfum Unisex,"Sesuai deskripsi, kualitas oke dan tahan lama.",4,2024-06-19
mlatupono,Sepatu Sneakers,"Sudah belanja beberapa kali, selalu puas.",5,2024-08-13
zuwais,Dompet Kulit,"Pengiriman cepat, packing rapi. Recommended!",4,2024-08-18
jinawi19,Celana Jeans,"Respon penjual cepat, barang dikirim hari itu juga.",5,2025-04-18
bahuwarna99,Jam Tangan Digital,"Packing rapi banget, penjual ramah.",4,2025-02-26
lantar82,Tas Ransel,"Packing rapi banget, penjual ramah.",5,2025-06-06
yessisetiawan,Dompet Kulit,"Sesuai deskripsi, kualitas oke dan tahan lama.",4,2025-04-03
banawa56,Tumbler Stainless,"Respon penjual cepat, barang dikirim hari itu juga.",5,2025-02-06
embuh65,Kemeja Polos,Produk original dan kualitasnya premium.,4,2025-04-06
wsuryatmi,Mouse Wireless,"Sudah belanja beberapa kali, selalu puas.",5,2025-04-05
maya46,Powerbank 10000mAh,"Packing rapi banget, penjual ramah.",5,2025-02-23
xbudiman,Sepatu Sneakers,"Harga terjangkau, kualitas mantap!",5,2024-12-23
putraumi,Dompet Kulit,"Sesuai deskripsi, kualitas oke dan tahan lama.",5,2024-07-29
vhidayat,Kemeja Polos,Barang sampai dengan aman dan cepat.,5,2024-06-26
uli52,Sandals Pria,Barang sampai dengan aman dan cepat.,4,2025-02-13
lprayoga,Jam Tangan Digital,"Produk bagus, bahan adem dan sesuai gambar.",5,2025-04-22
kani39,Parfum Unisex,Produk original dan kualitasnya premium.,5,2024-10-08
irawanprasetya,Mouse Wireless,"Sudah belanja beberapa kali, selalu puas.",5,2024-09-07
rahmanwinarno,Dompet Kulit,"Respon penjual cepat, barang dikirim hari itu juga.",5,2025-06-01
hamzah87,Kaos Oblong,"Warnanya cantik dan tahan lama, puas banget!",4,2024-06-27
qkurniawan,Lipstik Matte,"Respon penjual cepat, barang dikirim hari itu juga.",5,2024-07-03
hfirmansyah,Headset Bluetooth,"Pengiriman cepat, packing rapi. Recommended!",5,2024-07-05
kezia67,Sepatu Sneakers,"Sesuai deskripsi, kualitas oke dan tahan lama.",5,2024-12-21
ozy58,Headset Bluetooth,"Sudah belanja beberapa kali, selalu puas.",5,2024-08-20
trimanullang,Mouse Wireless,"Pengiriman cepat, packing rapi. Recommended!",5,2025-05-09
laksmiwatibakidin,Lipstik Matte,"Sudah belanja beberapa kali, selalu puas.",5,2025-02-05
anggriawanputi,Powerbank 10000mAh,Barang sampai dengan aman dan cepat.,4,2025-05-09
lsantoso,Headset Bluetooth,"Pengiriman cepat, packing rapi. Recommended!",5,2025-02-21
hidayantofathonah,Sandals Pria,"Pengiriman cepat, packing rapi. Recommended!",4,2025-02-03
pangestu86,Jam Tangan Digital,"Produk bagus, bahan adem dan sesuai gambar.",5,2024-10-16
ahabibi,Lipstik Matte,"Respon penjual cepat, barang dikirim hari itu juga.",5,2024-06-14
nsuwarno,Lipstik Matte,"Packing rapi banget, penjual ramah.",5,2025-03-18
dnasyidah,Tas Ransel,"Packing rapi banget, penjual ramah.",5,2024-10-12
tugimanwibisono,Sandals Pria,"Pengiriman cepat, packing rapi. Recommended!",5,2025-03-13
wardaya91,Dompet Kulit,"Pengiriman cepat, packing rapi. Recommended!",5,2024-09-09
igunawan,Dompet Kulit,"Harga terjangkau, kualitas mantap!",5,2024-12-27
pnajmudin,Kaos Oblong,Barang sampai dengan aman dan cepat.,5,2024-11-30
paramita36,Mouse Wireless,"Sudah belanja beberapa kali, selalu puas.",5,2025-01-30
wakiman40,Sandals Pria,"Sesuai deskripsi, kualitas oke dan tahan lama.",5,2025-01-03
cardianto,Lipstik Matte,"Warnanya cantik dan tahan lama, puas banget!",5,2024-07-17
tinayuniar,Keyboard Mechanical,Barang sampai dengan aman dan cepat.,5,2025-01-28
darmajiaryani,Sandals Pria,Barang sampai dengan aman dan cepat.,5,2024-12-03
radenmelani,Tumbler Stainless,"Produk bagus, bahan adem dan sesuai gambar.",5,2024-10-08
melindamustofa,Tumbler Stainless,"Pengiriman cepat, packing rapi. Recommended!",5,2024-10-10
sabarkusmawati,Jam Tangan Digital,"Harga terjangkau, kualitas mantap!",4,2025-04-11
rpranowo,Lipstik Matte,"Sudah belanja beberapa kali, selalu puas.",5,2025-04-18
cinthia41,Mouse Wireless,Produk original dan kualitasnya premium.,5,2025-05-04
elaksmiwati,Lipstik Matte,"Warnanya cantik dan tahan lama, puas banget!",4,2025-02-03
panji74,Dompet Kulit,"Sesuai deskripsi, kualitas oke dan tahan lama.",5,2024-10-29
irsad14,Celana Jeans,"Respon penjual cepat, barang dikirim hari itu juga.",5,2025-04-12
hamzah37,Kemeja Polos,"Packing rapi banget, penjual ramah.",4,2025-04-20
hafshahdamanik,Sepatu Sneakers,"Packing rapi banget, penjual ramah.",5,2025-04-30
iwidodo,Tas Ransel,"Packing rapi banget, penjual ramah.",5,2024-11-12
fjailani,Tas Ransel,Barang sampai dengan aman dan cepat.,4,2024-11-28
pratamavero,Headset Bluetooth,"Warnanya cantik dan tahan lama, puas banget!",5,2024-11-05
murti51,Mouse Wireless,Produk original dan kualitasnya premium.,5,2024-10-06
prayogaasmadi,Mouse Wireless,"Harga terjangkau, kualitas mantap!",5,2025-01-11
cakrabirawa65,Celana Jeans,"Sudah belanja beberapa kali, selalu puas.",4,2024-07-19
gnovitasari,Mouse Wireless,"Packing rapi banget, penjual ramah.",5,2025-01-11
nugrahahidayanto,Kemeja Polos,"Sudah belanja beberapa kali, selalu puas.",4,2024-07-26
latikarajasa,Headset Bluetooth,"Sudah belanja beberapa kali, selalu puas.",5,2025-03-01
zeldaagustina,Sandals Pria,"Warnanya cantik dan tahan lama, puas banget!",5,2025-01-02
laksitagara,Parfum Unisex,Produk original dan kualitasnya premium.,5,2024-08-15
nnatsir,Dompet Kulit,"Sudah belanja beberapa kali, selalu puas.",4,2025-04-20
caraka40,Sepatu Sneakers,"Harga terjangkau, kualitas mantap!",5,2025-04-22
pardi13,Celana Jeans,"Respon penjual cepat, barang dikirim hari itu juga.",4,2024-11-03
jail20,Dompet Kulit,"Sudah belanja beberapa kali, selalu puas.",4,2024-06-28
estiawan52,Celana Jeans,"Harga terjangkau, kualitas mantap!",5,2025-03-02
dariatinuraini,Jam Tangan Digital,"Respon penjual cepat, barang dikirim hari itu juga.",4,2025-02-08
epranowo,Keyboard Mechanical,Barang sampai dengan aman dan cepat.,4,2025-04-20
bakijan63,Sepatu Sneakers,"Respon penjual cepat, barang dikirim hari itu juga.",5,2025-05-13
santosointan,Kaos Oblong,"Packing rapi banget, penjual ramah.",4,2025-06-01
jatmikomustofa,Tas Ransel,"Warnanya cantik dan tahan lama, puas banget!",5,2024-11-09
mandalalanggeng,Kaos Oblong,Barang sampai dengan aman dan cepat.,5,2025-04-05
padmasarilanggeng,Kemeja Polos,"Sesuai deskripsi, kualitas oke dan tahan lama.",4,2024-12-10
aurora33,Tas Ransel,"Sudah belanja beberapa kali, selalu puas.",5,2025-03-15
mangunsongsabrina,Sepatu Sneakers,"Respon penjual cepat, barang dikirim hari itu juga.",5,2024-10-11
hastutigalang,Lipstik Matte,"Pengiriman cepat, packing rapi. Recommended!",4,2025-04-13
nugrohokawaya,Jam Tangan Digital,"Packing rapi banget, penjual ramah.",5,2024-12-07
gada38,Dompet Kulit,"Respon penjual cepat, barang dikirim hari itu juga.",4,2024-10-20
pangestu63,Kaos Oblong,Barang sampai dengan aman dan cepat.,4,2024-08-15
cakrawangsarahimah,Tas Ransel,"Harga terjangkau, kualitas mantap!",5,2025-02-10
kwaluyo,Jaket Hoodie,"Packing rapi banget, penjual ramah.",4,2025-03-20
suryatmikasim,Sepatu Sneakers,Barang sampai dengan aman dan cepat.,4,2025-03-16
maryatiwage,Kaos Oblong,Barang sampai dengan aman dan cepat.,5,2025-04-26
jaisnamaga,Headset Bluetooth,"Respon penjual cepat, barang dikirim hari itu juga.",5,2024-07-31
tlatupono,Sepatu Sneakers,"Pengiriman cepat, packing rapi. Recommended!",5,2024-09-28
gatot00,Headset Bluetooth,"Produk bagus, bahan adem dan sesuai gambar.",5,2025-05-22
baktianto92,Powerbank 10000mAh,"Warnanya cantik dan tahan lama, puas banget!",5,2024-11-24
wastutiagnes,Jam Tangan Digital,"Harga terjangkau, kualitas mantap!",4,2025-06-03
siraitfitria,Tas Ransel,"Warnanya cantik dan tahan lama, puas banget!",4,2024-10-16
zsaputra,Jam Tangan Digital,"Pengiriman cepat, packing rapi. Recommended!",5,2025-05-04
zulaikamustofa,Parfum Unisex,"Respon penjual cepat, barang dikirim hari itu juga.",4,2024-06-20
anggabaya02,Kaos Oblong,"Harga terjangkau, kualitas mantap!",5,2024-06-28
hartowijayanti,Sandals Pria,"Respon penjual cepat, barang dikirim hari itu juga.",4,2024-06-21
trajata,Kaos Oblong,"Produk bagus, bahan adem dan sesuai gambar.",5,2024-06-29
mmelani,Tumbler Stainless,"Sesuai deskripsi, kualitas oke dan tahan lama.",4,2024-08-05
hendridongoran,Jaket Hoodie,"Sesuai deskripsi, kualitas oke dan tahan lama.",4,2025-03-10
zyulianti,Kaos Oblong,"Respon penjual cepat, barang dikirim hari itu juga.",5,2025-01-16
fitriatarihoran,Tumbler Stainless,"Sesuai deskripsi, kualitas oke dan tahan lama.",5,2025-02-08
yuniarbalamantri,Headset Bluetooth,"Produk bagus, bahan adem dan sesuai gambar.",5,2025-04-22
safitriomar,Headset Bluetooth,"Produk bagus, bahan adem dan sesuai gambar.",5,2025-01-02
tugimanjanuar,Jaket Hoodie,"Respon penjual cepat, barang dikirim hari itu juga.",4,2024-08-22
kusumolintang,Jam Tangan Digital,"Sudah belanja beberapa kali, selalu puas.",5,2025-04-17
esaragih,Sandals Pria,"Respon penjual cepat, barang dikirim hari itu juga.",4,2024-06-26
ulatupono,Tumbler Stainless,"Harga terjangkau, kualitas mantap!",5,2025-04-14
dhandayani,Mouse Wireless,"Warnanya cantik dan tahan lama, puas banget!",5,2025-01-05
jindrautami,Kemeja Polos,"Sudah belanja beberapa kali, selalu puas.",4,2024-08-17
banawi69,Mouse Wireless,"Produk bagus, bahan adem dan sesuai gambar.",5,2025-05-21
mhidayat,Sepatu Sneakers,Produk original dan kualitasnya premium.,5,2024-11-11
ewinarno,Jam Tangan Digital,"Pengiriman cepat, packing rapi. Recommended!",5,2025-06-04
sihombingjoko,Keyboard Mechanical,"Packing rapi banget, penjual ramah.",5,2024-08-03
apurnawati,Tumbler Stainless,"Pengiriman cepat, packing rapi. Recommended!",5,2024-07-31
galur80,Keyboard Mechanical,"Sesuai deskripsi, kualitas oke dan tahan lama.",5,2025-05-26
rrahimah,Powerbank 10000mAh,"Packing rapi banget, penjual ramah.",4,2024-10-14
nugrohoprabawa,Dompet Kulit,"Harga terjangkau, kualitas mantap!",4,2024-10-25
saefullahyono,Celana Jeans,Produk original dan kualitasnya premium.,4,2024-10-06
tomi28,Kaos Oblong,"Pengiriman cepat, packing rapi. Recommended!",5,2024-11-06
inaagustina,Sandals Pria,"Sudah belanja beberapa kali, selalu puas.",5,2024-08-24
reksa06,Sepatu Sneakers,"Sesuai deskripsi, kualitas oke dan tahan lama.",4,2024-07-21
napitupuluelvin,Tas Ransel,"Warnanya cantik dan tahan lama, puas banget!",5,2025-03-01
sihombingkamidin,Kemeja Polos,Produk original dan kualitasnya premium.,5,2024-08-30
dsusanti,Celana Jeans,"Packing rapi banget, penjual ramah.",5,2024-12-21
uuwais,Sepatu Sneakers,"Produk bagus, bahan adem dan sesuai gambar.",5,2024-10-19
martani82,Dompet Kulit,Barang sampai dengan aman dan cepat.,4,2024-09-12
jailanijaeman,Kaos Oblong,"Pengiriman cepat, packing rapi. Recommended!",4,2024-07-27
dhasanah,Dompet Kulit,Produk original dan kualitasnya premium.,5,2025-05-02
bmarpaung,Dompet Kulit,"Packing rapi banget, penjual ramah.",5,2024-12-31
maryatiilyas,Jam Tangan Digital,"Harga terjangkau, kualitas mantap!",5,2024-12-24
idamaryati,Keyboard Mechanical,"Packing rapi banget, penjual ramah.",5,2024-09-02
lazuardiyunita,Tas Ransel,"Produk bagus, bahan adem dan sesuai gambar.",5,2024-11-27
eli85,Sepatu Sneakers,"Sudah belanja beberapa kali, selalu puas.",5,2024-12-05
zalindra06,Lipstik Matte,"Pengiriman cepat, packing rapi. Recommended!",4,2024-07-13
devimansur,Parfum Unisex,"Respon penjual cepat, barang dikirim hari itu juga.",5,2025-03-18
harjayariyanti,Parfum Unisex,Produk original dan kualitasnya premium.,5,2024-10-27
jamilsitorus,Kaos Oblong,Barang sampai dengan aman dan cepat.,5,2024-09-05
riyantiajiman,Tumbler Stainless,Produk original dan kualitasnya premium.,5,2025-04-09
ulva23,Dompet Kulit,"Packing rapi banget, penjual ramah.",4,2024-08-28
harjo61,Sepatu Sneakers,"Sesuai deskripsi, kualitas oke dan tahan lama.",5,2025-02-21
harto29,Sandals Pria,"Produk bagus, bahan adem dan sesuai gambar.",5,2025-03-31
ipranowo,Dompet Kulit,"Warnanya cantik dan tahan lama, puas banget!",5,2024-12-17
padmi80,Powerbank 10000mAh,Barang sampai dengan aman dan cepat.,5,2024-07-20
fwasita,Jaket Hoodie,"Respon penjual cepat, barang dikirim hari itu juga.",5,2025-01-16
fsuryono,Kemeja Polos,"Warnanya cantik dan tahan lama, puas banget!",5,2025-03-05
siregarhartaka,Jaket Hoodie,"Pengiriman cepat, packing rapi. Recommended!",5,2024-07-25
mhidayanto,Sandals Pria,Barang sampai dengan aman dan cepat.,4,2025-03-16
irmayolanda,Parfum Unisex,"Sudah belanja beberapa kali, selalu puas.",4,2025-01-03
dalionodabukke,Celana Jeans,Barang sampai dengan aman dan cepat.,5,2024-07-29
darmaji94,Celana Jeans,"Packing rapi banget, penjual ramah.",4,2024-12-30
winarsihlanggeng,Tas Ransel,Produk original dan kualitasnya premium.,4,2024-11-12
dalimansiregar,Headset Bluetooth,"Harga terjangkau, kualitas mantap!",5,2024-09-21
tnajmudin,Tas Ransel,"Warnanya cantik dan tahan lama, puas banget!",5,2024-11-13
prasetyapudjiastuti,Celana Jeans,"Respon penjual cepat, barang dikirim hari itu juga.",5,2025-05-30
rachellatupono,Jam Tangan Digital,"Harga terjangkau, kualitas mantap!",4,2025-05-02
xyuliarti,Jam Tangan Digital,"Sesuai deskripsi, kualitas oke dan tahan lama.",4,2024-10-20
kardi00,Headset Bluetooth,"Produk bagus, bahan adem dan sesuai gambar.",5,2024-12-19
jokoprasetya,Jaket Hoodie,Barang sampai dengan aman dan cepat.,4,2024-10-16
kprakasa,Parfum Unisex,Produk original dan kualitasnya premium.,5,2024-08-17
harto17,Tas Ransel,Produk original dan kualitasnya premium.,4,2025-06-06
wardiwahyuni,Jaket Hoodie,Barang sampai dengan aman dan cepat.,5,2024-07-11
winarnobalapati,Lipstik Matte,"Respon penjual cepat, barang dikirim hari itu juga.",5,2025-02-24
gunartoumay,Sandals Pria,"Warnanya cantik dan tahan lama, puas banget!",5,2024-09-01
halima19,Sepatu Sneakers,"Respon penjual cepat, barang dikirim hari itu juga.",4,2024-12-19
msudiati,Jam Tangan Digital,"Warnanya cantik dan tahan lama, puas banget!",5,2025-04-30
sfirmansyah,Headset Bluetooth,"Harga terjangkau, kualitas mantap!",5,2024-07-17
cakrawangsawaluyo,Tumbler Stainless,Produk original dan kualitasnya premium.,5,2025-02-21
yahyasihombing,Mouse Wireless,"Pengiriman cepat, packing rapi. Recommended!",4,2024-11-09
vegariyanti,Sepatu Sneakers,"Respon penjual cepat, barang dikirim hari itu juga.",5,2025-03-26
daniswarayuniar,Dompet Kulit,"Packing rapi banget, penjual ramah.",4,2024-09-26
talia57,Tas Ransel,"Produk bagus, bahan adem dan sesuai gambar.",5,2024-09-25
heryantonatsir,Tumbler Stainless,"Sesuai deskripsi, kualitas oke dan tahan lama.",5,2024-11-02
llailasari,Sandals Pria,"Pengiriman cepat, packing rapi. Recommended!",4,2025-05-19
pancawijayanti,Mouse Wireless,"Produk bagus, bahan adem dan sesuai gambar.",4,2025-01-10
bhartati,Parfum Unisex,"Sesuai deskripsi, kualitas oke dan tahan lama.",5,2025-02-24
farhunnisamardhiyah,Mouse Wireless,"Pengiriman cepat, packing rapi. Recommended!",5,2024-10-05
malika26,Jam Tangan Digital,"Sesuai deskripsi, kualitas oke dan tahan lama.",5,2024-09-22
siti83,Headset Bluetooth,Produk original dan kualitasnya premium.,5,2024-09-17
prasetyawulandari,Mouse Wireless,"Pengiriman cepat, packing rapi. Recommended!",5,2025-05-20
banawa85,Parfum Unisex,"Pengiriman cepat, packing rapi. Recommended!",5,2024-11-01
tusamah,Tas Ransel,"Packing rapi banget, penjual ramah.",5,2024-11-06
wira43,Powerbank 10000mAh,"Respon penjual cepat, barang dikirim hari itu juga.",5,2025-03-08
kuncara61,Sepatu Sneakers,"Respon penjual cepat, barang dikirim hari itu juga.",4,2024-08-05
kusumapratama,Parfum Unisex,Produk original dan kualitasnya premium.,4,2024-09-05
garanrajasa,Dompet Kulit,"Respon penjual cepat, barang dikirim hari itu juga.",4,2025-06-01
apratiwi,Jaket Hoodie,"Sesuai deskripsi, kualitas oke dan tahan lama.",4,2024-09-01
khariyah,Mouse Wireless,"Harga terjangkau, kualitas mantap!",5,2024-09-29
raditya57,Tumbler Stainless,"Pengiriman cepat, packing rapi. Recommended!",5,2024-11-27
siregarcahya,Sepatu Sneakers,"Packing rapi banget, penjual ramah.",5,2025-03-08
jagapati85,Jam Tangan Digital,"Warnanya cantik dan tahan lama, puas banget!",5,2024-10-10
inurdiyanti,Lipstik Matte,"Sesuai deskripsi, kualitas oke dan tahan lama.",4,2024-12-23
yuliantisoleh,Celana Jeans,"Packing rapi banget, penjual ramah.",5,2025-04-15
wijayantirizki,Sepatu Sneakers,"Pengiriman cepat, packing rapi. Recommended!",5,2025-05-15
nurdiyantiharjaya,Sandals Pria,"Produk bagus, bahan adem dan sesuai gambar.",5,2025-01-18
cawisadimaulana,Jaket Hoodie,Barang sampai dengan aman dan cepat.,5,2025-03-27
upalastri,Keyboard Mechanical,"Harga terjangkau, kualitas mantap!",4,2024-12-18
ipangestu,Keyboard Mechanical,"Respon penjual cepat, barang dikirim hari itu juga.",5,2024-10-17
lprastuti,Celana Jeans,"Warnanya cantik dan tahan lama, puas banget!",4,2024-09-20
pudjiastutiega,Kaos Oblong,"Sudah belanja beberapa kali, selalu puas.",5,2024-11-24
darsirahwinarsih,Kaos Oblong,Produk original dan kualitasnya premium.,5,2025-01-31
ghaliyatijailani,Jaket Hoodie,Produk original dan kualitasnya premium.,5,2025-04-26
marpaungjindra,Kaos Oblong,"Packing rapi banget, penjual ramah.",4,2024-07-02
niyaga80,Kemeja Polos,Produk original dan kualitasnya premium.,5,2024-08-30
jaiman91,Sandals Pria,"Packing rapi banget, penjual ramah.",5,2024-11-29
xsitumorang,Kaos Oblong,Produk original dan kualitasnya premium.,5,2025-05-22
haryantikambali,Kaos Oblong,"Packing rapi banget, penjual ramah.",5,2025-03-07
hastutinarji,Sepatu Sneakers,"Packing rapi banget, penjual ramah.",5,2024-11-26
arsipatrasitumorang,Mouse Wireless,"Packing rapi banget, penjual ramah.",5,2024-09-03